order_id,order_date,shift,channel,item_count,cancelled,issue_code,accept_min,prep_min,handover_min,wait_minutes,within_target
ORD-00001,2026-09-07,breakfast,counter,4,0,,0.63,6.31,2.18,9.12,1
ORD-00002,2026-09-07,breakfast,app,4,0,,0.52,13.49,1.76,15.77,0
ORD-00003,2026-09-07,breakfast,counter,2,0,,0.73,11.73,1.98,14.44,0
ORD-00004,2026-09-07,breakfast,app,3,0,,0.71,9.38,0.91,11.0,1
ORD-00005,2026-09-07,breakfast,counter,2,0,,1.26,10.91,2.43,14.6,0
ORD-00006,2026-09-07,breakfast,counter,2,0,,1.7,9.16,2.23,13.08,0
ORD-00007,2026-09-07,breakfast,app,3,0,,0.87,9.12,0.3,10.29,1
ORD-00008,2026-09-07,breakfast,app,3,0,,0.97,5.49,1.09,7.55,1
ORD-00009,2026-09-07,breakfast,counter,2,0,,1.78,13.35,3.29,18.42,0
ORD-00010,2026-09-07,breakfast,counter,1,0,,1.27,10.09,2.35,13.71,0
ORD-00011,2026-09-07,breakfast,counter,3,0,,0.69,10.9,1.97,13.56,0
ORD-00012,2026-09-07,breakfast,app,1,0,,1.17,6.82,2.43,10.42,1
ORD-00013,2026-09-07,breakfast,app,3,0,,1.63,9.24,1.44,12.32,0
ORD-00014,2026-09-07,breakfast,counter,4,0,,1.74,8.78,4.21,14.73,0
ORD-00015,2026-09-07,breakfast,counter,4,0,,1.09,7.25,1.92,10.25,1
ORD-00016,2026-09-07,breakfast,app,3,0,,0.27,4.89,1.32,6.48,1
ORD-00017,2026-09-07,breakfast,app,1,0,,0.47,8.02,1.1,9.59,1
ORD-00018,2026-09-07,breakfast,counter,4,0,,0.54,9.15,1.2,10.9,1
ORD-00019,2026-09-07,breakfast,counter,2,0,,1.58,12.51,2.96,17.05,0
ORD-00020,2026-09-07,breakfast,counter,4,0,,0.48,9.78,1.63,11.89,1
ORD-00021,2026-09-07,breakfast,counter,4,0,,1.52,12.31,4.15,17.98,0
ORD-00022,2026-09-07,breakfast,app,3,0,,0.84,8.91,1.34,11.09,1
ORD-00023,2026-09-07,breakfast,counter,4,0,kitchen_rework,0.3,21.44,1.11,22.84,0
ORD-00024,2026-09-07,breakfast,app,1,0,,0.99,6.22,1.03,8.25,1
ORD-00025,2026-09-07,breakfast,app,3,0,,1.51,11.84,2.49,15.84,0
ORD-00026,2026-09-07,breakfast,counter,4,0,,1.39,2.3,0.89,4.58,1
ORD-00027,2026-09-07,breakfast,counter,1,0,,1.51,8.07,2.38,11.97,1
ORD-00028,2026-09-07,breakfast,app,4,0,stockout,1.06,8.34,1.58,10.98,1
ORD-00029,2026-09-07,breakfast,app,1,0,,1.47,10.09,1.23,12.8,0
ORD-00030,2026-09-07,breakfast,app,1,0,,0.89,12.99,1.9,15.78,0
ORD-00031,2026-09-07,breakfast,app,3,0,,1.18,6.62,0.81,8.6,1
ORD-00032,2026-09-07,breakfast,counter,4,0,,1.42,9.11,2.1,12.63,0
ORD-00033,2026-09-07,breakfast,counter,3,0,,1.35,6.87,2.21,10.44,1
ORD-00034,2026-09-07,breakfast,app,2,0,,0.76,4.84,1.87,7.47,1
ORD-00035,2026-09-07,breakfast,app,2,0,,1.51,8.89,2.67,13.06,0
ORD-00036,2026-09-07,breakfast,counter,2,0,,1.8,7.2,2.59,11.59,1
ORD-00037,2026-09-07,breakfast,counter,1,0,,1.61,10.68,2.52,14.82,0
ORD-00038,2026-09-07,breakfast,app,2,0,,1.13,7.25,1.49,9.87,1
ORD-00039,2026-09-07,breakfast,counter,1,1,,1.79,11.16,,,
ORD-00040,2026-09-07,breakfast,counter,3,0,,1.46,9.29,2.66,13.42,0
ORD-00041,2026-09-07,breakfast,app,2,0,,1.2,11.57,1.74,14.51,0
ORD-00042,2026-09-07,breakfast,app,2,0,,0.46,14.79,0.53,15.78,0
ORD-00043,2026-09-07,breakfast,counter,1,0,,0.42,9.74,0.3,10.46,1
ORD-00044,2026-09-07,breakfast,counter,3,0,,1.2,5.03,0.3,6.54,1
ORD-00045,2026-09-07,breakfast,app,2,0,,1.02,10.99,1.12,13.14,0
ORD-00046,2026-09-07,breakfast,counter,1,0,kitchen_rework,0.58,15.01,2.71,18.29,0
ORD-00047,2026-09-07,breakfast,app,2,1,,0.74,9.04,,,
ORD-00048,2026-09-07,breakfast,counter,4,0,,1.99,6.29,1.25,9.52,1
ORD-00049,2026-09-07,breakfast,app,2,1,,1.78,14.6,,,
ORD-00050,2026-09-07,breakfast,app,4,0,,1.06,13.85,2.88,17.79,0
ORD-00051,2026-09-07,breakfast,counter,2,0,,0.72,15.37,2.03,18.12,0
ORD-00052,2026-09-07,breakfast,app,1,0,,0.94,8.96,1.83,11.73,1
ORD-00053,2026-09-07,breakfast,app,1,0,,0.93,8.55,1.69,11.18,1
ORD-00054,2026-09-07,breakfast,counter,1,0,,0.74,6.52,2.09,9.35,1
ORD-00055,2026-09-07,breakfast,counter,2,0,,0.79,5.19,1.41,7.4,1
ORD-00056,2026-09-07,breakfast,app,2,0,,0.75,5.97,1.77,8.49,1
ORD-00057,2026-09-07,breakfast,counter,3,0,,1.63,8.07,3.02,12.72,0
ORD-00058,2026-09-07,breakfast,app,4,0,,1.72,10.16,2.52,14.41,0
ORD-00059,2026-09-07,breakfast,app,3,0,,1.14,12.44,1.64,15.22,0
ORD-00060,2026-09-07,breakfast,counter,2,0,,1.51,14.19,2.59,18.29,0
ORD-00061,2026-09-07,breakfast,app,2,0,,0.8,6.29,1.35,8.44,1
ORD-00062,2026-09-07,breakfast,app,1,0,,0.26,7.72,2.31,10.29,1
ORD-00063,2026-09-07,breakfast,app,4,0,,2.19,11.15,3.71,17.05,0
ORD-00064,2026-09-07,breakfast,counter,3,0,,0.77,7.88,0.81,9.46,1
ORD-00065,2026-09-07,breakfast,counter,4,0,,2.05,9.35,1.02,12.41,0
ORD-00066,2026-09-07,breakfast,counter,4,0,,0.73,10.05,1.85,12.64,0
ORD-00067,2026-09-07,breakfast,counter,3,0,,1.55,11.27,2.06,14.87,0
ORD-00068,2026-09-07,breakfast,counter,1,0,kitchen_rework,0.42,20.36,0.67,21.45,0
ORD-00069,2026-09-07,breakfast,counter,4,0,stockout,1.16,6.11,2.78,10.05,1
ORD-00070,2026-09-07,breakfast,app,1,0,,0.51,6.54,0.93,7.98,1
ORD-00071,2026-09-07,breakfast,counter,4,0,,0.4,7.65,2.7,10.74,1
ORD-00072,2026-09-07,breakfast,counter,1,0,,1.13,7.93,0.3,9.36,1
ORD-00073,2026-09-07,breakfast,app,2,0,,2.45,3.8,2.07,8.32,1
ORD-00074,2026-09-07,breakfast,counter,1,0,,1.53,4.86,1.68,8.06,1
ORD-00075,2026-09-07,breakfast,counter,3,0,,1.75,13.44,0.95,16.14,0
ORD-00076,2026-09-07,breakfast,counter,3,0,,0.96,16.62,3.01,20.6,0
ORD-00077,2026-09-07,breakfast,app,2,0,,0.41,11.74,1.39,13.54,0
ORD-00078,2026-09-07,breakfast,app,1,0,,0.81,4.6,1.39,6.8,1
ORD-00079,2026-09-07,breakfast,app,1,0,,0.38,5.98,1.96,8.31,1
ORD-00080,2026-09-07,breakfast,counter,1,0,,0.89,11.08,0.83,12.8,0
ORD-00081,2026-09-07,breakfast,app,1,0,,1.51,14.04,2.47,18.02,0
ORD-00082,2026-09-07,breakfast,counter,1,0,stockout,1.37,11.02,0.37,12.75,0
ORD-00083,2026-09-07,breakfast,app,3,0,,0.45,11.6,1.84,13.9,0
ORD-00084,2026-09-07,breakfast,app,4,0,,0.55,3.93,3.72,8.19,1
ORD-00085,2026-09-07,breakfast,app,1,0,kitchen_rework,0.83,22.95,2.22,26.0,0
ORD-00086,2026-09-07,lunch,counter,3,0,payment,0.5,4.74,0.83,6.06,1
ORD-00087,2026-09-07,lunch,counter,2,0,,0.71,9.88,1.92,12.51,0
ORD-00088,2026-09-07,lunch,app,2,0,,2.04,8.8,3.41,14.25,0
ORD-00089,2026-09-07,lunch,app,1,0,,1.37,11.44,1.42,14.23,0
ORD-00090,2026-09-07,lunch,counter,4,0,,0.46,7.47,1.03,8.96,1
ORD-00091,2026-09-07,lunch,app,3,0,kitchen_rework,0.65,13.65,0.3,14.6,0
ORD-00092,2026-09-07,lunch,counter,3,0,,1.37,11.95,2.54,15.86,0
ORD-00093,2026-09-07,lunch,counter,1,0,,1.12,6.88,1.67,9.67,1
ORD-00094,2026-09-07,lunch,app,4,0,,1.52,7.83,1.67,11.03,1
ORD-00095,2026-09-07,lunch,app,4,0,,0.88,4.76,0.88,6.51,1
ORD-00096,2026-09-07,lunch,app,4,0,stockout,1.57,12.78,1.53,15.87,0
ORD-00097,2026-09-07,lunch,counter,1,0,,1.23,9.19,2.67,13.1,0
ORD-00098,2026-09-07,lunch,counter,3,0,,0.8,2.38,2.98,6.15,1
ORD-00099,2026-09-07,lunch,app,4,0,,1.07,4.46,3.05,8.57,1
ORD-00100,2026-09-07,lunch,counter,3,0,,0.93,2.02,0.54,3.5,1
ORD-00101,2026-09-07,lunch,counter,3,0,,0.53,7.47,1.76,9.77,1
ORD-00102,2026-09-07,lunch,counter,1,0,,0.89,9.65,0.52,11.05,1
ORD-00103,2026-09-07,lunch,app,3,0,,1.03,7.02,1.1,9.15,1
ORD-00104,2026-09-07,lunch,counter,2,0,,0.86,9.83,3.59,14.28,0
ORD-00105,2026-09-07,lunch,counter,4,0,stockout,0.6,3.83,1.29,5.72,1
ORD-00106,2026-09-07,lunch,app,1,0,,0.34,3.37,0.3,4.01,1
ORD-00107,2026-09-07,lunch,app,4,0,,1.95,8.72,2.33,13.0,0
ORD-00108,2026-09-07,lunch,app,2,0,,1.1,9.27,2.13,12.5,0
ORD-00109,2026-09-07,lunch,counter,3,0,,0.41,5.95,1.21,7.58,1
ORD-00110,2026-09-07,lunch,app,1,0,,0.98,8.65,1.85,11.48,1
ORD-00111,2026-09-07,lunch,app,3,0,,1.08,11.76,3.16,15.99,0
ORD-00112,2026-09-07,lunch,app,1,0,,1.58,6.87,0.3,8.75,1
ORD-00113,2026-09-07,lunch,counter,1,0,,1.73,11.58,2.6,15.91,0
ORD-00114,2026-09-07,lunch,app,2,0,,1.61,10.95,3.47,16.03,0
ORD-00115,2026-09-07,lunch,app,3,0,,0.72,4.34,1.79,6.86,1
ORD-00116,2026-09-07,lunch,app,3,0,,0.2,9.94,2.52,12.66,0
ORD-00117,2026-09-07,lunch,app,3,0,,1.14,7.02,1.18,9.34,1
ORD-00118,2026-09-07,lunch,counter,1,0,,1.36,8.67,3.55,13.57,0
ORD-00119,2026-09-07,lunch,app,2,0,,1.29,5.66,2.11,9.07,1
ORD-00120,2026-09-07,lunch,app,2,0,,1.66,6.53,2.1,10.29,1
ORD-00121,2026-09-07,lunch,counter,2,0,,1.47,2.29,1.01,4.77,1
ORD-00122,2026-09-07,lunch,app,2,0,,1.28,12.97,2.37,16.62,0
ORD-00123,2026-09-07,lunch,counter,4,0,,0.31,12.05,2.54,14.9,0
ORD-00124,2026-09-07,lunch,counter,2,0,,0.7,5.37,1.42,7.49,1
ORD-00125,2026-09-07,lunch,app,4,0,,1.25,10.66,1.68,13.59,0
ORD-00126,2026-09-07,lunch,counter,3,0,,0.78,8.26,1.74,10.79,1
ORD-00127,2026-09-07,lunch,counter,2,0,,0.94,6.71,0.76,8.41,1
ORD-00128,2026-09-07,lunch,counter,4,0,,1.38,9.41,0.68,11.47,1
ORD-00129,2026-09-07,lunch,counter,1,0,,0.62,8.59,2.05,11.27,1
ORD-00130,2026-09-07,lunch,counter,3,0,,0.95,9.06,1.97,11.97,1
ORD-00131,2026-09-07,lunch,counter,2,0,,1.66,9.49,1.25,12.4,0
ORD-00132,2026-09-07,lunch,app,1,0,,1.5,6.16,1.22,8.88,1
ORD-00133,2026-09-07,lunch,counter,4,0,,1.02,11.1,2.35,14.48,0
ORD-00134,2026-09-07,lunch,app,4,0,,0.82,10.45,1.35,12.61,0
ORD-00135,2026-09-07,lunch,counter,3,0,,0.23,6.4,1.64,8.27,1
ORD-00136,2026-09-07,lunch,app,4,0,,1.82,10.95,1.88,14.65,0
ORD-00137,2026-09-07,lunch,counter,2,0,,0.83,13.74,3.08,17.65,0
ORD-00138,2026-09-07,lunch,app,2,0,,1.77,7.75,1.8,11.32,1
ORD-00139,2026-09-07,lunch,counter,2,0,,2.09,9.86,0.3,12.25,0
ORD-00140,2026-09-07,lunch,app,1,0,,1.75,7.69,1.56,11.0,1
ORD-00141,2026-09-07,lunch,counter,4,0,,1.16,3.03,0.51,4.7,1
ORD-00142,2026-09-07,lunch,counter,1,0,,1.5,9.52,2.33,13.35,0
ORD-00143,2026-09-07,lunch,counter,3,0,,1.21,10.34,2.18,13.73,0
ORD-00144,2026-09-07,lunch,counter,2,0,,0.97,5.74,3.22,9.93,1
ORD-00145,2026-09-07,lunch,app,2,0,,0.56,6.33,0.93,7.82,1
ORD-00146,2026-09-07,lunch,counter,1,0,,1.83,10.66,2.25,14.75,0
ORD-00147,2026-09-07,lunch,counter,1,0,stockout,1.63,10.33,1.89,13.85,0
ORD-00148,2026-09-07,lunch,counter,3,0,,1.06,12.53,0.3,13.89,0
ORD-00149,2026-09-07,lunch,counter,1,0,stockout,1.25,5.75,1.19,8.19,1
ORD-00150,2026-09-07,lunch,app,3,0,,1.51,9.12,2.95,13.59,0
ORD-00151,2026-09-07,lunch,counter,1,0,,0.27,7.76,0.3,8.33,1
ORD-00152,2026-09-07,lunch,counter,3,0,,1.92,12.11,2.02,16.05,0
ORD-00153,2026-09-07,lunch,app,1,0,,0.2,9.11,2.23,11.54,1
ORD-00154,2026-09-07,lunch,app,2,0,,1.04,6.75,1.16,8.95,1
ORD-00155,2026-09-07,lunch,counter,1,0,,0.55,9.41,2.17,12.13,0
ORD-00156,2026-09-07,lunch,counter,3,0,,0.2,5.72,1.32,7.24,1
ORD-00157,2026-09-07,lunch,app,4,0,,0.2,5.32,2.3,7.82,1
ORD-00158,2026-09-07,lunch,app,1,0,,0.58,4.18,1.04,5.8,1
ORD-00159,2026-09-07,lunch,app,4,0,,0.88,9.88,0.93,11.68,1
ORD-00160,2026-09-07,lunch,app,1,0,,1.43,8.13,2.17,11.73,1
ORD-00161,2026-09-07,lunch,app,1,0,,1.29,3.73,0.32,5.35,1
ORD-00162,2026-09-07,lunch,counter,1,0,,0.99,5.18,1.11,7.27,1
ORD-00163,2026-09-07,lunch,counter,1,0,payment,0.82,6.73,0.3,7.84,1
ORD-00164,2026-09-07,lunch,counter,3,0,,0.32,5.86,1.84,8.02,1
ORD-00165,2026-09-07,lunch,counter,3,0,,1.55,10.77,2.17,14.49,0
ORD-00166,2026-09-07,lunch,app,3,0,,0.5,7.23,1.15,8.89,1
ORD-00167,2026-09-07,lunch,app,1,0,,0.81,8.44,1.91,11.16,1
ORD-00168,2026-09-07,lunch,counter,4,0,,1.38,4.67,0.5,6.54,1
ORD-00169,2026-09-07,lunch,app,2,0,,0.76,10.45,1.21,12.42,0
ORD-00170,2026-09-07,lunch,counter,4,0,,1.5,9.43,3.09,14.02,0
ORD-00171,2026-09-07,lunch,app,3,0,,1.08,4.15,0.8,6.03,1
ORD-00172,2026-09-07,lunch,counter,4,0,,1.15,9.45,2.3,12.89,0
ORD-00173,2026-09-07,lunch,app,2,0,,0.2,8.23,0.78,9.21,1
ORD-00174,2026-09-07,lunch,app,1,0,,0.79,8.76,0.84,10.4,1
ORD-00175,2026-09-07,lunch,app,3,0,,0.87,7.1,1.95,9.92,1
ORD-00176,2026-09-07,lunch,app,2,0,kitchen_rework,0.61,18.48,2.39,21.48,0
ORD-00177,2026-09-07,lunch,app,2,0,,1.0,7.6,1.89,10.48,1
ORD-00178,2026-09-07,lunch,counter,2,0,,1.38,13.16,1.48,16.02,0
ORD-00179,2026-09-07,lunch,app,1,0,,0.78,6.18,1.52,8.48,1
ORD-00180,2026-09-07,lunch,app,1,0,,0.57,12.02,0.8,13.4,0
ORD-00181,2026-09-07,lunch,counter,3,0,kitchen_rework,0.67,14.85,1.17,16.69,0
ORD-00182,2026-09-07,lunch,counter,1,0,,1.35,10.7,2.75,14.79,0
ORD-00183,2026-09-07,lunch,counter,4,1,payment,1.4,8.97,,,
ORD-00184,2026-09-07,lunch,counter,1,0,,1.32,5.1,0.3,6.72,1
ORD-00185,2026-09-07,lunch,app,1,0,,1.57,9.13,1.01,11.71,1
ORD-00186,2026-09-07,lunch,app,1,0,,0.44,2.73,0.3,3.46,1
ORD-00187,2026-09-07,lunch,counter,4,0,,0.91,3.17,0.8,4.89,1
ORD-00188,2026-09-07,lunch,counter,4,0,,0.83,6.07,1.5,8.4,1
ORD-00189,2026-09-07,lunch,app,2,0,,1.45,11.53,1.62,14.6,0
ORD-00190,2026-09-07,lunch,app,4,0,,0.64,4.49,0.56,5.69,1
ORD-00191,2026-09-07,lunch,app,2,0,,0.68,9.22,3.29,13.19,0
ORD-00192,2026-09-07,lunch,counter,4,0,,1.04,8.19,0.66,9.89,1
ORD-00193,2026-09-07,lunch,app,2,0,,1.73,6.58,2.48,10.79,1
ORD-00194,2026-09-07,lunch,app,2,0,,0.38,9.41,1.53,11.31,1
ORD-00195,2026-09-07,lunch,app,2,0,,0.7,9.02,0.76,10.48,1
ORD-00196,2026-09-07,lunch,counter,4,0,,0.96,7.56,2.45,10.96,1
ORD-00197,2026-09-07,lunch,app,3,0,,1.54,5.06,1.77,8.38,1
ORD-00198,2026-09-07,lunch,counter,1,0,,1.17,9.6,2.77,13.53,0
ORD-00199,2026-09-07,lunch,counter,4,0,kitchen_rework,0.61,19.56,1.56,21.73,0
ORD-00200,2026-09-07,lunch,app,4,0,,1.77,12.27,2.16,16.2,0
ORD-00201,2026-09-07,lunch,counter,2,0,,0.93,9.74,3.51,14.18,0
ORD-00202,2026-09-07,lunch,app,3,0,,0.29,7.44,0.38,8.11,1
ORD-00203,2026-09-07,lunch,app,2,0,,1.05,8.19,2.39,11.62,1
ORD-00204,2026-09-07,lunch,app,2,0,,0.44,3.92,1.11,5.48,1
ORD-00205,2026-09-07,lunch,app,4,0,,0.76,8.29,2.12,11.17,1
ORD-00206,2026-09-07,lunch,app,2,0,kitchen_rework,0.58,8.81,0.82,10.2,1
ORD-00207,2026-09-07,lunch,counter,2,0,,0.81,5.71,0.3,6.82,1
ORD-00208,2026-09-07,lunch,app,3,0,,1.88,9.08,2.92,13.89,0
ORD-00209,2026-09-07,lunch,app,1,0,stockout,1.39,13.52,1.42,16.33,0
ORD-00210,2026-09-07,lunch,app,3,0,,0.49,4.29,0.3,5.08,1
ORD-00211,2026-09-07,dinner,counter,2,0,,0.5,5.46,1.9,7.85,1
ORD-00212,2026-09-07,dinner,counter,2,0,payment,0.71,13.21,1.96,15.88,0
ORD-00213,2026-09-07,dinner,counter,3,0,,0.55,8.77,3.68,13.01,0
ORD-00214,2026-09-07,dinner,counter,2,0,,0.6,5.19,2.04,7.83,1
ORD-00215,2026-09-07,dinner,app,1,0,,0.95,4.67,2.41,8.03,1
ORD-00216,2026-09-07,dinner,app,1,0,,1.11,13.22,0.77,15.11,0
ORD-00217,2026-09-07,dinner,counter,1,0,,1.09,8.52,2.36,11.98,1
ORD-00218,2026-09-07,dinner,counter,2,0,,1.16,10.15,0.42,11.73,1
ORD-00219,2026-09-07,dinner,counter,4,0,,0.57,16.17,2.73,19.48,0
ORD-00220,2026-09-07,dinner,app,3,0,,1.3,10.06,1.9,13.26,0
ORD-00221,2026-09-07,dinner,counter,1,0,,2.05,10.84,3.04,15.93,0
ORD-00222,2026-09-07,dinner,app,3,0,,0.96,13.8,0.88,15.64,0
ORD-00223,2026-09-07,dinner,app,2,0,,1.15,2.21,1.87,5.24,1
ORD-00224,2026-09-07,dinner,app,1,0,,1.37,11.45,1.05,13.88,0
ORD-00225,2026-09-07,dinner,counter,4,0,,1.43,10.07,0.3,11.8,1
ORD-00226,2026-09-07,dinner,counter,2,0,,1.61,9.74,2.09,13.44,0
ORD-00227,2026-09-07,dinner,counter,1,0,,0.22,7.64,2.06,9.92,1
ORD-00228,2026-09-07,dinner,counter,2,0,kitchen_rework,1.23,20.33,1.41,22.96,0
ORD-00229,2026-09-07,dinner,counter,4,0,,0.91,6.04,0.84,7.79,1
ORD-00230,2026-09-07,dinner,counter,4,0,,1.52,14.04,3.3,18.86,0
ORD-00231,2026-09-07,dinner,app,4,0,,0.87,9.9,1.7,12.47,0
ORD-00232,2026-09-07,dinner,counter,3,0,,0.54,8.71,2.53,11.78,1
ORD-00233,2026-09-07,dinner,app,1,0,,1.86,8.83,1.62,12.31,0
ORD-00234,2026-09-07,dinner,counter,4,0,,1.48,15.76,2.53,19.77,0
ORD-00235,2026-09-07,dinner,app,2,0,,0.44,2.0,1.32,3.76,1
ORD-00236,2026-09-07,dinner,counter,3,0,payment,1.29,12.43,4.48,18.21,0
ORD-00237,2026-09-07,dinner,app,4,0,kitchen_rework,0.64,22.99,0.48,24.11,0
ORD-00238,2026-09-07,dinner,app,1,0,,0.37,7.23,0.3,7.9,1
ORD-00239,2026-09-07,dinner,app,2,0,,0.73,8.44,1.59,10.76,1
ORD-00240,2026-09-07,dinner,app,2,0,kitchen_rework,1.2,13.87,1.57,16.64,0
ORD-00241,2026-09-07,dinner,app,4,0,,0.93,4.2,0.3,5.43,1
ORD-00242,2026-09-07,dinner,app,3,0,,1.09,12.67,1.69,15.45,0
ORD-00243,2026-09-07,dinner,counter,4,0,,1.14,6.46,1.19,8.8,1
ORD-00244,2026-09-07,dinner,counter,3,1,,1.47,9.55,,,
ORD-00245,2026-09-07,dinner,counter,2,1,,0.53,8.06,,,
ORD-00246,2026-09-07,dinner,app,3,0,,1.49,7.98,1.76,11.23,1
ORD-00247,2026-09-07,dinner,counter,2,0,,0.2,8.13,1.12,9.45,1
ORD-00248,2026-09-07,dinner,counter,1,0,,1.17,10.07,2.08,13.32,0
ORD-00249,2026-09-07,dinner,app,3,0,,1.47,3.57,1.64,6.69,1
ORD-00250,2026-09-07,dinner,counter,2,0,,1.12,8.07,1.37,10.56,1
ORD-00251,2026-09-07,dinner,counter,3,0,,0.63,2.0,0.68,3.31,1
ORD-00252,2026-09-07,dinner,counter,4,0,,1.66,12.63,2.14,16.43,0
ORD-00253,2026-09-07,dinner,counter,4,0,,0.6,5.01,2.7,8.31,1
ORD-00254,2026-09-07,dinner,counter,4,0,,1.41,13.66,0.76,15.82,0
ORD-00255,2026-09-07,dinner,app,1,0,,0.41,6.37,1.22,8.01,1
ORD-00256,2026-09-07,dinner,counter,4,0,,0.81,8.6,1.23,10.64,1
ORD-00257,2026-09-07,dinner,app,1,0,payment,1.49,9.4,1.95,12.83,0
ORD-00258,2026-09-07,dinner,app,3,0,,1.5,9.26,2.45,13.21,0
ORD-00259,2026-09-07,dinner,app,2,0,,1.62,11.61,1.02,14.25,0
ORD-00260,2026-09-07,dinner,app,4,0,,0.26,10.26,0.3,10.82,1
ORD-00261,2026-09-07,dinner,app,4,0,,0.54,10.12,0.83,11.48,1
ORD-00262,2026-09-07,dinner,counter,3,0,,0.89,2.92,0.82,4.64,1
ORD-00263,2026-09-07,dinner,app,3,0,payment,0.64,7.0,1.12,8.75,1
ORD-00264,2026-09-07,dinner,app,4,0,,0.81,7.19,1.77,9.77,1
ORD-00265,2026-09-07,dinner,app,2,0,,1.11,14.81,2.38,18.3,0
ORD-00266,2026-09-07,dinner,counter,1,0,,0.65,9.28,1.56,11.49,1
ORD-00267,2026-09-07,dinner,counter,4,0,,0.89,10.0,0.3,11.19,1
ORD-00268,2026-09-07,dinner,app,4,0,,0.91,10.46,1.98,13.34,0
ORD-00269,2026-09-07,dinner,counter,1,0,,1.25,10.8,0.98,13.03,0
ORD-00270,2026-09-07,dinner,counter,2,0,,0.98,10.48,2.75,14.22,0
ORD-00271,2026-09-07,dinner,counter,4,0,,1.35,5.14,1.29,7.78,1
ORD-00272,2026-09-07,dinner,counter,4,0,,1.06,14.41,1.8,17.27,0
ORD-00273,2026-09-07,dinner,app,2,0,,1.6,13.6,3.13,18.33,0
ORD-00274,2026-09-07,dinner,app,3,0,,1.16,7.46,0.3,8.93,1
ORD-00275,2026-09-07,dinner,counter,4,0,,1.26,2.41,1.52,5.19,1
ORD-00276,2026-09-07,dinner,counter,2,0,,0.87,8.82,0.3,9.99,1
ORD-00277,2026-09-07,dinner,counter,1,0,,0.8,14.23,1.84,16.87,0
ORD-00278,2026-09-07,dinner,counter,1,0,,1.15,13.89,2.6,17.64,0
ORD-00279,2026-09-07,dinner,app,4,0,,0.3,5.52,1.96,7.77,1
ORD-00280,2026-09-07,dinner,counter,1,0,,0.59,6.28,1.52,8.39,1
ORD-00281,2026-09-07,dinner,app,1,0,,1.26,9.75,0.67,11.68,1
ORD-00282,2026-09-07,dinner,app,3,0,,0.84,2.82,1.53,5.2,1
ORD-00283,2026-09-07,dinner,app,4,0,,0.64,9.15,1.98,11.77,1
ORD-00284,2026-09-07,dinner,app,2,0,,0.9,7.46,1.14,9.49,1
ORD-00285,2026-09-07,dinner,counter,1,1,,0.65,4.43,,,
ORD-00286,2026-09-07,dinner,counter,2,0,,1.37,8.63,2.77,12.77,0
ORD-00287,2026-09-07,dinner,counter,3,0,,0.81,4.01,1.01,5.83,1
ORD-00288,2026-09-07,dinner,app,3,0,,0.86,7.07,1.42,9.36,1
ORD-00289,2026-09-07,dinner,counter,4,0,,1.02,10.15,3.28,14.44,0
ORD-00290,2026-09-07,dinner,counter,4,0,,1.18,4.39,0.9,6.48,1
ORD-00291,2026-09-07,dinner,app,3,0,kitchen_rework,0.93,19.13,1.84,21.9,0
ORD-00292,2026-09-07,dinner,counter,3,0,,0.24,11.71,0.3,12.25,0
ORD-00293,2026-09-07,dinner,counter,4,0,,1.32,2.0,1.14,4.46,1
ORD-00294,2026-09-07,dinner,app,1,0,,0.72,6.68,1.62,9.02,1
ORD-00295,2026-09-07,dinner,app,2,0,,1.34,7.25,1.02,9.6,1
ORD-00296,2026-09-07,dinner,counter,1,0,,1.35,10.54,2.23,14.11,0
ORD-00297,2026-09-07,dinner,app,2,0,,1.13,5.95,0.77,7.85,1
ORD-00298,2026-09-07,dinner,counter,4,0,,1.47,3.21,0.54,5.22,1
ORD-00299,2026-09-07,dinner,counter,4,0,,1.47,12.4,2.42,16.29,0
ORD-00300,2026-09-07,dinner,counter,2,0,,1.57,6.04,0.92,8.52,1
ORD-00301,2026-09-07,dinner,app,2,0,,0.2,3.2,1.33,4.72,1
ORD-00302,2026-09-07,dinner,counter,4,0,,0.51,11.41,0.99,12.91,0
ORD-00303,2026-09-07,dinner,counter,4,0,,1.23,10.15,2.27,13.65,0
ORD-00304,2026-09-07,dinner,counter,4,0,,1.94,9.23,2.55,13.73,0
ORD-00305,2026-09-07,dinner,app,2,0,,0.52,7.67,1.29,9.48,1
ORD-00306,2026-09-07,dinner,app,4,0,kitchen_rework,0.57,14.56,3.09,18.22,0
ORD-00307,2026-09-07,dinner,counter,1,0,,0.94,7.48,1.66,10.08,1
ORD-00308,2026-09-07,dinner,app,1,0,,0.2,5.61,2.07,7.88,1
ORD-00309,2026-09-07,dinner,counter,3,0,,0.64,7.83,1.76,10.22,1
ORD-00310,2026-09-07,dinner,counter,1,0,,2.09,7.82,0.67,10.58,1
ORD-00311,2026-09-07,dinner,counter,3,0,,0.61,11.03,2.43,14.07,0
ORD-00312,2026-09-07,dinner,app,3,0,,1.29,19.19,2.34,22.82,0
ORD-00313,2026-09-07,dinner,app,1,0,,1.09,5.22,0.79,7.11,1
ORD-00314,2026-09-07,dinner,app,3,0,,1.02,10.63,4.16,15.81,0
ORD-00315,2026-09-07,dinner,app,2,0,,1.52,13.03,0.3,14.85,0
ORD-00316,2026-09-07,dinner,counter,1,0,,1.44,8.68,2.51,12.63,0
ORD-00317,2026-09-07,dinner,app,2,0,,1.16,7.39,0.3,8.84,1
ORD-00318,2026-09-07,dinner,app,1,0,,1.37,13.83,2.37,17.57,0
ORD-00319,2026-09-07,dinner,app,3,0,,1.33,7.98,3.05,12.36,0
ORD-00320,2026-09-07,dinner,counter,2,0,,0.74,11.8,1.49,14.04,0
ORD-00321,2026-09-07,dinner,counter,4,0,,1.57,8.74,0.76,11.07,1
ORD-00322,2026-09-07,dinner,app,1,0,,1.52,7.9,0.96,10.38,1
ORD-00323,2026-09-07,dinner,app,3,0,,0.72,7.06,0.3,8.08,1
ORD-00324,2026-09-07,dinner,counter,4,0,,0.51,5.45,0.43,6.39,1
ORD-00325,2026-09-07,dinner,app,4,1,,0.93,11.87,,,
ORD-00326,2026-09-08,breakfast,counter,4,0,,1.12,6.64,1.53,9.28,1
ORD-00327,2026-09-08,breakfast,app,2,0,,1.62,9.37,1.58,12.57,0
ORD-00328,2026-09-08,breakfast,counter,1,0,kitchen_rework,1.77,18.47,2.03,22.26,0
ORD-00329,2026-09-08,breakfast,counter,3,0,,0.94,7.87,0.78,9.59,1
ORD-00330,2026-09-08,breakfast,counter,1,0,,1.02,6.06,0.67,7.75,1
ORD-00331,2026-09-08,breakfast,app,3,0,,0.82,8.85,0.32,9.99,1
ORD-00332,2026-09-08,breakfast,counter,4,0,,0.66,6.79,1.19,8.65,1
ORD-00333,2026-09-08,breakfast,counter,4,1,,1.56,11.43,,,
ORD-00334,2026-09-08,breakfast,counter,4,0,,0.5,9.76,1.64,11.9,1
ORD-00335,2026-09-08,breakfast,counter,3,0,,1.01,12.28,1.17,14.45,0
ORD-00336,2026-09-08,breakfast,app,2,0,,1.1,5.31,1.37,7.77,1
ORD-00337,2026-09-08,breakfast,app,2,0,,1.2,18.6,0.67,20.47,0
ORD-00338,2026-09-08,breakfast,counter,1,0,,0.95,9.28,1.68,11.91,1
ORD-00339,2026-09-08,breakfast,app,3,0,,1.18,9.41,2.82,13.41,0
ORD-00340,2026-09-08,breakfast,app,3,0,,0.93,12.42,0.3,13.65,0
ORD-00341,2026-09-08,breakfast,counter,4,0,,1.83,16.09,2.15,20.06,0
ORD-00342,2026-09-08,breakfast,counter,3,0,,0.86,6.22,2.55,9.63,1
ORD-00343,2026-09-08,breakfast,counter,1,0,,0.88,5.48,2.25,8.62,1
ORD-00344,2026-09-08,breakfast,counter,3,0,payment,1.18,8.75,1.87,11.79,1
ORD-00345,2026-09-08,breakfast,counter,1,0,,1.32,6.86,1.61,9.8,1
ORD-00346,2026-09-08,breakfast,counter,3,0,,0.96,2.66,2.03,5.66,1
ORD-00347,2026-09-08,breakfast,app,2,0,,1.28,9.56,1.58,12.42,0
ORD-00348,2026-09-08,breakfast,app,4,0,,0.39,6.81,1.78,8.97,1
ORD-00349,2026-09-08,breakfast,app,1,0,,0.23,7.55,0.3,8.08,1
ORD-00350,2026-09-08,breakfast,app,3,0,,0.2,9.32,3.25,12.76,0
ORD-00351,2026-09-08,breakfast,counter,3,0,,0.6,5.08,2.91,8.59,1
ORD-00352,2026-09-08,breakfast,counter,2,0,stockout,1.11,9.25,0.38,10.74,1
ORD-00353,2026-09-08,breakfast,app,3,0,,0.98,8.89,0.97,10.84,1
ORD-00354,2026-09-08,breakfast,counter,1,0,,1.9,8.6,3.33,13.84,0
ORD-00355,2026-09-08,breakfast,counter,2,0,,0.72,8.29,3.16,12.17,0
ORD-00356,2026-09-08,breakfast,counter,1,0,,1.89,11.21,2.51,15.61,0
ORD-00357,2026-09-08,breakfast,app,2,0,,0.83,6.12,0.3,7.25,1
ORD-00358,2026-09-08,breakfast,counter,4,0,,1.16,9.16,1.94,12.26,0
ORD-00359,2026-09-08,breakfast,app,4,0,,1.19,12.55,0.63,14.38,0
ORD-00360,2026-09-08,breakfast,counter,3,0,,0.6,13.09,2.85,16.54,0
ORD-00361,2026-09-08,breakfast,app,1,0,,1.06,13.15,1.75,15.96,0
ORD-00362,2026-09-08,breakfast,app,4,0,,0.96,5.58,1.2,7.73,1
ORD-00363,2026-09-08,breakfast,app,2,0,,1.18,9.31,1.76,12.25,0
ORD-00364,2026-09-08,breakfast,app,3,0,,1.18,6.58,3.66,11.42,1
ORD-00365,2026-09-08,breakfast,app,1,0,,0.93,7.75,1.5,10.18,1
ORD-00366,2026-09-08,breakfast,counter,2,0,payment,1.29,7.6,2.14,11.03,1
ORD-00367,2026-09-08,breakfast,app,4,0,,0.91,8.01,0.69,9.61,1
ORD-00368,2026-09-08,breakfast,app,4,0,,0.23,11.6,1.81,13.65,0
ORD-00369,2026-09-08,breakfast,counter,1,0,,1.25,7.69,2.0,10.94,1
ORD-00370,2026-09-08,breakfast,app,3,0,,1.83,7.26,1.45,10.55,1
ORD-00371,2026-09-08,breakfast,counter,1,0,,0.55,6.61,1.93,9.09,1
ORD-00372,2026-09-08,breakfast,app,1,0,,0.77,5.82,1.87,8.46,1
ORD-00373,2026-09-08,breakfast,app,1,0,,1.61,9.32,2.33,13.25,0
ORD-00374,2026-09-08,breakfast,counter,3,0,,0.47,8.89,0.3,9.67,1
ORD-00375,2026-09-08,breakfast,app,3,0,,1.64,10.96,2.4,15.0,0
ORD-00376,2026-09-08,breakfast,app,2,0,,1.8,8.33,1.52,11.65,1
ORD-00377,2026-09-08,breakfast,app,2,0,,0.97,10.58,2.42,13.97,0
ORD-00378,2026-09-08,breakfast,app,4,0,,1.05,5.39,0.3,6.74,1
ORD-00379,2026-09-08,breakfast,counter,4,0,,1.48,5.53,1.4,8.41,1
ORD-00380,2026-09-08,breakfast,counter,3,0,,1.02,5.2,1.32,7.53,1
ORD-00381,2026-09-08,breakfast,counter,3,0,,0.36,11.33,2.3,14.0,0
ORD-00382,2026-09-08,breakfast,counter,1,0,,0.21,5.43,1.28,6.92,1
ORD-00383,2026-09-08,breakfast,app,1,0,,2.07,10.13,3.42,15.63,0
ORD-00384,2026-09-08,breakfast,app,4,0,payment,1.57,6.96,2.8,11.33,1
ORD-00385,2026-09-08,breakfast,app,3,0,,0.67,8.89,1.85,11.41,1
ORD-00386,2026-09-08,breakfast,counter,3,0,,1.2,6.89,2.51,10.59,1
ORD-00387,2026-09-08,breakfast,counter,3,0,,1.11,6.85,1.53,9.49,1
ORD-00388,2026-09-08,breakfast,counter,4,0,,1.97,10.84,0.44,13.25,0
ORD-00389,2026-09-08,breakfast,app,2,0,kitchen_rework,0.44,10.56,0.51,11.51,1
ORD-00390,2026-09-08,breakfast,counter,3,0,,1.34,6.03,1.21,8.58,1
ORD-00391,2026-09-08,breakfast,counter,3,0,,1.08,10.49,1.97,13.55,0
ORD-00392,2026-09-08,breakfast,counter,4,0,,0.47,7.77,1.99,10.23,1
ORD-00393,2026-09-08,breakfast,app,2,0,,1.2,5.53,1.43,8.15,1
ORD-00394,2026-09-08,breakfast,counter,2,0,,2.14,7.26,2.75,12.16,0
ORD-00395,2026-09-08,breakfast,counter,2,0,,1.57,9.02,2.16,12.74,0
ORD-00396,2026-09-08,breakfast,counter,4,0,,1.2,10.51,2.13,13.83,0
ORD-00397,2026-09-08,breakfast,counter,4,0,,1.09,7.62,1.63,10.35,1
ORD-00398,2026-09-08,breakfast,app,1,0,,0.66,7.94,1.39,9.99,1
ORD-00399,2026-09-08,breakfast,app,1,0,,0.46,7.37,0.81,8.64,1
ORD-00400,2026-09-08,breakfast,app,1,0,,0.81,11.15,2.63,14.6,0
ORD-00401,2026-09-08,breakfast,app,1,0,,1.48,11.68,1.63,14.79,0
ORD-00402,2026-09-08,breakfast,app,1,0,,1.16,12.24,2.7,16.1,0
ORD-00403,2026-09-08,breakfast,app,1,0,,0.95,9.54,2.8,13.29,0
ORD-00404,2026-09-08,breakfast,counter,3,0,,1.17,10.06,0.3,11.53,1
ORD-00405,2026-09-08,breakfast,counter,3,0,,0.7,9.4,3.64,13.74,0
ORD-00406,2026-09-08,breakfast,counter,2,0,,0.34,5.69,1.03,7.06,1
ORD-00407,2026-09-08,breakfast,app,3,0,,1.21,8.63,0.3,10.14,1
ORD-00408,2026-09-08,breakfast,app,1,0,,1.1,9.97,1.74,12.81,0
ORD-00409,2026-09-08,breakfast,counter,1,0,,1.16,7.06,0.96,9.19,1
ORD-00410,2026-09-08,breakfast,counter,3,0,,1.34,8.85,1.63,11.83,1
ORD-00411,2026-09-08,lunch,counter,3,1,,0.2,6.94,,,
ORD-00412,2026-09-08,lunch,app,3,0,stockout,0.2,9.16,0.91,10.27,1
ORD-00413,2026-09-08,lunch,app,2,1,,1.76,10.39,,,
ORD-00414,2026-09-08,lunch,counter,2,0,,0.63,8.93,2.69,12.25,0
ORD-00415,2026-09-08,lunch,app,4,0,,0.88,3.32,1.54,5.75,1
ORD-00416,2026-09-08,lunch,counter,2,0,,1.89,10.08,2.51,14.48,0
ORD-00417,2026-09-08,lunch,counter,1,0,,0.93,7.39,0.94,9.26,1
ORD-00418,2026-09-08,lunch,app,4,0,,1.01,7.5,0.89,9.4,1
ORD-00419,2026-09-08,lunch,counter,1,0,,1.55,7.55,1.69,10.8,1
ORD-00420,2026-09-08,lunch,app,1,0,,1.15,13.82,1.43,16.4,0
ORD-00421,2026-09-08,lunch,app,2,0,,1.81,12.86,0.98,15.65,0
ORD-00422,2026-09-08,lunch,app,4,0,,0.73,7.7,0.3,8.72,1
ORD-00423,2026-09-08,lunch,counter,4,0,stockout,1.04,4.84,0.41,6.28,1
ORD-00424,2026-09-08,lunch,app,3,0,,1.46,13.97,2.52,17.94,0
ORD-00425,2026-09-08,lunch,app,3,0,payment,0.72,9.68,0.3,10.7,1
ORD-00426,2026-09-08,lunch,app,2,0,,1.44,12.98,1.06,15.47,0
ORD-00427,2026-09-08,lunch,counter,4,0,,0.96,18.15,3.33,22.43,0
ORD-00428,2026-09-08,lunch,app,2,0,,0.99,9.9,1.4,12.29,0
ORD-00429,2026-09-08,lunch,counter,2,0,,1.83,10.12,2.09,14.05,0
ORD-00430,2026-09-08,lunch,app,3,0,,0.83,2.48,1.91,5.23,1
ORD-00431,2026-09-08,lunch,counter,2,0,,0.2,4.45,1.67,6.32,1
ORD-00432,2026-09-08,lunch,counter,1,0,,1.15,8.56,1.36,11.08,1
ORD-00433,2026-09-08,lunch,counter,4,0,,0.9,10.55,1.59,13.03,0
ORD-00434,2026-09-08,lunch,app,3,0,,0.96,14.0,1.71,16.67,0
ORD-00435,2026-09-08,lunch,app,1,1,kitchen_rework,1.15,14.46,,,
ORD-00436,2026-09-08,lunch,app,2,0,,1.54,14.09,2.2,17.83,0
ORD-00437,2026-09-08,lunch,counter,4,0,,0.76,10.27,2.19,13.21,0
ORD-00438,2026-09-08,lunch,counter,4,0,,0.89,11.13,1.62,13.64,0
ORD-00439,2026-09-08,lunch,app,4,0,,1.01,6.4,0.61,8.02,1
ORD-00440,2026-09-08,lunch,app,4,0,,1.45,8.24,0.48,10.16,1
ORD-00441,2026-09-08,lunch,counter,1,0,kitchen_rework,1.82,20.06,1.55,23.43,0
ORD-00442,2026-09-08,lunch,app,2,0,,0.9,6.88,0.37,8.14,1
ORD-00443,2026-09-08,lunch,app,2,0,,0.8,13.87,2.5,17.17,0
ORD-00444,2026-09-08,lunch,app,1,0,,0.84,6.66,1.21,8.71,1
ORD-00445,2026-09-08,lunch,app,3,0,,1.64,5.08,0.93,7.65,1
ORD-00446,2026-09-08,lunch,counter,1,0,kitchen_rework,0.81,21.7,1.3,23.81,0
ORD-00447,2026-09-08,lunch,counter,2,0,,0.6,7.05,2.35,10.0,1
ORD-00448,2026-09-08,lunch,app,2,0,,1.3,13.19,2.38,16.87,0
ORD-00449,2026-09-08,lunch,app,2,0,kitchen_rework,0.51,16.98,0.3,17.79,0
ORD-00450,2026-09-08,lunch,counter,2,0,,0.33,11.49,1.12,12.94,0
ORD-00451,2026-09-08,lunch,counter,3,0,,1.25,5.43,2.28,8.96,1
ORD-00452,2026-09-08,lunch,app,2,0,payment,0.98,6.66,1.69,9.33,1
ORD-00453,2026-09-08,lunch,counter,1,0,,0.2,9.43,0.3,9.93,1
ORD-00454,2026-09-08,lunch,counter,2,0,stockout,0.2,16.5,2.12,18.81,0
ORD-00455,2026-09-08,lunch,counter,4,0,,0.2,6.55,0.4,7.16,1
ORD-00456,2026-09-08,lunch,app,3,0,,0.73,5.78,0.93,7.43,1
ORD-00457,2026-09-08,lunch,counter,3,0,,0.72,5.24,0.67,6.63,1
ORD-00458,2026-09-08,lunch,counter,1,0,,0.39,10.0,3.28,13.67,0
ORD-00459,2026-09-08,lunch,counter,1,0,,0.54,16.91,1.22,18.67,0
ORD-00460,2026-09-08,lunch,counter,2,0,payment,0.3,4.48,0.73,5.51,1
ORD-00461,2026-09-08,lunch,app,4,0,,0.86,10.13,2.33,13.33,0
ORD-00462,2026-09-08,lunch,app,2,0,,1.2,7.42,1.0,9.61,1
ORD-00463,2026-09-08,lunch,counter,4,1,,0.2,3.78,,,
ORD-00464,2026-09-08,lunch,app,3,0,stockout,0.66,9.06,3.03,12.75,0
ORD-00465,2026-09-08,lunch,counter,2,0,,1.57,9.93,0.3,11.81,1
ORD-00466,2026-09-08,lunch,app,1,0,,1.0,9.99,1.74,12.73,0
ORD-00467,2026-09-08,lunch,app,1,0,stockout,1.7,8.32,2.7,12.71,0
ORD-00468,2026-09-08,lunch,app,2,0,,1.08,5.82,0.76,7.66,1
ORD-00469,2026-09-08,lunch,counter,1,0,stockout,1.05,14.91,2.41,18.37,0
ORD-00470,2026-09-08,lunch,counter,1,0,,1.24,6.94,0.84,9.02,1
ORD-00471,2026-09-08,lunch,app,3,0,,0.82,5.87,3.05,9.75,1
ORD-00472,2026-09-08,lunch,app,1,0,,0.7,7.47,2.11,10.28,1
ORD-00473,2026-09-08,lunch,app,2,0,,0.34,9.39,0.92,10.65,1
ORD-00474,2026-09-08,lunch,counter,3,0,,1.18,17.01,1.69,19.88,0
ORD-00475,2026-09-08,lunch,counter,4,0,,0.75,6.96,1.31,9.02,1
ORD-00476,2026-09-08,lunch,counter,1,0,,0.71,9.94,0.66,11.32,1
ORD-00477,2026-09-08,lunch,counter,4,0,,0.66,12.7,1.19,14.55,0
ORD-00478,2026-09-08,lunch,counter,4,0,,2.37,12.28,2.12,16.77,0
ORD-00479,2026-09-08,lunch,counter,3,0,,0.28,4.26,1.37,5.91,1
ORD-00480,2026-09-08,lunch,app,3,0,,0.2,3.52,1.14,4.85,1
ORD-00481,2026-09-08,lunch,app,3,0,,0.88,12.33,1.26,14.47,0
ORD-00482,2026-09-08,lunch,counter,1,0,,1.2,3.86,0.39,5.45,1
ORD-00483,2026-09-08,lunch,counter,4,0,,1.41,12.79,2.46,16.65,0
ORD-00484,2026-09-08,lunch,app,1,0,,0.21,9.58,1.96,11.75,1
ORD-00485,2026-09-08,lunch,counter,4,0,,0.71,8.94,0.3,9.95,1
ORD-00486,2026-09-08,lunch,counter,2,0,,1.41,4.38,1.92,7.71,1
ORD-00487,2026-09-08,lunch,app,2,0,,0.66,8.75,0.3,9.71,1
ORD-00488,2026-09-08,lunch,app,4,1,,1.23,14.37,,,
ORD-00489,2026-09-08,lunch,counter,3,0,,0.89,8.43,0.78,10.11,1
ORD-00490,2026-09-08,lunch,counter,2,0,,0.31,6.51,0.46,7.29,1
ORD-00491,2026-09-08,lunch,app,1,0,,1.18,10.01,1.6,12.79,0
ORD-00492,2026-09-08,lunch,app,2,0,,1.24,15.13,0.76,17.13,0
ORD-00493,2026-09-08,lunch,counter,2,0,,1.21,10.03,2.36,13.6,0
ORD-00494,2026-09-08,lunch,counter,4,0,kitchen_rework,1.45,23.98,2.09,27.53,0
ORD-00495,2026-09-08,lunch,app,4,0,,0.71,9.88,2.79,13.38,0
ORD-00496,2026-09-08,lunch,app,4,0,kitchen_rework,0.51,18.72,2.42,21.64,0
ORD-00497,2026-09-08,lunch,app,3,0,,1.55,2.3,0.58,4.43,1
ORD-00498,2026-09-08,lunch,counter,1,0,,1.47,2.92,2.11,6.49,1
ORD-00499,2026-09-08,lunch,app,1,0,,0.64,9.03,1.79,11.45,1
ORD-00500,2026-09-08,lunch,counter,1,0,,1.2,7.98,0.63,9.82,1
ORD-00501,2026-09-08,lunch,counter,4,0,,0.45,4.73,0.3,5.48,1
ORD-00502,2026-09-08,lunch,counter,4,0,,1.18,11.9,1.26,14.34,0
ORD-00503,2026-09-08,lunch,app,2,0,,0.91,9.06,1.03,11.0,1
ORD-00504,2026-09-08,lunch,counter,2,0,,1.54,7.54,1.9,10.98,1
ORD-00505,2026-09-08,lunch,counter,2,0,,1.4,13.33,3.34,18.07,0
ORD-00506,2026-09-08,lunch,counter,3,0,,0.58,9.48,1.73,11.79,1
ORD-00507,2026-09-08,lunch,app,3,1,,0.81,11.85,,,
ORD-00508,2026-09-08,lunch,counter,2,0,,1.67,7.12,3.35,12.14,0
ORD-00509,2026-09-08,lunch,app,2,0,,1.38,12.32,1.01,14.72,0
ORD-00510,2026-09-08,lunch,counter,3,0,,1.08,14.11,2.92,18.11,0
ORD-00511,2026-09-08,lunch,app,4,0,,1.25,5.23,0.48,6.96,1
ORD-00512,2026-09-08,lunch,app,3,0,,1.36,10.07,3.41,14.84,0
ORD-00513,2026-09-08,lunch,counter,4,0,,1.28,12.11,2.19,15.57,0
ORD-00514,2026-09-08,lunch,counter,2,0,,1.18,8.74,1.29,11.21,1
ORD-00515,2026-09-08,lunch,counter,1,0,,0.2,11.4,1.48,13.08,0
ORD-00516,2026-09-08,lunch,counter,1,0,,1.47,11.55,2.99,16.01,0
ORD-00517,2026-09-08,lunch,app,2,0,,1.01,8.53,0.45,9.98,1
ORD-00518,2026-09-08,lunch,counter,3,0,,1.21,12.82,0.66,14.68,0
ORD-00519,2026-09-08,lunch,counter,4,0,,1.07,11.64,1.47,14.18,0
ORD-00520,2026-09-08,lunch,counter,4,0,,0.64,10.35,2.02,13.01,0
ORD-00521,2026-09-08,lunch,counter,1,0,,1.44,8.24,1.48,11.17,1
ORD-00522,2026-09-08,lunch,counter,2,0,,0.42,9.07,0.3,9.79,1
ORD-00523,2026-09-08,lunch,counter,4,0,,1.23,13.23,3.18,17.64,0
ORD-00524,2026-09-08,lunch,app,1,0,,0.79,6.77,1.63,9.19,1
ORD-00525,2026-09-08,lunch,counter,3,0,,1.55,9.65,0.68,11.89,1
ORD-00526,2026-09-08,lunch,app,3,0,payment,1.12,9.71,1.39,12.22,0
ORD-00527,2026-09-08,lunch,app,1,0,,0.97,14.6,0.3,15.87,0
ORD-00528,2026-09-08,lunch,app,2,0,,0.97,7.54,0.7,9.21,1
ORD-00529,2026-09-08,lunch,app,4,0,payment,0.82,5.4,1.16,7.38,1
ORD-00530,2026-09-08,lunch,counter,2,0,,0.85,12.39,1.97,15.2,0
ORD-00531,2026-09-08,lunch,app,4,0,,1.64,7.94,3.35,12.93,0
ORD-00532,2026-09-08,lunch,app,3,0,,1.19,5.2,1.72,8.11,1
ORD-00533,2026-09-08,lunch,counter,3,0,,1.13,12.25,2.25,15.64,0
ORD-00534,2026-09-08,lunch,app,2,0,,0.77,11.14,1.83,13.74,0
ORD-00535,2026-09-08,lunch,app,1,0,,1.47,2.3,0.6,4.36,1
ORD-00536,2026-09-08,dinner,counter,3,0,,1.49,10.85,1.54,13.88,0
ORD-00537,2026-09-08,dinner,app,3,0,,0.68,2.63,1.47,4.77,1
ORD-00538,2026-09-08,dinner,counter,3,0,,1.88,12.76,2.53,17.17,0
ORD-00539,2026-09-08,dinner,counter,3,0,,0.34,4.93,2.8,8.08,1
ORD-00540,2026-09-08,dinner,counter,1,0,payment,0.46,10.78,1.81,13.05,0
ORD-00541,2026-09-08,dinner,app,1,0,kitchen_rework,0.96,10.43,0.35,11.75,1
ORD-00542,2026-09-08,dinner,counter,4,0,,1.52,7.4,0.91,9.83,1
ORD-00543,2026-09-08,dinner,counter,1,0,payment,1.03,2.14,2.19,5.37,1
ORD-00544,2026-09-08,dinner,counter,4,0,,0.79,11.62,1.35,13.77,0
ORD-00545,2026-09-08,dinner,counter,4,0,,0.95,12.0,1.72,14.67,0
ORD-00546,2026-09-08,dinner,counter,3,0,,1.33,12.59,0.99,14.91,0
ORD-00547,2026-09-08,dinner,app,1,0,,0.83,9.64,1.23,11.7,1
ORD-00548,2026-09-08,dinner,app,4,0,,1.31,11.27,2.27,14.84,0
ORD-00549,2026-09-08,dinner,app,3,0,stockout,0.54,3.91,2.14,6.59,1
ORD-00550,2026-09-08,dinner,app,2,0,,1.41,8.87,2.47,12.74,0
ORD-00551,2026-09-08,dinner,counter,3,0,,1.36,8.82,3.33,13.51,0
ORD-00552,2026-09-08,dinner,app,3,0,,1.38,9.24,2.49,13.11,0
ORD-00553,2026-09-08,dinner,counter,3,0,,1.44,11.61,1.74,14.79,0
ORD-00554,2026-09-08,dinner,counter,2,0,,1.3,11.11,2.85,15.26,0
ORD-00555,2026-09-08,dinner,app,2,0,,1.11,9.87,2.88,13.87,0
ORD-00556,2026-09-08,dinner,counter,3,0,,1.41,10.38,1.83,13.62,0
ORD-00557,2026-09-08,dinner,app,3,0,,0.56,8.81,1.77,11.13,1
ORD-00558,2026-09-08,dinner,app,3,0,,0.36,2.0,1.54,3.9,1
ORD-00559,2026-09-08,dinner,counter,2,0,,0.2,9.09,1.35,10.64,1
ORD-00560,2026-09-08,dinner,app,2,0,,1.09,3.16,1.87,6.12,1
ORD-00561,2026-09-08,dinner,counter,4,0,,1.02,2.0,0.3,3.32,1
ORD-00562,2026-09-08,dinner,counter,2,0,,1.12,6.13,2.91,10.16,1
ORD-00563,2026-09-08,dinner,counter,2,0,,1.79,10.54,1.57,13.9,0
ORD-00564,2026-09-08,dinner,app,3,0,,0.58,11.12,1.89,13.6,0
ORD-00565,2026-09-08,dinner,app,4,0,,1.03,10.47,0.99,12.48,0
ORD-00566,2026-09-08,dinner,app,1,0,payment,1.74,12.81,1.92,16.48,0
ORD-00567,2026-09-08,dinner,counter,2,0,,1.78,9.25,2.08,13.11,0
ORD-00568,2026-09-08,dinner,app,3,0,,0.31,14.5,2.7,17.51,0
ORD-00569,2026-09-08,dinner,counter,1,0,,0.92,13.48,3.23,17.62,0
ORD-00570,2026-09-08,dinner,app,3,0,,1.62,9.24,2.32,13.18,0
ORD-00571,2026-09-08,dinner,counter,1,0,,0.2,4.15,1.2,5.55,1
ORD-00572,2026-09-08,dinner,counter,2,0,stockout,0.97,7.63,2.55,11.15,1
ORD-00573,2026-09-08,dinner,app,4,0,,1.1,9.63,1.44,12.17,0
ORD-00574,2026-09-08,dinner,app,4,0,,1.17,2.78,3.77,7.72,1
ORD-00575,2026-09-08,dinner,counter,4,0,,1.14,2.0,1.16,4.3,1
ORD-00576,2026-09-08,dinner,app,3,0,,0.55,5.22,2.05,7.82,1
ORD-00577,2026-09-08,dinner,counter,2,0,payment,1.39,2.42,0.58,4.39,1
ORD-00578,2026-09-08,dinner,counter,4,0,,0.87,6.0,0.57,7.43,1
ORD-00579,2026-09-08,dinner,app,3,0,,0.79,12.35,0.9,14.04,0
ORD-00580,2026-09-08,dinner,app,1,0,,1.31,12.83,2.7,16.84,0
ORD-00581,2026-09-08,dinner,app,2,0,,0.59,9.16,0.87,10.61,1
ORD-00582,2026-09-08,dinner,counter,4,0,,0.2,3.75,2.08,6.03,1
ORD-00583,2026-09-08,dinner,app,1,0,,0.65,12.93,1.87,15.46,0
ORD-00584,2026-09-08,dinner,counter,3,0,,1.68,6.98,1.58,10.23,1
ORD-00585,2026-09-08,dinner,counter,1,1,,1.62,12.18,,,
ORD-00586,2026-09-08,dinner,counter,3,0,,1.35,11.07,0.56,12.98,0
ORD-00587,2026-09-08,dinner,counter,2,0,,1.75,11.98,2.52,16.25,0
ORD-00588,2026-09-08,dinner,counter,2,0,,0.25,4.96,0.3,5.51,1
ORD-00589,2026-09-08,dinner,counter,2,0,,0.57,7.2,1.5,9.27,1
ORD-00590,2026-09-08,dinner,counter,1,0,,0.2,5.79,0.91,6.9,1
ORD-00591,2026-09-08,dinner,counter,3,0,,1.21,11.78,1.58,14.58,0
ORD-00592,2026-09-08,dinner,app,2,0,,0.66,6.8,1.58,9.04,1
ORD-00593,2026-09-08,dinner,app,4,0,,1.34,6.96,0.91,9.21,1
ORD-00594,2026-09-08,dinner,counter,1,0,,0.91,5.04,3.57,9.52,1
ORD-00595,2026-09-08,dinner,counter,3,0,payment,1.57,12.05,2.07,15.69,0
ORD-00596,2026-09-08,dinner,app,4,0,,0.38,6.86,0.44,7.68,1
ORD-00597,2026-09-08,dinner,app,4,1,,0.2,9.21,,,
ORD-00598,2026-09-08,dinner,counter,1,0,,0.61,9.51,2.14,12.26,0
ORD-00599,2026-09-08,dinner,app,2,0,,1.42,12.65,2.8,16.87,0
ORD-00600,2026-09-08,dinner,counter,4,0,,1.35,4.94,1.8,8.1,1
ORD-00601,2026-09-08,dinner,app,2,0,,1.36,3.75,0.43,5.55,1
ORD-00602,2026-09-08,dinner,counter,4,0,,0.93,12.73,1.33,15.0,0
ORD-00603,2026-09-08,dinner,counter,4,0,,0.59,4.21,2.78,7.58,1
ORD-00604,2026-09-08,dinner,app,2,0,,0.89,6.13,1.72,8.74,1
ORD-00605,2026-09-08,dinner,counter,3,0,,1.75,8.96,1.17,11.88,1
ORD-00606,2026-09-08,dinner,counter,1,0,,0.92,5.53,2.1,8.56,1
ORD-00607,2026-09-08,dinner,app,1,0,,1.68,7.58,3.04,12.31,0
ORD-00608,2026-09-08,dinner,app,1,0,kitchen_rework,1.87,16.98,1.17,20.02,0
ORD-00609,2026-09-08,dinner,counter,4,0,,1.1,6.56,0.3,7.97,1
ORD-00610,2026-09-08,dinner,counter,4,0,,0.77,6.98,2.04,9.79,1
ORD-00611,2026-09-08,dinner,counter,3,0,payment,0.2,6.83,0.39,7.42,1
ORD-00612,2026-09-08,dinner,app,4,0,,0.87,5.71,1.2,7.78,1
ORD-00613,2026-09-08,dinner,counter,4,0,,1.54,6.43,1.79,9.76,1
ORD-00614,2026-09-08,dinner,app,1,0,,1.36,8.25,0.91,10.52,1
ORD-00615,2026-09-08,dinner,counter,3,0,,0.64,7.14,0.57,8.35,1
ORD-00616,2026-09-08,dinner,counter,4,0,,0.38,3.74,1.21,5.33,1
ORD-00617,2026-09-08,dinner,app,2,0,,1.1,6.56,0.3,7.96,1
ORD-00618,2026-09-08,dinner,app,4,0,,0.66,12.94,2.47,16.08,0
ORD-00619,2026-09-08,dinner,counter,2,0,,0.43,5.49,1.58,7.51,1
ORD-00620,2026-09-08,dinner,app,1,0,,0.87,5.82,0.3,7.0,1
ORD-00621,2026-09-08,dinner,counter,2,0,payment,0.59,5.67,2.69,8.95,1
ORD-00622,2026-09-08,dinner,counter,2,0,,0.62,10.53,2.4,13.55,0
ORD-00623,2026-09-08,dinner,counter,4,0,,1.07,8.94,0.94,10.94,1
ORD-00624,2026-09-08,dinner,app,3,0,,0.6,10.14,0.3,11.04,1
ORD-00625,2026-09-08,dinner,app,1,0,,0.2,9.77,1.4,11.37,1
ORD-00626,2026-09-08,dinner,counter,3,0,,0.63,4.09,0.86,5.57,1
ORD-00627,2026-09-08,dinner,app,2,0,,1.26,4.39,2.24,7.89,1
ORD-00628,2026-09-08,dinner,counter,2,0,,0.43,2.27,0.37,3.07,1
ORD-00629,2026-09-08,dinner,app,1,0,,1.29,5.12,2.62,9.03,1
ORD-00630,2026-09-08,dinner,counter,4,0,,0.37,2.8,0.85,4.02,1
ORD-00631,2026-09-08,dinner,counter,2,1,,0.32,7.43,,,
ORD-00632,2026-09-08,dinner,app,1,0,,0.86,3.5,0.93,5.29,1
ORD-00633,2026-09-08,dinner,app,4,0,,1.03,4.47,0.64,6.14,1
ORD-00634,2026-09-08,dinner,app,3,0,payment,0.5,3.69,1.26,5.45,1
ORD-00635,2026-09-08,dinner,counter,4,0,stockout,1.15,10.9,0.51,12.56,0
ORD-00636,2026-09-08,dinner,counter,3,0,kitchen_rework,1.67,25.9,2.49,30.06,0
ORD-00637,2026-09-08,dinner,counter,2,0,,1.57,12.74,1.62,15.93,0
ORD-00638,2026-09-08,dinner,counter,1,0,,1.12,2.97,2.39,6.48,1
ORD-00639,2026-09-08,dinner,counter,2,0,,1.33,9.52,2.12,12.96,0
ORD-00640,2026-09-08,dinner,app,1,0,,0.73,5.63,1.96,8.31,1
ORD-00641,2026-09-08,dinner,app,2,0,,1.05,10.06,1.06,12.17,0
ORD-00642,2026-09-08,dinner,counter,4,0,,0.95,4.08,0.3,5.33,1
ORD-00643,2026-09-08,dinner,app,3,0,,1.26,9.9,1.84,12.99,0
ORD-00644,2026-09-08,dinner,app,3,0,,0.3,5.33,1.36,6.99,1
ORD-00645,2026-09-08,dinner,counter,1,0,,1.34,8.11,2.88,12.33,0
ORD-00646,2026-09-08,dinner,app,1,0,,0.52,9.79,1.53,11.83,1
ORD-00647,2026-09-08,dinner,app,4,0,,1.23,11.27,2.87,15.37,0
ORD-00648,2026-09-08,dinner,counter,2,0,,0.41,7.21,1.33,8.95,1
ORD-00649,2026-09-08,dinner,counter,3,0,,1.67,10.62,2.92,15.21,0
ORD-00650,2026-09-08,dinner,app,1,1,stockout,0.2,7.04,,,
ORD-00651,2026-09-09,breakfast,counter,3,0,,0.74,5.24,2.03,8.01,1
ORD-00652,2026-09-09,breakfast,app,3,0,,0.2,11.2,2.36,13.76,0
ORD-00653,2026-09-09,breakfast,app,4,0,,1.17,9.28,1.45,11.9,1
ORD-00654,2026-09-09,breakfast,counter,3,0,,1.27,12.46,2.08,15.8,0
ORD-00655,2026-09-09,breakfast,counter,1,1,,0.96,17.73,,,
ORD-00656,2026-09-09,breakfast,app,3,0,,0.2,6.07,1.5,7.77,1
ORD-00657,2026-09-09,breakfast,app,1,0,stockout,1.02,7.05,1.2,9.27,1
ORD-00658,2026-09-09,breakfast,app,3,0,,1.09,6.61,2.57,10.27,1
ORD-00659,2026-09-09,breakfast,counter,2,0,,1.65,9.76,2.15,13.56,0
ORD-00660,2026-09-09,breakfast,app,2,0,,1.58,7.11,0.62,9.31,1
ORD-00661,2026-09-09,breakfast,app,4,0,,0.2,12.03,0.3,12.53,0
ORD-00662,2026-09-09,breakfast,app,3,0,,1.51,16.12,1.0,18.63,0
ORD-00663,2026-09-09,breakfast,app,2,0,,1.56,9.83,0.99,12.38,0
ORD-00664,2026-09-09,breakfast,counter,1,0,,0.99,12.94,3.48,17.41,0
ORD-00665,2026-09-09,breakfast,app,2,0,,0.29,9.47,2.38,12.15,0
ORD-00666,2026-09-09,breakfast,counter,1,0,kitchen_rework,0.61,15.8,1.0,17.4,0
ORD-00667,2026-09-09,breakfast,app,2,0,,1.11,11.79,2.59,15.49,0
ORD-00668,2026-09-09,breakfast,app,2,0,,1.47,8.59,0.82,10.88,1
ORD-00669,2026-09-09,breakfast,counter,1,0,,0.26,14.95,0.84,16.05,0
ORD-00670,2026-09-09,breakfast,counter,1,0,,0.37,7.23,1.24,8.85,1
ORD-00671,2026-09-09,breakfast,app,1,0,,1.32,3.25,0.31,4.88,1
ORD-00672,2026-09-09,breakfast,app,4,0,,1.12,6.92,0.3,8.34,1
ORD-00673,2026-09-09,breakfast,app,3,0,,1.63,10.55,1.35,13.53,0
ORD-00674,2026-09-09,breakfast,counter,4,0,,0.43,11.42,1.05,12.9,0
ORD-00675,2026-09-09,breakfast,counter,1,0,,1.53,12.43,1.42,15.38,0
ORD-00676,2026-09-09,breakfast,app,4,0,,0.99,7.1,2.02,10.11,1
ORD-00677,2026-09-09,breakfast,app,3,0,payment,1.48,6.5,0.96,8.95,1
ORD-00678,2026-09-09,breakfast,app,1,0,,0.96,10.31,3.45,14.71,0
ORD-00679,2026-09-09,breakfast,app,2,0,,0.96,8.22,1.23,10.41,1
ORD-00680,2026-09-09,breakfast,app,4,0,,1.28,12.57,2.08,15.93,0
ORD-00681,2026-09-09,breakfast,app,3,1,,1.25,9.92,,,
ORD-00682,2026-09-09,breakfast,app,3,0,stockout,0.93,3.44,0.89,5.26,1
ORD-00683,2026-09-09,breakfast,app,1,0,,0.76,18.8,2.03,21.59,0
ORD-00684,2026-09-09,breakfast,counter,2,0,,1.1,13.33,0.98,15.41,0
ORD-00685,2026-09-09,breakfast,app,4,0,,0.63,5.39,1.59,7.61,1
ORD-00686,2026-09-09,breakfast,app,1,0,stockout,0.96,3.03,1.98,5.97,1
ORD-00687,2026-09-09,breakfast,app,3,0,,0.46,17.47,0.54,18.48,0
ORD-00688,2026-09-09,breakfast,counter,4,0,,0.83,11.62,2.69,15.15,0
ORD-00689,2026-09-09,breakfast,counter,1,0,,0.89,11.85,1.43,14.17,0
ORD-00690,2026-09-09,breakfast,app,1,0,,0.62,11.07,1.83,13.52,0
ORD-00691,2026-09-09,breakfast,app,2,0,,1.4,9.31,0.52,11.22,1
ORD-00692,2026-09-09,breakfast,counter,4,0,,1.17,10.45,0.86,12.47,0
ORD-00693,2026-09-09,breakfast,app,4,0,,0.33,5.9,0.4,6.63,1
ORD-00694,2026-09-09,breakfast,counter,2,0,,0.2,12.84,1.66,14.69,0
ORD-00695,2026-09-09,breakfast,counter,2,0,,1.56,9.21,1.32,12.08,0
ORD-00696,2026-09-09,breakfast,counter,1,0,,1.04,11.93,2.1,15.08,0
ORD-00697,2026-09-09,breakfast,counter,3,0,kitchen_rework,1.03,24.34,1.22,26.58,0
ORD-00698,2026-09-09,breakfast,counter,3,0,,1.37,11.28,1.39,14.05,0
ORD-00699,2026-09-09,breakfast,app,3,1,,0.9,14.49,,,
ORD-00700,2026-09-09,breakfast,app,2,0,,1.61,5.82,1.92,9.35,1
ORD-00701,2026-09-09,breakfast,app,4,0,,0.87,3.95,0.3,5.12,1
ORD-00702,2026-09-09,breakfast,app,2,0,,1.87,15.13,2.22,19.21,0
ORD-00703,2026-09-09,breakfast,counter,1,0,payment,0.2,6.12,1.17,7.49,1
ORD-00704,2026-09-09,breakfast,counter,3,0,,1.9,16.43,0.97,19.3,0
ORD-00705,2026-09-09,breakfast,counter,3,0,,1.29,9.18,2.07,12.53,0
ORD-00706,2026-09-09,breakfast,counter,2,0,,0.92,10.11,1.25,12.28,0
ORD-00707,2026-09-09,breakfast,counter,4,0,,0.2,9.98,1.43,11.62,1
ORD-00708,2026-09-09,breakfast,counter,1,0,stockout,0.51,7.06,1.07,8.64,1
ORD-00709,2026-09-09,breakfast,counter,3,0,,1.39,3.76,1.91,7.06,1
ORD-00710,2026-09-09,breakfast,app,4,0,,0.76,12.22,2.04,15.03,0
ORD-00711,2026-09-09,breakfast,counter,2,0,,0.9,4.01,1.46,6.37,1
ORD-00712,2026-09-09,breakfast,counter,3,0,,1.32,6.57,1.73,9.62,1
ORD-00713,2026-09-09,breakfast,app,4,0,,0.71,10.27,1.39,12.37,0
ORD-00714,2026-09-09,breakfast,counter,2,0,,1.48,14.16,2.13,17.77,0
ORD-00715,2026-09-09,breakfast,counter,4,0,,1.46,7.7,3.62,12.77,0
ORD-00716,2026-09-09,breakfast,app,4,0,,0.97,10.47,1.47,12.92,0
ORD-00717,2026-09-09,breakfast,counter,2,0,,1.51,14.09,2.54,18.14,0
ORD-00718,2026-09-09,breakfast,counter,2,0,,0.56,8.98,1.73,11.26,1
ORD-00719,2026-09-09,breakfast,counter,4,0,,0.74,14.01,0.3,15.05,0
ORD-00720,2026-09-09,breakfast,counter,2,0,,1.01,7.69,1.8,10.5,1
ORD-00721,2026-09-09,breakfast,app,4,0,,0.39,9.58,0.3,10.27,1
ORD-00722,2026-09-09,breakfast,app,1,0,kitchen_rework,0.99,21.6,0.85,23.44,0
ORD-00723,2026-09-09,breakfast,counter,4,0,,1.55,3.31,0.63,5.49,1
ORD-00724,2026-09-09,breakfast,app,4,0,kitchen_rework,1.16,21.77,3.04,25.98,0
ORD-00725,2026-09-09,breakfast,counter,2,0,,1.71,14.99,1.18,17.88,0
ORD-00726,2026-09-09,breakfast,counter,2,0,,1.96,8.34,2.43,12.73,0
ORD-00727,2026-09-09,breakfast,counter,3,0,,0.6,2.3,1.65,4.55,1
ORD-00728,2026-09-09,breakfast,app,3,0,,1.28,4.4,0.95,6.63,1
ORD-00729,2026-09-09,breakfast,app,1,0,kitchen_rework,1.22,28.46,2.02,31.7,0
ORD-00730,2026-09-09,breakfast,app,4,0,,0.99,5.27,0.65,6.91,1
ORD-00731,2026-09-09,breakfast,app,2,0,,0.95,10.4,2.24,13.59,0
ORD-00732,2026-09-09,breakfast,app,3,0,,0.5,5.6,1.15,7.25,1
ORD-00733,2026-09-09,breakfast,app,3,0,,1.28,9.02,2.71,13.01,0
ORD-00734,2026-09-09,breakfast,app,2,0,,1.09,16.31,1.63,19.03,0
ORD-00735,2026-09-09,breakfast,counter,3,0,,0.67,6.24,1.91,8.83,1
ORD-00736,2026-09-09,lunch,counter,3,0,,0.59,6.41,2.02,9.02,1
ORD-00737,2026-09-09,lunch,app,4,0,,0.68,7.05,1.27,9.0,1
ORD-00738,2026-09-09,lunch,app,1,0,,1.72,10.5,1.03,13.25,0
ORD-00739,2026-09-09,lunch,counter,2,0,,1.46,11.93,3.63,17.02,0
ORD-00740,2026-09-09,lunch,counter,2,0,,0.2,5.9,1.76,7.87,1
ORD-00741,2026-09-09,lunch,app,2,0,,0.74,6.99,1.27,9.0,1
ORD-00742,2026-09-09,lunch,counter,1,0,,1.07,9.55,1.82,12.43,0
ORD-00743,2026-09-09,lunch,app,3,0,,1.16,8.72,2.34,12.22,0
ORD-00744,2026-09-09,lunch,counter,3,0,,0.68,4.28,1.44,6.4,1
ORD-00745,2026-09-09,lunch,counter,4,0,,0.67,5.79,0.96,7.41,1
ORD-00746,2026-09-09,lunch,app,4,0,,1.3,13.94,2.73,17.96,0
ORD-00747,2026-09-09,lunch,app,2,0,,1.39,10.99,3.45,15.83,0
ORD-00748,2026-09-09,lunch,app,2,0,,1.07,7.05,1.62,9.74,1
ORD-00749,2026-09-09,lunch,counter,1,0,,0.7,5.67,1.6,7.97,1
ORD-00750,2026-09-09,lunch,app,4,0,,1.72,2.52,1.66,5.9,1
ORD-00751,2026-09-09,lunch,app,1,0,payment,1.11,10.69,0.3,12.1,0
ORD-00752,2026-09-09,lunch,counter,1,0,,0.67,5.61,1.05,7.33,1
ORD-00753,2026-09-09,lunch,counter,2,0,,1.07,12.58,1.2,14.84,0
ORD-00754,2026-09-09,lunch,counter,2,0,,1.8,11.07,2.16,15.02,0
ORD-00755,2026-09-09,lunch,app,3,0,stockout,1.54,4.4,0.3,6.24,1
ORD-00756,2026-09-09,lunch,counter,4,0,,1.0,11.06,1.37,13.43,0
ORD-00757,2026-09-09,lunch,app,3,0,,1.37,8.4,1.64,11.41,1
ORD-00758,2026-09-09,lunch,counter,3,0,,1.79,6.5,1.24,9.53,1
ORD-00759,2026-09-09,lunch,counter,3,0,,0.73,9.75,2.03,12.5,0
ORD-00760,2026-09-09,lunch,counter,2,0,,1.12,6.62,0.3,8.04,1
ORD-00761,2026-09-09,lunch,counter,1,0,,0.2,8.53,1.66,10.39,1
ORD-00762,2026-09-09,lunch,app,4,0,,1.01,8.63,1.46,11.1,1
ORD-00763,2026-09-09,lunch,app,2,0,stockout,0.89,11.54,1.4,13.83,0
ORD-00764,2026-09-09,lunch,app,4,0,,1.42,3.21,0.52,5.15,1
ORD-00765,2026-09-09,lunch,counter,3,0,,1.71,8.1,2.69,12.5,0
ORD-00766,2026-09-09,lunch,app,3,0,,1.14,7.43,0.75,9.33,1
ORD-00767,2026-09-09,lunch,counter,4,0,,1.13,7.43,1.7,10.26,1
ORD-00768,2026-09-09,lunch,counter,1,0,,1.51,10.27,3.57,15.36,0
ORD-00769,2026-09-09,lunch,counter,3,0,,1.72,6.3,0.96,8.98,1
ORD-00770,2026-09-09,lunch,app,3,0,,1.06,2.8,1.3,5.16,1
ORD-00771,2026-09-09,lunch,app,2,0,,0.43,6.29,1.31,8.03,1
ORD-00772,2026-09-09,lunch,app,3,0,,1.99,7.9,2.85,12.74,0
ORD-00773,2026-09-09,lunch,counter,2,0,,1.51,8.22,1.6,11.33,1
ORD-00774,2026-09-09,lunch,app,1,0,,1.18,8.52,1.2,10.9,1
ORD-00775,2026-09-09,lunch,app,1,0,,1.05,7.11,4.17,12.33,0
ORD-00776,2026-09-09,lunch,counter,1,0,,0.44,10.45,1.09,11.98,1
ORD-00777,2026-09-09,lunch,counter,4,0,,1.01,8.14,1.55,10.7,1
ORD-00778,2026-09-09,lunch,counter,2,0,,1.2,13.48,2.04,16.73,0
ORD-00779,2026-09-09,lunch,counter,2,0,,0.31,2.88,0.47,3.65,1
ORD-00780,2026-09-09,lunch,counter,1,0,payment,1.2,5.66,2.16,9.03,1
ORD-00781,2026-09-09,lunch,app,1,0,,0.84,8.03,1.6,10.48,1
ORD-00782,2026-09-09,lunch,counter,1,0,,0.72,6.34,0.49,7.55,1
ORD-00783,2026-09-09,lunch,counter,1,0,,0.5,8.07,2.21,10.77,1
ORD-00784,2026-09-09,lunch,counter,4,0,,0.82,15.52,1.56,17.91,0
ORD-00785,2026-09-09,lunch,app,4,0,payment,1.45,8.55,1.38,11.38,1
ORD-00786,2026-09-09,lunch,app,3,0,,0.22,5.21,2.65,8.07,1
ORD-00787,2026-09-09,lunch,counter,2,0,,1.33,7.1,1.71,10.14,1
ORD-00788,2026-09-09,lunch,app,1,1,,0.99,3.7,,,
ORD-00789,2026-09-09,lunch,counter,4,0,,1.53,10.56,2.49,14.58,0
ORD-00790,2026-09-09,lunch,counter,4,0,,1.9,9.86,3.06,14.82,0
ORD-00791,2026-09-09,lunch,app,1,0,,1.46,8.56,2.43,12.45,0
ORD-00792,2026-09-09,lunch,counter,1,0,,1.05,6.61,1.49,9.14,1
ORD-00793,2026-09-09,lunch,counter,4,0,,1.26,4.14,0.85,6.25,1
ORD-00794,2026-09-09,lunch,counter,3,0,,0.6,5.06,0.72,6.38,1
ORD-00795,2026-09-09,lunch,counter,1,0,,0.97,7.49,2.37,10.84,1
ORD-00796,2026-09-09,lunch,counter,1,0,,1.54,11.38,1.7,14.62,0
ORD-00797,2026-09-09,lunch,app,2,0,,1.21,7.15,0.93,9.3,1
ORD-00798,2026-09-09,lunch,app,1,0,kitchen_rework,0.95,15.97,0.3,17.22,0
ORD-00799,2026-09-09,lunch,app,2,0,,0.95,7.6,2.62,11.17,1
ORD-00800,2026-09-09,lunch,app,4,0,,0.99,6.31,1.52,8.81,1
ORD-00801,2026-09-09,lunch,counter,3,0,,1.16,2.0,1.85,5.02,1
ORD-00802,2026-09-09,lunch,app,1,0,stockout,0.61,8.28,0.3,9.19,1
ORD-00803,2026-09-09,lunch,app,1,0,,1.11,11.53,1.51,14.15,0
ORD-00804,2026-09-09,lunch,app,2,0,,0.42,2.94,0.3,3.66,1
ORD-00805,2026-09-09,lunch,app,2,0,,1.35,11.88,1.87,15.11,0
ORD-00806,2026-09-09,lunch,app,1,0,,1.17,11.12,1.15,13.45,0
ORD-00807,2026-09-09,lunch,app,4,0,,1.37,7.7,1.51,10.57,1
ORD-00808,2026-09-09,lunch,counter,1,0,stockout,0.42,4.18,1.18,5.79,1
ORD-00809,2026-09-09,lunch,app,2,0,,0.66,11.12,1.67,13.44,0
ORD-00810,2026-09-09,lunch,app,1,0,,0.84,6.33,2.16,9.34,1
ORD-00811,2026-09-09,lunch,counter,2,0,,0.74,12.61,0.3,13.65,0
ORD-00812,2026-09-09,lunch,app,1,0,,0.65,3.24,0.3,4.19,1
ORD-00813,2026-09-09,lunch,app,3,0,,0.93,9.31,2.46,12.69,0
ORD-00814,2026-09-09,lunch,app,3,0,,0.45,8.67,0.85,9.97,1
ORD-00815,2026-09-09,lunch,counter,4,0,kitchen_rework,1.32,16.63,0.5,18.45,0
ORD-00816,2026-09-09,lunch,counter,2,0,,1.36,11.16,3.5,16.02,0
ORD-00817,2026-09-09,lunch,counter,3,1,,0.89,4.33,,,
ORD-00818,2026-09-09,lunch,app,2,0,,1.25,13.4,1.67,16.31,0
ORD-00819,2026-09-09,lunch,counter,1,0,kitchen_rework,0.77,17.27,0.93,18.98,0
ORD-00820,2026-09-09,lunch,app,2,0,,1.11,5.32,0.3,6.73,1
ORD-00821,2026-09-09,lunch,app,2,0,,0.2,5.81,1.08,7.09,1
ORD-00822,2026-09-09,lunch,app,3,0,,1.4,8.28,1.42,11.1,1
ORD-00823,2026-09-09,lunch,app,3,1,,0.76,8.76,,,
ORD-00824,2026-09-09,lunch,app,4,0,,1.35,2.44,1.62,5.42,1
ORD-00825,2026-09-09,lunch,app,3,0,,1.09,10.94,0.3,12.32,0
ORD-00826,2026-09-09,lunch,counter,1,0,,0.64,6.47,2.38,9.48,1
ORD-00827,2026-09-09,lunch,counter,1,0,,1.07,3.77,1.67,6.52,1
ORD-00828,2026-09-09,lunch,counter,3,0,,1.76,5.94,0.54,8.24,1
ORD-00829,2026-09-09,lunch,app,1,0,,0.71,3.24,1.22,5.17,1
ORD-00830,2026-09-09,lunch,counter,1,0,,1.4,7.86,1.91,11.17,1
ORD-00831,2026-09-09,lunch,app,3,0,,1.03,7.96,2.62,11.6,1
ORD-00832,2026-09-09,lunch,counter,2,0,,0.78,10.41,1.17,12.36,0
ORD-00833,2026-09-09,lunch,app,4,0,,0.6,9.95,0.3,10.85,1
ORD-00834,2026-09-09,lunch,counter,1,0,,0.46,6.4,1.16,8.02,1
ORD-00835,2026-09-09,lunch,app,3,0,,1.04,3.86,3.09,8.0,1
ORD-00836,2026-09-09,lunch,app,1,0,,1.11,12.19,2.59,15.89,0
ORD-00837,2026-09-09,lunch,counter,3,0,,1.53,6.78,2.17,10.48,1
ORD-00838,2026-09-09,lunch,counter,3,0,payment,0.88,6.7,1.34,8.92,1
ORD-00839,2026-09-09,lunch,app,3,0,,1.33,4.39,2.17,7.88,1
ORD-00840,2026-09-09,lunch,app,1,0,,1.51,5.04,1.11,7.66,1
ORD-00841,2026-09-09,lunch,app,4,0,,0.53,7.4,1.39,9.31,1
ORD-00842,2026-09-09,lunch,counter,3,0,,1.61,14.24,3.15,19.01,0
ORD-00843,2026-09-09,lunch,app,3,1,,0.55,8.2,,,
ORD-00844,2026-09-09,lunch,app,4,0,,0.72,5.47,1.78,7.97,1
ORD-00845,2026-09-09,lunch,app,4,0,,0.51,3.37,0.72,4.6,1
ORD-00846,2026-09-09,lunch,counter,1,0,,0.54,5.27,1.15,6.96,1
ORD-00847,2026-09-09,lunch,counter,1,0,,1.04,7.8,3.54,12.39,0
ORD-00848,2026-09-09,lunch,counter,1,0,,0.95,7.77,0.3,9.01,1
ORD-00849,2026-09-09,lunch,counter,1,0,,1.24,10.18,1.46,12.88,0
ORD-00850,2026-09-09,lunch,app,1,0,,0.61,8.46,1.26,10.33,1
ORD-00851,2026-09-09,lunch,counter,4,0,,1.18,7.22,0.73,9.14,1
ORD-00852,2026-09-09,lunch,counter,4,0,payment,1.48,8.69,3.83,14.0,0
ORD-00853,2026-09-09,lunch,counter,1,0,,0.74,7.75,0.3,8.79,1
ORD-00854,2026-09-09,lunch,app,1,0,,1.0,14.48,2.73,18.21,0
ORD-00855,2026-09-09,lunch,counter,3,0,,0.9,6.33,2.08,9.31,1
ORD-00856,2026-09-09,lunch,counter,2,0,,0.86,4.33,2.61,7.8,1
ORD-00857,2026-09-09,lunch,app,4,0,,1.38,7.38,0.3,9.06,1
ORD-00858,2026-09-09,lunch,app,1,0,,0.91,7.46,1.62,9.99,1
ORD-00859,2026-09-09,lunch,app,3,0,,1.32,12.04,2.35,15.7,0
ORD-00860,2026-09-09,lunch,app,2,0,,0.4,7.56,0.37,8.33,1
ORD-00861,2026-09-09,dinner,counter,1,0,,1.68,8.25,0.97,10.91,1
ORD-00862,2026-09-09,dinner,counter,1,0,,1.37,11.78,2.27,15.42,0
ORD-00863,2026-09-09,dinner,counter,1,0,,0.57,6.72,1.46,8.76,1
ORD-00864,2026-09-09,dinner,app,3,0,,0.87,17.29,1.07,19.23,0
ORD-00865,2026-09-09,dinner,app,3,0,,1.06,13.24,1.19,15.5,0
ORD-00866,2026-09-09,dinner,counter,2,0,,1.42,13.34,2.43,17.19,0
ORD-00867,2026-09-09,dinner,counter,3,0,,0.51,8.36,1.31,10.18,1
ORD-00868,2026-09-09,dinner,counter,2,0,,0.2,11.63,0.5,12.33,0
ORD-00869,2026-09-09,dinner,app,1,0,,1.07,14.42,3.31,18.8,0
ORD-00870,2026-09-09,dinner,app,1,0,stockout,0.52,13.36,1.32,15.21,0
ORD-00871,2026-09-09,dinner,counter,3,0,,0.2,15.96,0.82,16.99,0
ORD-00872,2026-09-09,dinner,counter,2,0,,1.26,5.55,2.06,8.86,1
ORD-00873,2026-09-09,dinner,counter,1,0,,0.69,9.04,1.94,11.66,1
ORD-00874,2026-09-09,dinner,app,1,0,,1.01,10.79,2.87,14.68,0
ORD-00875,2026-09-09,dinner,app,1,0,payment,1.29,6.6,1.57,9.46,1
ORD-00876,2026-09-09,dinner,counter,4,0,payment,1.65,10.99,2.67,15.3,0
ORD-00877,2026-09-09,dinner,app,3,0,,1.58,11.9,3.17,16.65,0
ORD-00878,2026-09-09,dinner,app,2,0,,1.65,10.33,1.38,13.37,0
ORD-00879,2026-09-09,dinner,app,3,0,,1.54,10.1,0.3,11.94,1
ORD-00880,2026-09-09,dinner,counter,3,0,,1.23,14.91,1.4,17.54,0
ORD-00881,2026-09-09,dinner,app,4,0,,0.89,7.03,2.02,9.94,1
ORD-00882,2026-09-09,dinner,counter,4,0,,1.08,5.47,1.35,7.89,1
ORD-00883,2026-09-09,dinner,app,3,0,,1.31,17.65,2.67,21.64,0
ORD-00884,2026-09-09,dinner,counter,4,0,,0.29,7.28,0.3,7.87,1
ORD-00885,2026-09-09,dinner,app,2,0,,0.54,3.8,1.48,5.82,1
ORD-00886,2026-09-09,dinner,counter,2,0,,0.67,6.73,0.3,7.7,1
ORD-00887,2026-09-09,dinner,app,3,0,,0.49,3.03,2.24,5.76,1
ORD-00888,2026-09-09,dinner,app,2,0,,0.61,7.47,0.62,8.7,1
ORD-00889,2026-09-09,dinner,app,4,0,,0.7,6.91,2.89,10.5,1
ORD-00890,2026-09-09,dinner,app,1,0,stockout,0.96,13.01,1.05,15.02,0
ORD-00891,2026-09-09,dinner,counter,2,0,,0.52,5.91,0.3,6.73,1
ORD-00892,2026-09-09,dinner,app,2,0,,1.26,10.63,2.05,13.95,0
ORD-00893,2026-09-09,dinner,app,1,0,kitchen_rework,1.77,18.56,3.14,23.46,0
ORD-00894,2026-09-09,dinner,counter,3,0,,1.2,7.93,1.37,10.5,1
ORD-00895,2026-09-09,dinner,counter,3,0,,0.92,11.51,0.3,12.72,0
ORD-00896,2026-09-09,dinner,app,2,0,,1.29,3.99,0.3,5.57,1
ORD-00897,2026-09-09,dinner,counter,3,0,payment,0.3,10.0,0.3,10.6,1
ORD-00898,2026-09-09,dinner,app,3,0,,0.2,3.2,1.63,5.03,1
ORD-00899,2026-09-09,dinner,counter,1,0,,0.94,6.09,1.01,8.04,1
ORD-00900,2026-09-09,dinner,counter,1,0,,1.17,9.5,1.32,12.0,1
ORD-00901,2026-09-09,dinner,app,2,0,,0.2,8.73,0.3,9.23,1
ORD-00902,2026-09-09,dinner,app,1,0,,0.85,3.87,0.95,5.67,1
ORD-00903,2026-09-09,dinner,app,3,0,,0.61,12.18,2.37,15.16,0
ORD-00904,2026-09-09,dinner,counter,2,0,,0.85,10.05,0.65,11.54,1
ORD-00905,2026-09-09,dinner,app,2,0,,0.66,14.07,1.47,16.21,0
ORD-00906,2026-09-09,dinner,app,1,0,,1.17,7.23,1.41,9.81,1
ORD-00907,2026-09-09,dinner,counter,3,0,,1.81,9.87,2.39,14.06,0
ORD-00908,2026-09-09,dinner,app,1,0,,1.52,9.49,0.49,11.49,1
ORD-00909,2026-09-09,dinner,app,4,0,,1.15,12.83,2.2,16.17,0
ORD-00910,2026-09-09,dinner,app,3,0,,0.34,10.28,0.3,10.92,1
ORD-00911,2026-09-09,dinner,app,4,0,,1.79,7.43,1.52,10.75,1
ORD-00912,2026-09-09,dinner,counter,3,0,,1.64,14.38,1.97,17.99,0
ORD-00913,2026-09-09,dinner,app,3,0,,0.72,13.34,1.95,16.01,0
ORD-00914,2026-09-09,dinner,counter,4,0,stockout,1.61,12.09,0.88,14.58,0
ORD-00915,2026-09-09,dinner,counter,3,0,,1.53,13.01,1.43,15.97,0
ORD-00916,2026-09-09,dinner,app,4,0,,1.28,15.4,3.27,19.95,0
ORD-00917,2026-09-09,dinner,counter,2,0,,1.04,10.9,3.49,15.44,0
ORD-00918,2026-09-09,dinner,app,3,0,,0.52,6.19,1.62,8.33,1
ORD-00919,2026-09-09,dinner,app,1,0,,1.01,10.01,1.7,12.72,0
ORD-00920,2026-09-09,dinner,app,4,0,,0.77,14.62,2.35,17.74,0
ORD-00921,2026-09-09,dinner,counter,1,0,stockout,0.71,11.69,1.35,13.75,0
ORD-00922,2026-09-09,dinner,counter,2,0,,1.2,8.13,2.96,12.29,0
ORD-00923,2026-09-09,dinner,counter,1,0,kitchen_rework,0.62,13.57,3.08,17.28,0
ORD-00924,2026-09-09,dinner,counter,3,0,,0.2,5.23,0.3,5.73,1
ORD-00925,2026-09-09,dinner,app,3,0,,0.53,8.04,1.93,10.51,1
ORD-00926,2026-09-09,dinner,counter,1,0,,0.98,8.57,1.27,10.82,1
ORD-00927,2026-09-09,dinner,counter,1,0,stockout,1.08,4.7,1.36,7.14,1
ORD-00928,2026-09-09,dinner,counter,1,0,,1.39,16.55,3.12,21.06,0
ORD-00929,2026-09-09,dinner,counter,4,0,,0.2,5.87,2.59,8.66,1
ORD-00930,2026-09-09,dinner,counter,2,0,,0.87,11.89,3.38,16.15,0
ORD-00931,2026-09-09,dinner,app,4,0,,1.31,17.04,2.27,20.62,0
ORD-00932,2026-09-09,dinner,app,4,0,,1.06,6.61,1.12,8.78,1
ORD-00933,2026-09-09,dinner,counter,2,0,,0.67,13.72,0.45,14.83,0
ORD-00934,2026-09-09,dinner,app,3,0,,0.67,10.36,1.36,12.39,0
ORD-00935,2026-09-09,dinner,counter,4,0,,0.41,7.96,1.74,10.12,1
ORD-00936,2026-09-09,dinner,app,3,0,,1.26,7.6,1.59,10.45,1
ORD-00937,2026-09-09,dinner,app,3,0,stockout,1.14,12.89,1.69,15.73,0
ORD-00938,2026-09-09,dinner,app,1,0,,0.56,9.37,1.36,11.29,1
ORD-00939,2026-09-09,dinner,app,1,0,,0.78,7.74,1.28,9.8,1
ORD-00940,2026-09-09,dinner,app,1,0,,0.74,16.34,1.69,18.77,0
ORD-00941,2026-09-09,dinner,app,1,0,,1.62,6.34,1.47,9.43,1
ORD-00942,2026-09-09,dinner,counter,2,0,,1.48,8.0,2.21,11.7,1
ORD-00943,2026-09-09,dinner,app,1,0,,2.09,6.03,0.92,9.04,1
ORD-00944,2026-09-09,dinner,app,4,0,payment,0.2,7.29,1.68,9.17,1
ORD-00945,2026-09-09,dinner,app,3,0,,0.45,11.93,1.43,13.81,0
ORD-00946,2026-09-09,dinner,counter,3,0,,1.08,4.63,2.42,8.14,1
ORD-00947,2026-09-09,dinner,app,3,0,,0.2,6.98,0.6,7.78,1
ORD-00948,2026-09-09,dinner,counter,4,0,,1.3,11.32,1.97,14.59,0
ORD-00949,2026-09-09,dinner,counter,1,0,,1.78,9.97,1.57,13.32,0
ORD-00950,2026-09-09,dinner,counter,3,0,,0.91,5.75,2.21,8.86,1
ORD-00951,2026-09-09,dinner,app,1,0,kitchen_rework,1.15,15.5,0.99,17.64,0
ORD-00952,2026-09-09,dinner,counter,3,1,,0.84,10.05,,,
ORD-00953,2026-09-09,dinner,counter,1,0,,0.37,5.83,1.85,8.06,1
ORD-00954,2026-09-09,dinner,app,3,0,,0.93,6.15,0.3,7.38,1
ORD-00955,2026-09-09,dinner,counter,2,0,,1.32,9.22,1.92,12.46,0
ORD-00956,2026-09-09,dinner,counter,1,0,,1.41,7.07,1.86,10.34,1
ORD-00957,2026-09-09,dinner,app,2,0,,0.21,8.17,0.85,9.23,1
ORD-00958,2026-09-09,dinner,app,4,0,,1.5,12.21,0.82,14.53,0
ORD-00959,2026-09-09,dinner,app,2,0,,1.82,9.07,2.97,13.86,0
ORD-00960,2026-09-09,dinner,counter,4,0,,0.73,10.41,1.49,12.63,0
ORD-00961,2026-09-09,dinner,counter,1,0,,1.25,13.86,1.59,16.7,0
ORD-00962,2026-09-09,dinner,app,3,0,,1.32,6.58,0.86,8.77,1
ORD-00963,2026-09-09,dinner,app,1,0,kitchen_rework,2.46,21.55,2.9,26.91,0
ORD-00964,2026-09-09,dinner,app,3,0,,0.6,4.71,0.3,5.61,1
ORD-00965,2026-09-09,dinner,app,1,0,,0.42,3.12,0.47,4.01,1
ORD-00966,2026-09-09,dinner,app,1,0,,0.37,9.5,0.3,10.17,1
ORD-00967,2026-09-09,dinner,counter,4,0,,1.5,6.34,2.9,10.74,1
ORD-00968,2026-09-09,dinner,app,4,0,,0.63,6.78,0.3,7.72,1
ORD-00969,2026-09-09,dinner,counter,2,0,,0.62,11.23,2.99,14.84,0
ORD-00970,2026-09-09,dinner,counter,1,0,stockout,0.96,7.82,1.97,10.76,1
ORD-00971,2026-09-09,dinner,app,4,0,kitchen_rework,1.48,21.29,2.98,25.74,0
ORD-00972,2026-09-09,dinner,counter,1,0,,0.99,5.38,0.69,7.06,1
ORD-00973,2026-09-09,dinner,app,2,0,,0.2,6.17,0.3,6.67,1
ORD-00974,2026-09-09,dinner,app,1,0,,1.43,7.7,1.72,10.86,1
ORD-00975,2026-09-09,dinner,counter,4,0,kitchen_rework,1.48,15.21,0.56,17.24,0
ORD-00976,2026-09-10,breakfast,app,1,0,,1.27,15.64,2.09,19.0,0
ORD-00977,2026-09-10,breakfast,counter,1,0,,0.57,7.05,0.97,8.6,1
ORD-00978,2026-09-10,breakfast,counter,4,0,,0.2,7.64,2.29,10.13,1
ORD-00979,2026-09-10,breakfast,counter,3,0,,1.19,9.09,0.84,11.12,1
ORD-00980,2026-09-10,breakfast,counter,3,1,,0.66,7.24,,,
ORD-00981,2026-09-10,breakfast,app,2,0,,1.35,12.92,1.81,16.09,0
ORD-00982,2026-09-10,breakfast,counter,1,0,,0.39,2.78,2.58,5.75,1
ORD-00983,2026-09-10,breakfast,counter,4,0,,0.53,13.85,2.79,17.17,0
ORD-00984,2026-09-10,breakfast,counter,2,0,,1.14,11.97,1.03,14.14,0
ORD-00985,2026-09-10,breakfast,counter,4,0,stockout,1.03,4.08,0.3,5.41,1
ORD-00986,2026-09-10,breakfast,app,1,0,,1.14,11.96,4.36,17.46,0
ORD-00987,2026-09-10,breakfast,counter,1,0,,1.42,6.67,2.98,11.08,1
ORD-00988,2026-09-10,breakfast,app,2,0,,1.01,7.46,2.01,10.48,1
ORD-00989,2026-09-10,breakfast,app,3,0,,0.8,10.62,1.8,13.21,0
ORD-00990,2026-09-10,breakfast,counter,1,0,payment,0.31,11.18,1.48,12.97,0
ORD-00991,2026-09-10,breakfast,counter,3,0,,0.78,5.45,0.71,6.94,1
ORD-00992,2026-09-10,breakfast,app,4,0,payment,0.87,7.34,1.68,9.89,1
ORD-00993,2026-09-10,breakfast,app,2,0,,1.32,7.85,2.34,11.51,1
ORD-00994,2026-09-10,breakfast,counter,4,0,,0.68,6.09,1.41,8.18,1
ORD-00995,2026-09-10,breakfast,counter,4,0,,0.2,3.75,1.34,5.29,1
ORD-00996,2026-09-10,breakfast,counter,4,0,,1.29,6.31,1.28,8.88,1
ORD-00997,2026-09-10,breakfast,app,4,0,,0.78,4.62,0.56,5.96,1
ORD-00998,2026-09-10,breakfast,counter,3,0,,0.57,11.51,3.1,15.18,0
ORD-00999,2026-09-10,breakfast,app,3,0,,1.41,9.73,2.15,13.29,0
ORD-01000,2026-09-10,breakfast,app,3,0,,0.32,2.0,1.6,3.92,1
ORD-01001,2026-09-10,breakfast,app,1,0,,1.73,13.8,1.62,17.15,0
ORD-01002,2026-09-10,breakfast,counter,2,0,,0.61,14.67,1.74,17.02,0
ORD-01003,2026-09-10,breakfast,app,2,0,,0.74,10.98,0.92,12.64,0
ORD-01004,2026-09-10,breakfast,counter,4,0,,1.13,5.63,1.8,8.56,1
ORD-01005,2026-09-10,breakfast,app,3,0,,1.76,7.38,0.37,9.52,1
ORD-01006,2026-09-10,breakfast,app,2,0,,1.24,14.77,1.6,17.62,0
ORD-01007,2026-09-10,breakfast,counter,2,0,,0.2,8.77,0.3,9.27,1
ORD-01008,2026-09-10,breakfast,app,4,0,,1.55,12.34,1.83,15.71,0
ORD-01009,2026-09-10,breakfast,app,1,0,,0.5,5.74,0.87,7.12,1
ORD-01010,2026-09-10,breakfast,app,1,0,,1.67,10.24,1.16,13.06,0
ORD-01011,2026-09-10,breakfast,counter,4,0,,1.28,6.31,1.48,9.08,1
ORD-01012,2026-09-10,breakfast,counter,4,0,stockout,1.21,3.69,2.08,6.98,1
ORD-01013,2026-09-10,breakfast,app,3,0,,1.15,9.18,1.31,11.65,1
ORD-01014,2026-09-10,breakfast,app,1,0,,1.14,2.0,0.3,3.44,1
ORD-01015,2026-09-10,breakfast,app,3,0,,1.31,9.85,1.72,12.87,0
ORD-01016,2026-09-10,breakfast,app,2,0,,1.47,15.9,2.73,20.1,0
ORD-01017,2026-09-10,breakfast,app,2,0,,1.13,9.83,2.57,13.54,0
ORD-01018,2026-09-10,breakfast,app,1,0,,0.94,11.22,0.48,12.64,0
ORD-01019,2026-09-10,breakfast,counter,4,1,stockout,1.15,11.63,,,
ORD-01020,2026-09-10,breakfast,counter,2,0,,0.85,15.61,0.79,17.25,0
ORD-01021,2026-09-10,breakfast,app,4,0,stockout,1.15,5.35,0.71,7.21,1
ORD-01022,2026-09-10,breakfast,app,2,0,,1.33,11.27,1.97,14.56,0
ORD-01023,2026-09-10,breakfast,counter,3,0,,1.49,17.26,0.9,19.65,0
ORD-01024,2026-09-10,breakfast,counter,4,0,,1.03,7.87,0.41,9.31,1
ORD-01025,2026-09-10,breakfast,counter,2,0,,1.19,9.71,2.22,13.11,0
ORD-01026,2026-09-10,breakfast,app,3,0,,1.17,8.8,3.0,12.98,0
ORD-01027,2026-09-10,breakfast,app,1,0,,1.92,8.5,1.7,12.13,0
ORD-01028,2026-09-10,breakfast,counter,4,0,,0.33,13.08,0.3,13.71,0
ORD-01029,2026-09-10,breakfast,app,2,0,,0.77,5.91,2.59,9.27,1
ORD-01030,2026-09-10,breakfast,app,3,0,,0.2,10.33,0.88,11.41,1
ORD-01031,2026-09-10,breakfast,counter,3,0,,1.53,12.27,3.22,17.02,0
ORD-01032,2026-09-10,breakfast,app,2,0,,0.78,8.12,1.06,9.95,1
ORD-01033,2026-09-10,breakfast,app,2,0,,2.55,11.59,2.19,16.33,0
ORD-01034,2026-09-10,breakfast,app,3,0,,0.74,10.57,1.27,12.59,0
ORD-01035,2026-09-10,breakfast,counter,3,0,,0.98,8.79,3.09,12.87,0
ORD-01036,2026-09-10,breakfast,counter,3,0,kitchen_rework,1.43,14.05,1.81,17.28,0
ORD-01037,2026-09-10,breakfast,counter,2,0,,0.87,5.5,1.65,8.02,1
ORD-01038,2026-09-10,breakfast,app,2,0,,0.45,10.6,1.06,12.12,0
ORD-01039,2026-09-10,breakfast,app,2,0,,1.51,4.01,2.14,7.65,1
ORD-01040,2026-09-10,breakfast,counter,4,0,,1.36,6.57,1.72,9.65,1
ORD-01041,2026-09-10,breakfast,app,2,0,,1.03,10.2,2.33,13.56,0
ORD-01042,2026-09-10,breakfast,counter,2,0,,1.22,9.27,0.3,10.79,1
ORD-01043,2026-09-10,breakfast,app,1,0,,0.85,7.35,0.67,8.87,1
ORD-01044,2026-09-10,breakfast,app,1,0,,1.13,7.27,0.3,8.7,1
ORD-01045,2026-09-10,breakfast,app,3,0,,0.33,7.2,0.53,8.06,1
ORD-01046,2026-09-10,breakfast,counter,1,0,kitchen_rework,1.51,14.77,3.64,19.92,0
ORD-01047,2026-09-10,breakfast,app,4,0,,1.31,7.76,1.1,10.17,1
ORD-01048,2026-09-10,breakfast,app,4,0,,0.71,4.55,1.17,6.42,1
ORD-01049,2026-09-10,breakfast,counter,1,0,,0.93,7.02,2.08,10.02,1
ORD-01050,2026-09-10,breakfast,app,3,0,,1.68,2.0,1.74,5.42,1
ORD-01051,2026-09-10,breakfast,counter,1,0,,0.54,8.33,1.55,10.43,1
ORD-01052,2026-09-10,breakfast,counter,3,0,,0.55,7.36,1.2,9.11,1
ORD-01053,2026-09-10,breakfast,counter,3,0,stockout,1.21,11.24,2.4,14.85,0
ORD-01054,2026-09-10,breakfast,app,4,0,,0.64,7.15,1.4,9.2,1
ORD-01055,2026-09-10,breakfast,counter,4,0,,0.4,4.48,2.46,7.34,1
ORD-01056,2026-09-10,breakfast,counter,2,0,,0.2,10.25,0.86,11.31,1
ORD-01057,2026-09-10,breakfast,counter,2,0,,0.85,7.18,0.51,8.54,1
ORD-01058,2026-09-10,breakfast,app,2,0,,0.23,8.84,1.01,10.08,1
ORD-01059,2026-09-10,breakfast,counter,3,0,,0.91,11.64,1.06,13.61,0
ORD-01060,2026-09-10,breakfast,counter,1,0,,1.66,10.38,2.83,14.87,0
ORD-01061,2026-09-10,lunch,counter,2,0,,1.37,12.83,2.4,16.59,0
ORD-01062,2026-09-10,lunch,counter,2,0,,0.72,10.2,1.69,12.61,0
ORD-01063,2026-09-10,lunch,counter,1,0,,1.68,11.24,3.61,16.53,0
ORD-01064,2026-09-10,lunch,app,3,0,,1.22,11.87,0.88,13.98,0
ORD-01065,2026-09-10,lunch,app,2,0,,0.98,11.34,1.53,13.85,0
ORD-01066,2026-09-10,lunch,counter,2,0,,0.71,6.8,0.3,7.82,1
ORD-01067,2026-09-10,lunch,app,3,0,,0.94,9.51,2.47,12.91,0
ORD-01068,2026-09-10,lunch,app,4,0,,0.83,5.99,3.22,10.04,1
ORD-01069,2026-09-10,lunch,app,4,0,stockout,1.33,4.64,1.9,7.87,1
ORD-01070,2026-09-10,lunch,app,4,0,,1.17,6.52,4.3,11.99,1
ORD-01071,2026-09-10,lunch,counter,2,0,,1.36,9.14,1.18,11.68,1
ORD-01072,2026-09-10,lunch,counter,4,0,,0.72,10.18,0.81,11.71,1
ORD-01073,2026-09-10,lunch,app,4,0,,0.65,5.66,2.15,8.47,1
ORD-01074,2026-09-10,lunch,app,3,0,,1.31,9.16,3.4,13.87,0
ORD-01075,2026-09-10,lunch,app,3,0,kitchen_rework,0.47,11.73,1.21,13.41,0
ORD-01076,2026-09-10,lunch,app,1,0,,0.28,7.68,2.93,10.89,1
ORD-01077,2026-09-10,lunch,app,1,0,,0.75,11.68,1.28,13.72,0
ORD-01078,2026-09-10,lunch,counter,1,0,,0.69,7.31,2.09,10.09,1
ORD-01079,2026-09-10,lunch,counter,4,0,payment,0.96,7.12,0.3,8.38,1
ORD-01080,2026-09-10,lunch,app,4,0,,1.48,10.23,3.09,14.8,0
ORD-01081,2026-09-10,lunch,app,2,0,,1.26,10.92,0.48,12.66,0
ORD-01082,2026-09-10,lunch,app,3,0,,1.47,7.61,0.6,9.67,1
ORD-01083,2026-09-10,lunch,counter,1,0,kitchen_rework,0.42,10.84,3.79,15.05,0
ORD-01084,2026-09-10,lunch,counter,1,0,,1.11,8.47,0.52,10.09,1
ORD-01085,2026-09-10,lunch,counter,2,0,,1.15,9.19,2.94,13.27,0
ORD-01086,2026-09-10,lunch,counter,4,0,,1.22,8.27,2.06,11.55,1
ORD-01087,2026-09-10,lunch,counter,3,0,,0.95,5.21,1.95,8.11,1
ORD-01088,2026-09-10,lunch,app,2,0,,0.6,5.5,0.3,6.4,1
ORD-01089,2026-09-10,lunch,counter,3,0,,1.49,6.12,1.41,9.03,1
ORD-01090,2026-09-10,lunch,app,4,0,,0.2,8.45,2.16,10.8,1
ORD-01091,2026-09-10,lunch,counter,3,0,,1.3,12.02,3.48,16.8,0
ORD-01092,2026-09-10,lunch,counter,4,0,stockout,1.51,6.76,0.9,9.17,1
ORD-01093,2026-09-10,lunch,counter,1,0,,0.93,8.12,2.36,11.4,1
ORD-01094,2026-09-10,lunch,app,1,0,,0.2,9.06,1.11,10.37,1
ORD-01095,2026-09-10,lunch,counter,1,0,,0.43,6.85,2.03,9.31,1
ORD-01096,2026-09-10,lunch,app,4,0,,0.2,7.5,1.8,9.5,1
ORD-01097,2026-09-10,lunch,app,1,0,,1.64,10.34,2.8,14.78,0
ORD-01098,2026-09-10,lunch,app,4,0,,0.5,3.26,2.29,6.06,1
ORD-01099,2026-09-10,lunch,app,3,0,,1.19,12.23,2.6,16.02,0
ORD-01100,2026-09-10,lunch,app,3,0,,0.61,6.32,0.37,7.31,1
ORD-01101,2026-09-10,lunch,counter,1,0,,1.51,6.3,1.59,9.41,1
ORD-01102,2026-09-10,lunch,app,1,0,,1.06,10.74,1.83,13.63,0
ORD-01103,2026-09-10,lunch,counter,3,0,,1.72,9.97,2.18,13.87,0
ORD-01104,2026-09-10,lunch,app,1,0,,1.35,5.41,2.71,9.48,1
ORD-01105,2026-09-10,lunch,counter,3,0,,0.39,7.14,2.36,9.89,1
ORD-01106,2026-09-10,lunch,counter,4,0,,1.29,6.84,0.57,8.69,1
ORD-01107,2026-09-10,lunch,app,1,0,,0.73,5.98,1.05,7.76,1
ORD-01108,2026-09-10,lunch,app,2,0,,1.05,2.0,2.55,5.6,1
ORD-01109,2026-09-10,lunch,app,1,0,,0.98,9.39,0.81,11.17,1
ORD-01110,2026-09-10,lunch,app,1,0,stockout,0.92,8.41,2.19,11.53,1
ORD-01111,2026-09-10,lunch,app,3,0,,0.47,7.92,0.58,8.97,1
ORD-01112,2026-09-10,lunch,counter,3,0,,1.26,5.05,0.81,7.13,1
ORD-01113,2026-09-10,lunch,app,4,0,,1.47,12.76,2.12,16.35,0
ORD-01114,2026-09-10,lunch,counter,4,0,,0.68,8.15,1.0,9.83,1
ORD-01115,2026-09-10,lunch,counter,1,0,,1.32,5.78,0.63,7.73,1
ORD-01116,2026-09-10,lunch,counter,3,0,,1.05,14.59,2.5,18.13,0
ORD-01117,2026-09-10,lunch,counter,2,0,,0.64,4.13,0.3,5.07,1
ORD-01118,2026-09-10,lunch,counter,3,0,,1.68,12.27,2.02,15.97,0
ORD-01119,2026-09-10,lunch,counter,2,0,,0.2,5.61,1.15,6.96,1
ORD-01120,2026-09-10,lunch,counter,1,0,,1.13,14.08,2.66,17.87,0
ORD-01121,2026-09-10,lunch,app,1,0,,1.09,9.06,3.42,13.57,0
ORD-01122,2026-09-10,lunch,app,2,0,,1.53,5.25,0.72,7.5,1
ORD-01123,2026-09-10,lunch,app,1,0,,0.65,3.41,0.49,4.55,1
ORD-01124,2026-09-10,lunch,app,3,0,,1.67,12.13,0.3,14.1,0
ORD-01125,2026-09-10,lunch,counter,4,0,,0.45,3.21,1.61,5.27,1
ORD-01126,2026-09-10,lunch,app,2,0,,1.72,6.56,3.01,11.29,1
ORD-01127,2026-09-10,lunch,app,3,0,,0.93,3.54,1.25,5.73,1
ORD-01128,2026-09-10,lunch,counter,4,0,,1.24,2.0,1.72,4.96,1
ORD-01129,2026-09-10,lunch,counter,3,0,payment,0.85,7.15,0.88,8.88,1
ORD-01130,2026-09-10,lunch,app,4,0,,0.5,10.88,0.3,11.67,1
ORD-01131,2026-09-10,lunch,app,2,0,,0.8,7.1,1.68,9.58,1
ORD-01132,2026-09-10,lunch,app,1,0,,1.44,8.18,0.7,10.32,1
ORD-01133,2026-09-10,lunch,counter,4,0,,0.66,4.15,1.76,6.57,1
ORD-01134,2026-09-10,lunch,app,2,0,,0.7,7.05,2.59,10.34,1
ORD-01135,2026-09-10,lunch,app,1,0,,1.9,6.77,3.09,11.76,1
ORD-01136,2026-09-10,lunch,app,2,0,,0.83,4.75,0.3,5.88,1
ORD-01137,2026-09-10,lunch,app,2,0,,1.49,9.92,1.46,12.87,0
ORD-01138,2026-09-10,lunch,counter,4,0,,0.31,10.19,0.3,10.8,1
ORD-01139,2026-09-10,lunch,app,1,0,,1.78,9.97,0.67,12.42,0
ORD-01140,2026-09-10,lunch,counter,4,0,kitchen_rework,0.53,11.93,1.63,14.1,0
ORD-01141,2026-09-10,lunch,app,1,0,,1.28,6.77,2.03,10.07,1
ORD-01142,2026-09-10,lunch,app,4,0,,1.01,5.16,2.9,9.07,1
ORD-01143,2026-09-10,lunch,counter,1,0,,0.29,5.54,2.05,7.88,1
ORD-01144,2026-09-10,lunch,app,2,0,,0.8,9.99,3.93,14.71,0
ORD-01145,2026-09-10,lunch,counter,3,0,,1.17,10.85,2.18,14.2,0
ORD-01146,2026-09-10,lunch,counter,1,0,,0.36,4.91,1.65,6.91,1
ORD-01147,2026-09-10,lunch,counter,3,0,,0.65,8.39,2.7,11.74,1
ORD-01148,2026-09-10,lunch,counter,1,0,,1.23,6.24,0.52,7.98,1
ORD-01149,2026-09-10,lunch,app,2,0,,1.84,7.78,1.95,11.57,1
ORD-01150,2026-09-10,lunch,app,2,0,,1.25,10.75,1.02,13.02,0
ORD-01151,2026-09-10,lunch,counter,2,0,,1.57,8.24,1.31,11.12,1
ORD-01152,2026-09-10,lunch,app,4,0,,1.0,5.11,0.82,6.93,1
ORD-01153,2026-09-10,lunch,counter,4,0,,0.54,7.13,1.03,8.7,1
ORD-01154,2026-09-10,lunch,counter,3,0,,1.12,13.07,2.15,16.34,0
ORD-01155,2026-09-10,lunch,counter,3,0,,0.75,10.25,1.75,12.75,0
ORD-01156,2026-09-10,lunch,app,2,0,,0.2,8.44,1.07,9.71,1
ORD-01157,2026-09-10,lunch,counter,2,0,,0.93,12.63,0.86,14.41,0
ORD-01158,2026-09-10,lunch,app,3,0,,1.01,6.58,1.2,8.79,1
ORD-01159,2026-09-10,lunch,app,4,0,,0.96,9.19,2.34,12.49,0
ORD-01160,2026-09-10,lunch,counter,3,0,,1.25,5.74,1.6,8.59,1
ORD-01161,2026-09-10,lunch,counter,1,0,kitchen_rework,0.61,16.98,1.47,19.06,0
ORD-01162,2026-09-10,lunch,app,3,0,,0.86,9.83,1.08,11.78,1
ORD-01163,2026-09-10,lunch,app,3,0,stockout,1.54,6.21,2.13,9.88,1
ORD-01164,2026-09-10,lunch,counter,4,0,stockout,1.77,10.88,1.33,13.99,0
ORD-01165,2026-09-10,lunch,app,4,0,,1.06,3.88,1.97,6.91,1
ORD-01166,2026-09-10,lunch,counter,4,0,kitchen_rework,1.98,18.83,2.65,23.47,0
ORD-01167,2026-09-10,lunch,app,2,0,,1.54,6.08,0.3,7.91,1
ORD-01168,2026-09-10,lunch,app,2,0,,0.78,8.51,2.78,12.07,0
ORD-01169,2026-09-10,lunch,counter,2,0,,1.95,8.76,1.82,12.54,0
ORD-01170,2026-09-10,lunch,counter,1,0,,0.71,6.74,2.5,9.95,1
ORD-01171,2026-09-10,lunch,app,1,0,,1.23,11.01,1.41,13.65,0
ORD-01172,2026-09-10,lunch,app,4,0,,0.54,9.89,0.38,10.81,1
ORD-01173,2026-09-10,lunch,app,3,0,,1.07,10.16,0.75,11.97,1
ORD-01174,2026-09-10,lunch,counter,4,0,,1.3,10.42,2.62,14.34,0
ORD-01175,2026-09-10,lunch,counter,4,0,,1.33,8.88,2.98,13.19,0
ORD-01176,2026-09-10,lunch,app,3,0,,0.2,4.24,0.67,5.12,1
ORD-01177,2026-09-10,lunch,counter,1,0,,0.6,4.34,0.49,5.43,1
ORD-01178,2026-09-10,lunch,app,3,0,,1.61,7.29,2.25,11.15,1
ORD-01179,2026-09-10,lunch,counter,1,0,,1.8,7.45,0.85,10.11,1
ORD-01180,2026-09-10,lunch,app,1,0,kitchen_rework,1.01,17.48,1.09,19.58,0
ORD-01181,2026-09-10,lunch,app,2,0,,1.08,6.03,1.87,8.98,1
ORD-01182,2026-09-10,lunch,app,1,0,payment,0.49,7.29,0.3,8.08,1
ORD-01183,2026-09-10,lunch,app,1,0,kitchen_rework,1.33,14.09,2.51,17.93,0
ORD-01184,2026-09-10,lunch,counter,3,0,,0.84,5.48,2.43,8.75,1
ORD-01185,2026-09-10,lunch,counter,3,0,,1.32,8.49,2.47,12.27,0
ORD-01186,2026-09-10,dinner,counter,1,0,,0.48,8.14,1.67,10.29,1
ORD-01187,2026-09-10,dinner,app,2,0,,0.5,3.39,1.36,5.26,1
ORD-01188,2026-09-10,dinner,counter,2,0,,1.01,13.86,1.66,16.54,0
ORD-01189,2026-09-10,dinner,app,3,0,,0.36,6.04,1.1,7.5,1
ORD-01190,2026-09-10,dinner,app,3,0,,0.59,8.48,0.49,9.56,1
ORD-01191,2026-09-10,dinner,app,1,0,,0.35,6.53,1.46,8.34,1
ORD-01192,2026-09-10,dinner,counter,3,0,,1.04,6.75,2.59,10.38,1
ORD-01193,2026-09-10,dinner,app,4,0,,0.81,4.59,1.05,6.45,1
ORD-01194,2026-09-10,dinner,app,4,0,,1.34,9.97,2.63,13.94,0
ORD-01195,2026-09-10,dinner,counter,4,0,,1.33,8.16,1.21,10.7,1
ORD-01196,2026-09-10,dinner,app,1,0,,0.77,11.49,1.47,13.73,0
ORD-01197,2026-09-10,dinner,app,3,0,,1.35,11.6,1.37,14.32,0
ORD-01198,2026-09-10,dinner,app,4,0,payment,0.78,6.87,1.11,8.76,1
ORD-01199,2026-09-10,dinner,counter,4,0,,1.34,8.78,1.43,11.55,1
ORD-01200,2026-09-10,dinner,counter,2,0,,1.38,10.97,3.88,16.24,0
ORD-01201,2026-09-10,dinner,app,2,0,,0.51,9.6,3.55,13.67,0
ORD-01202,2026-09-10,dinner,app,1,0,,0.7,5.87,1.7,8.26,1
ORD-01203,2026-09-10,dinner,app,4,0,,0.69,10.2,0.41,11.31,1
ORD-01204,2026-09-10,dinner,app,2,0,,0.71,6.58,0.96,8.25,1
ORD-01205,2026-09-10,dinner,counter,2,0,,0.79,4.61,1.8,7.19,1
ORD-01206,2026-09-10,dinner,counter,4,0,,0.7,7.88,1.62,10.2,1
ORD-01207,2026-09-10,dinner,counter,4,0,,0.86,5.66,2.05,8.57,1
ORD-01208,2026-09-10,dinner,counter,4,0,kitchen_rework,1.32,14.37,2.21,17.9,0
ORD-01209,2026-09-10,dinner,counter,2,0,,0.67,2.12,1.7,4.49,1
ORD-01210,2026-09-10,dinner,counter,4,0,,0.52,9.83,0.73,11.07,1
ORD-01211,2026-09-10,dinner,counter,3,0,,0.91,10.37,3.22,14.5,0
ORD-01212,2026-09-10,dinner,counter,3,0,,1.04,9.74,0.93,11.72,1
ORD-01213,2026-09-10,dinner,counter,3,0,,0.8,11.61,1.89,14.3,0
ORD-01214,2026-09-10,dinner,app,1,0,,1.34,9.91,1.66,12.92,0
ORD-01215,2026-09-10,dinner,counter,4,1,,0.6,11.25,,,
ORD-01216,2026-09-10,dinner,counter,1,0,,1.47,11.97,2.18,15.62,0
ORD-01217,2026-09-10,dinner,counter,4,0,kitchen_rework,0.27,13.38,1.0,14.64,0
ORD-01218,2026-09-10,dinner,app,2,0,,0.91,7.31,0.71,8.93,1
ORD-01219,2026-09-10,dinner,app,3,0,,1.07,9.2,1.8,12.07,0
ORD-01220,2026-09-10,dinner,app,1,0,,0.45,4.0,2.54,6.98,1
ORD-01221,2026-09-10,dinner,counter,1,0,,1.06,10.23,1.73,13.02,0
ORD-01222,2026-09-10,dinner,counter,1,0,,0.83,10.63,0.99,12.45,0
ORD-01223,2026-09-10,dinner,counter,3,0,,1.08,7.41,1.19,9.69,1
ORD-01224,2026-09-10,dinner,app,1,0,kitchen_rework,0.94,16.18,1.26,18.38,0
ORD-01225,2026-09-10,dinner,app,3,0,,0.84,7.93,0.33,9.1,1
ORD-01226,2026-09-10,dinner,app,4,0,,0.86,3.84,0.76,5.46,1
ORD-01227,2026-09-10,dinner,counter,2,1,,0.2,3.59,,,
ORD-01228,2026-09-10,dinner,counter,4,0,,0.58,8.34,0.3,9.21,1
ORD-01229,2026-09-10,dinner,counter,1,0,,1.06,2.0,0.3,3.36,1
ORD-01230,2026-09-10,dinner,counter,3,0,,1.21,8.17,1.7,11.08,1
ORD-01231,2026-09-10,dinner,counter,2,0,,2.12,5.65,2.01,9.77,1
ORD-01232,2026-09-10,dinner,counter,1,0,payment,0.77,7.9,0.39,9.05,1
ORD-01233,2026-09-10,dinner,counter,2,0,,1.17,10.33,2.29,13.79,0
ORD-01234,2026-09-10,dinner,counter,3,0,,1.47,10.75,1.99,14.2,0
ORD-01235,2026-09-10,dinner,app,3,0,,1.09,7.81,2.42,11.33,1
ORD-01236,2026-09-10,dinner,app,2,0,,1.26,8.38,1.34,10.99,1
ORD-01237,2026-09-10,dinner,counter,1,0,,0.67,6.86,2.16,9.7,1
ORD-01238,2026-09-10,dinner,counter,4,0,,0.87,6.74,0.3,7.91,1
ORD-01239,2026-09-10,dinner,app,4,0,,0.96,7.2,1.55,9.71,1
ORD-01240,2026-09-10,dinner,counter,3,0,,0.72,9.79,1.32,11.83,1
ORD-01241,2026-09-10,dinner,counter,4,0,,1.63,9.86,1.29,12.79,0
ORD-01242,2026-09-10,dinner,app,3,0,,1.52,15.57,2.47,19.56,0
ORD-01243,2026-09-10,dinner,app,2,0,,0.27,2.0,1.92,4.19,1
ORD-01244,2026-09-10,dinner,app,1,0,,0.2,11.63,0.85,12.68,0
ORD-01245,2026-09-10,dinner,app,2,0,,1.69,10.82,2.28,14.79,0
ORD-01246,2026-09-10,dinner,counter,2,0,,1.15,5.13,2.28,8.55,1
ORD-01247,2026-09-10,dinner,app,4,0,,0.9,9.59,1.79,12.28,0
ORD-01248,2026-09-10,dinner,app,3,1,,1.28,13.82,,,
ORD-01249,2026-09-10,dinner,counter,4,0,,0.61,4.34,1.93,6.88,1
ORD-01250,2026-09-10,dinner,counter,4,0,,1.63,8.85,2.13,12.61,0
ORD-01251,2026-09-10,dinner,app,1,0,,0.95,4.99,0.78,6.72,1
ORD-01252,2026-09-10,dinner,counter,3,0,,0.5,4.56,1.72,6.79,1
ORD-01253,2026-09-10,dinner,app,3,0,,0.89,15.29,2.66,18.84,0
ORD-01254,2026-09-10,dinner,app,2,0,,0.66,9.87,1.16,11.68,1
ORD-01255,2026-09-10,dinner,counter,1,0,,0.8,5.17,1.36,7.32,1
ORD-01256,2026-09-10,dinner,counter,1,1,,1.03,7.67,,,
ORD-01257,2026-09-10,dinner,counter,2,0,,0.76,11.69,1.43,13.88,0
ORD-01258,2026-09-10,dinner,counter,2,0,,1.58,12.09,1.8,15.47,0
ORD-01259,2026-09-10,dinner,counter,4,0,,2.31,9.47,2.89,14.66,0
ORD-01260,2026-09-10,dinner,app,2,0,,1.68,7.66,0.3,9.64,1
ORD-01261,2026-09-10,dinner,counter,4,0,,1.22,11.39,1.93,14.54,0
ORD-01262,2026-09-10,dinner,app,4,0,,1.6,8.85,2.28,12.72,0
ORD-01263,2026-09-10,dinner,app,1,0,,1.48,10.82,3.22,15.51,0
ORD-01264,2026-09-10,dinner,app,3,0,,1.01,7.57,1.44,10.02,1
ORD-01265,2026-09-10,dinner,counter,1,0,,1.36,2.93,0.3,4.6,1
ORD-01266,2026-09-10,dinner,app,1,1,,1.38,9.27,,,
ORD-01267,2026-09-10,dinner,app,3,0,,1.46,8.82,0.5,10.78,1
ORD-01268,2026-09-10,dinner,app,2,0,,1.47,5.06,1.32,7.85,1
ORD-01269,2026-09-10,dinner,app,1,0,,0.97,6.91,0.5,8.38,1
ORD-01270,2026-09-10,dinner,counter,4,0,,0.64,10.39,1.76,12.78,0
ORD-01271,2026-09-10,dinner,app,3,0,,0.85,2.0,1.28,4.13,1
ORD-01272,2026-09-10,dinner,counter,2,0,,1.73,10.94,2.6,15.27,0
ORD-01273,2026-09-10,dinner,counter,4,0,,1.62,14.41,3.57,19.6,0
ORD-01274,2026-09-10,dinner,counter,4,0,,1.65,10.43,2.31,14.39,0
ORD-01275,2026-09-10,dinner,app,2,0,,1.32,10.85,1.76,13.93,0
ORD-01276,2026-09-10,dinner,app,1,0,,1.19,10.63,0.3,12.12,0
ORD-01277,2026-09-10,dinner,app,2,0,,0.52,4.06,1.35,5.94,1
ORD-01278,2026-09-10,dinner,counter,4,0,,0.59,6.22,0.3,7.11,1
ORD-01279,2026-09-10,dinner,app,4,0,,0.46,6.7,1.76,8.92,1
ORD-01280,2026-09-10,dinner,counter,2,0,,0.75,6.66,0.3,7.71,1
ORD-01281,2026-09-10,dinner,app,4,0,,1.88,6.98,0.69,9.54,1
ORD-01282,2026-09-10,dinner,counter,1,1,,1.04,10.25,,,
ORD-01283,2026-09-10,dinner,counter,3,0,,0.41,6.06,0.64,7.11,1
ORD-01284,2026-09-10,dinner,app,4,0,,1.37,5.71,2.33,9.41,1
ORD-01285,2026-09-10,dinner,app,3,0,kitchen_rework,1.27,17.91,0.68,19.86,0
ORD-01286,2026-09-10,dinner,counter,4,0,,1.43,6.44,1.13,9.01,1
ORD-01287,2026-09-10,dinner,counter,2,0,,1.15,5.11,1.18,7.44,1
ORD-01288,2026-09-10,dinner,app,1,0,,1.05,8.71,0.84,10.6,1
ORD-01289,2026-09-10,dinner,counter,4,0,,1.13,7.53,1.07,9.73,1
ORD-01290,2026-09-10,dinner,app,3,0,,1.03,4.73,1.01,6.77,1
ORD-01291,2026-09-10,dinner,counter,2,0,,0.85,10.25,0.58,11.69,1
ORD-01292,2026-09-10,dinner,app,2,0,,1.99,11.97,1.38,15.34,0
ORD-01293,2026-09-10,dinner,counter,2,0,,0.45,7.75,0.98,9.18,1
ORD-01294,2026-09-10,dinner,app,4,0,,1.84,10.54,1.98,14.36,0
ORD-01295,2026-09-10,dinner,app,2,0,,1.26,12.84,2.49,16.59,0
ORD-01296,2026-09-10,dinner,app,4,0,,2.02,7.78,2.92,12.72,0
ORD-01297,2026-09-10,dinner,app,3,0,,1.61,13.63,1.48,16.72,0
ORD-01298,2026-09-10,dinner,counter,3,0,,0.2,5.24,1.18,6.62,1
ORD-01299,2026-09-10,dinner,counter,4,0,,1.5,6.66,2.02,10.17,1
ORD-01300,2026-09-10,dinner,counter,2,0,,1.12,8.83,2.25,12.21,0
ORD-01301,2026-09-11,breakfast,app,4,0,,1.62,14.08,2.31,18.0,0
ORD-01302,2026-09-11,breakfast,app,1,0,,0.36,11.83,2.79,14.98,0
ORD-01303,2026-09-11,breakfast,app,3,0,,1.05,12.5,1.61,15.16,0
ORD-01304,2026-09-11,breakfast,app,3,0,,1.25,7.9,2.27,11.43,1
ORD-01305,2026-09-11,breakfast,counter,3,0,,1.25,9.54,2.01,12.8,0
ORD-01306,2026-09-11,breakfast,app,2,0,,1.4,7.74,2.64,11.79,1
ORD-01307,2026-09-11,breakfast,app,2,0,,1.29,9.76,2.18,13.22,0
ORD-01308,2026-09-11,breakfast,counter,1,0,,1.56,5.59,0.84,7.99,1
ORD-01309,2026-09-11,breakfast,counter,4,0,,0.34,6.31,1.31,7.96,1
ORD-01310,2026-09-11,breakfast,app,3,0,,0.38,2.0,0.7,3.09,1
ORD-01311,2026-09-11,breakfast,app,3,0,,0.79,16.24,2.93,19.96,0
ORD-01312,2026-09-11,breakfast,counter,4,0,,1.05,7.11,0.3,8.46,1
ORD-01313,2026-09-11,breakfast,app,4,0,,1.11,6.4,2.33,9.84,1
ORD-01314,2026-09-11,breakfast,app,4,0,,0.2,9.11,1.21,10.53,1
ORD-01315,2026-09-11,breakfast,counter,2,0,,1.49,14.52,0.7,16.71,0
ORD-01316,2026-09-11,breakfast,app,1,0,,0.36,3.2,0.94,4.5,1
ORD-01317,2026-09-11,breakfast,app,3,0,,1.71,4.94,2.17,8.83,1
ORD-01318,2026-09-11,breakfast,app,2,0,,1.35,13.16,2.58,17.09,0
ORD-01319,2026-09-11,breakfast,counter,2,0,,0.79,12.33,1.59,14.72,0
ORD-01320,2026-09-11,breakfast,counter,3,0,,1.02,10.38,2.45,13.85,0
ORD-01321,2026-09-11,breakfast,counter,4,0,,1.16,4.32,1.19,6.67,1
ORD-01322,2026-09-11,breakfast,app,4,0,,1.02,2.0,1.82,4.84,1
ORD-01323,2026-09-11,breakfast,app,3,0,,1.34,2.0,1.28,4.62,1
ORD-01324,2026-09-11,breakfast,app,2,0,,2.31,11.26,1.71,15.28,0
ORD-01325,2026-09-11,breakfast,counter,3,0,stockout,1.46,8.43,1.97,11.86,1
ORD-01326,2026-09-11,breakfast,counter,1,0,stockout,0.2,7.38,2.63,10.21,1
ORD-01327,2026-09-11,breakfast,counter,2,0,,1.42,13.14,2.84,17.4,0
ORD-01328,2026-09-11,breakfast,counter,2,0,,1.8,14.39,1.33,17.52,0
ORD-01329,2026-09-11,breakfast,counter,4,0,,1.06,9.96,1.46,12.48,0
ORD-01330,2026-09-11,breakfast,counter,4,0,,1.49,8.51,2.3,12.3,0
ORD-01331,2026-09-11,breakfast,app,2,0,,1.64,4.65,1.57,7.86,1
ORD-01332,2026-09-11,breakfast,app,2,0,,1.02,2.0,1.44,4.45,1
ORD-01333,2026-09-11,breakfast,app,1,0,,1.88,10.25,0.69,12.81,0
ORD-01334,2026-09-11,breakfast,app,4,0,,0.93,4.63,1.13,6.7,1
ORD-01335,2026-09-11,breakfast,counter,4,0,,1.22,9.63,2.76,13.6,0
ORD-01336,2026-09-11,breakfast,counter,3,0,,1.11,13.14,1.05,15.29,0
ORD-01337,2026-09-11,breakfast,counter,2,0,,1.08,3.26,1.09,5.43,1
ORD-01338,2026-09-11,breakfast,app,3,0,,0.9,8.63,1.67,11.19,1
ORD-01339,2026-09-11,breakfast,counter,1,0,,0.84,7.3,0.3,8.44,1
ORD-01340,2026-09-11,breakfast,app,2,0,,1.3,4.44,0.54,6.29,1
ORD-01341,2026-09-11,breakfast,app,3,0,,1.54,7.9,3.71,13.15,0
ORD-01342,2026-09-11,breakfast,counter,1,0,,1.26,8.65,2.32,12.23,0
ORD-01343,2026-09-11,breakfast,counter,4,0,,0.69,8.65,1.92,11.25,1
ORD-01344,2026-09-11,breakfast,app,4,0,kitchen_rework,0.86,19.32,2.9,23.08,0
ORD-01345,2026-09-11,breakfast,app,2,0,,1.13,7.48,0.99,9.6,1
ORD-01346,2026-09-11,breakfast,counter,3,0,,1.57,13.24,2.64,17.45,0
ORD-01347,2026-09-11,breakfast,app,2,0,,1.0,4.49,1.34,6.83,1
ORD-01348,2026-09-11,breakfast,app,3,0,,1.1,7.95,2.04,11.09,1
ORD-01349,2026-09-11,breakfast,app,2,0,,0.48,2.45,1.1,4.03,1
ORD-01350,2026-09-11,breakfast,app,1,0,,0.91,3.88,1.51,6.29,1
ORD-01351,2026-09-11,breakfast,app,1,0,,0.68,14.03,0.68,15.39,0
ORD-01352,2026-09-11,breakfast,counter,1,0,,1.92,6.14,1.67,9.72,1
ORD-01353,2026-09-11,breakfast,counter,2,0,,1.61,8.99,1.43,12.04,0
ORD-01354,2026-09-11,breakfast,app,2,0,,1.27,7.02,2.01,10.29,1
ORD-01355,2026-09-11,breakfast,app,4,0,,1.1,10.58,2.24,13.92,0
ORD-01356,2026-09-11,breakfast,counter,2,0,,0.88,7.88,1.07,9.83,1
ORD-01357,2026-09-11,breakfast,app,3,0,,1.29,10.89,1.57,13.74,0
ORD-01358,2026-09-11,breakfast,counter,4,0,,0.89,6.49,2.16,9.54,1
ORD-01359,2026-09-11,breakfast,app,4,0,,0.35,15.51,2.61,18.47,0
ORD-01360,2026-09-11,breakfast,app,1,0,payment,0.87,5.01,1.93,7.81,1
ORD-01361,2026-09-11,breakfast,app,3,0,,1.46,9.0,2.8,13.26,0
ORD-01362,2026-09-11,breakfast,counter,3,0,,0.64,12.33,1.77,14.74,0
ORD-01363,2026-09-11,breakfast,app,1,0,,1.4,15.55,1.41,18.36,0
ORD-01364,2026-09-11,breakfast,counter,1,0,,1.39,6.48,1.1,8.96,1
ORD-01365,2026-09-11,breakfast,counter,4,0,,0.42,10.3,0.78,11.5,1
ORD-01366,2026-09-11,breakfast,app,1,0,,0.96,2.02,0.65,3.63,1
ORD-01367,2026-09-11,breakfast,counter,4,0,,1.58,9.27,0.73,11.59,1
ORD-01368,2026-09-11,breakfast,counter,4,0,,1.16,5.74,0.54,7.45,1
ORD-01369,2026-09-11,breakfast,app,4,0,,1.58,12.13,2.77,16.48,0
ORD-01370,2026-09-11,breakfast,app,2,0,,1.64,11.89,0.97,14.49,0
ORD-01371,2026-09-11,breakfast,counter,1,0,,0.88,9.61,1.34,11.83,1
ORD-01372,2026-09-11,breakfast,app,2,0,,1.23,6.76,2.41,10.41,1
ORD-01373,2026-09-11,breakfast,counter,1,0,,0.64,6.52,1.98,9.15,1
ORD-01374,2026-09-11,breakfast,app,1,0,,0.55,11.07,0.67,12.29,0
ORD-01375,2026-09-11,breakfast,app,3,0,,1.31,2.0,2.62,5.93,1
ORD-01376,2026-09-11,breakfast,counter,1,0,,1.26,9.86,2.03,13.15,0
ORD-01377,2026-09-11,breakfast,counter,2,0,,1.02,12.15,2.98,16.15,0
ORD-01378,2026-09-11,breakfast,app,2,0,,1.26,9.19,1.88,12.34,0
ORD-01379,2026-09-11,breakfast,app,3,0,,1.31,7.21,0.3,8.82,1
ORD-01380,2026-09-11,breakfast,app,1,0,,0.49,10.23,2.97,13.69,0
ORD-01381,2026-09-11,breakfast,counter,3,0,,0.87,10.15,1.82,12.84,0
ORD-01382,2026-09-11,breakfast,app,2,0,stockout,0.75,14.91,3.34,19.0,0
ORD-01383,2026-09-11,breakfast,app,4,0,,0.79,2.0,2.26,5.05,1
ORD-01384,2026-09-11,breakfast,app,4,0,,0.84,5.96,0.58,7.38,1
ORD-01385,2026-09-11,breakfast,app,3,0,,0.99,10.42,1.79,13.2,0
ORD-01386,2026-09-11,lunch,app,4,0,,0.64,6.07,1.94,8.64,1
ORD-01387,2026-09-11,lunch,app,1,0,,1.36,7.02,1.44,9.82,1
ORD-01388,2026-09-11,lunch,app,4,0,,0.53,8.25,2.01,10.79,1
ORD-01389,2026-09-11,lunch,app,2,0,,1.09,7.04,1.09,9.22,1
ORD-01390,2026-09-11,lunch,app,4,0,,1.25,7.63,1.56,10.43,1
ORD-01391,2026-09-11,lunch,counter,1,0,,1.78,8.01,0.75,10.54,1
ORD-01392,2026-09-11,lunch,app,1,0,,0.89,13.48,1.84,16.22,0
ORD-01393,2026-09-11,lunch,app,1,0,,1.53,8.1,0.77,10.4,1
ORD-01394,2026-09-11,lunch,app,3,0,kitchen_rework,0.55,18.16,2.03,20.73,0
ORD-01395,2026-09-11,lunch,counter,1,0,,0.72,8.09,0.3,9.11,1
ORD-01396,2026-09-11,lunch,app,2,0,,1.47,6.84,1.47,9.78,1
ORD-01397,2026-09-11,lunch,app,3,0,,1.67,7.35,1.42,10.44,1
ORD-01398,2026-09-11,lunch,app,2,0,,1.25,5.73,0.46,7.45,1
ORD-01399,2026-09-11,lunch,counter,2,0,,0.47,9.13,0.75,10.36,1
ORD-01400,2026-09-11,lunch,app,4,0,,0.36,3.75,0.99,5.1,1
ORD-01401,2026-09-11,lunch,app,1,0,,0.98,6.49,1.73,9.2,1
ORD-01402,2026-09-11,lunch,counter,4,0,,1.93,12.46,1.6,15.99,0
ORD-01403,2026-09-11,lunch,counter,3,0,,1.97,10.23,1.34,13.54,0
ORD-01404,2026-09-11,lunch,counter,4,0,,1.26,2.0,2.71,5.97,1
ORD-01405,2026-09-11,lunch,counter,1,0,,0.8,4.42,1.79,7.0,1
ORD-01406,2026-09-11,lunch,counter,1,0,,0.52,4.65,1.32,6.49,1
ORD-01407,2026-09-11,lunch,counter,3,0,,0.77,6.56,1.24,8.57,1
ORD-01408,2026-09-11,lunch,counter,1,0,,1.05,6.2,1.86,9.11,1
ORD-01409,2026-09-11,lunch,counter,1,0,,1.31,3.76,0.3,5.37,1
ORD-01410,2026-09-11,lunch,app,2,0,,1.12,4.34,1.34,6.81,1
ORD-01411,2026-09-11,lunch,counter,4,0,,0.82,8.52,3.21,12.55,0
ORD-01412,2026-09-11,lunch,app,1,0,,0.82,10.91,0.3,12.03,0
ORD-01413,2026-09-11,lunch,app,1,0,,0.2,8.3,1.93,10.42,1
ORD-01414,2026-09-11,lunch,counter,1,0,,0.74,4.76,0.3,5.8,1
ORD-01415,2026-09-11,lunch,counter,2,0,,1.06,10.04,0.3,11.4,1
ORD-01416,2026-09-11,lunch,app,4,0,,0.52,10.56,2.39,13.48,0
ORD-01417,2026-09-11,lunch,counter,4,0,,0.58,3.06,0.3,3.94,1
ORD-01418,2026-09-11,lunch,app,3,0,,0.83,2.97,1.13,4.93,1
ORD-01419,2026-09-11,lunch,app,2,0,,1.77,11.41,0.88,14.06,0
ORD-01420,2026-09-11,lunch,counter,3,0,,0.64,5.07,1.5,7.22,1
ORD-01421,2026-09-11,lunch,counter,4,0,,0.55,10.52,0.59,11.66,1
ORD-01422,2026-09-11,lunch,counter,3,0,,1.56,6.33,0.93,8.82,1
ORD-01423,2026-09-11,lunch,counter,4,0,,0.82,11.93,0.3,13.05,0
ORD-01424,2026-09-11,lunch,counter,3,0,,0.68,7.69,1.61,9.98,1
ORD-01425,2026-09-11,lunch,app,1,0,,1.3,7.3,2.7,11.29,1
ORD-01426,2026-09-11,lunch,counter,1,0,,1.18,9.71,2.72,13.61,0
ORD-01427,2026-09-11,lunch,app,3,0,,1.61,12.79,2.72,17.12,0
ORD-01428,2026-09-11,lunch,counter,1,0,,1.34,15.29,3.41,20.04,0
ORD-01429,2026-09-11,lunch,counter,2,0,,1.3,3.75,1.03,6.08,1
ORD-01430,2026-09-11,lunch,app,3,0,,0.93,11.09,0.3,12.32,0
ORD-01431,2026-09-11,lunch,app,2,0,,0.92,6.96,3.5,11.38,1
ORD-01432,2026-09-11,lunch,app,3,0,,0.4,10.19,0.3,10.9,1
ORD-01433,2026-09-11,lunch,app,3,0,,0.83,6.74,2.62,10.19,1
ORD-01434,2026-09-11,lunch,counter,3,0,,1.0,3.19,1.07,5.27,1
ORD-01435,2026-09-11,lunch,counter,2,0,,0.64,6.68,1.37,8.68,1
ORD-01436,2026-09-11,lunch,app,4,0,,1.11,10.11,3.34,14.56,0
ORD-01437,2026-09-11,lunch,counter,3,0,,0.37,9.26,1.83,11.46,1
ORD-01438,2026-09-11,lunch,counter,4,0,,0.2,2.72,1.17,4.09,1
ORD-01439,2026-09-11,lunch,counter,2,0,,0.57,9.54,0.95,11.05,1
ORD-01440,2026-09-11,lunch,app,2,0,,0.65,2.0,1.14,3.79,1
ORD-01441,2026-09-11,lunch,app,2,0,,0.2,6.61,3.18,9.99,1
ORD-01442,2026-09-11,lunch,app,3,0,,1.28,10.3,2.92,14.5,0
ORD-01443,2026-09-11,lunch,app,3,0,,0.92,6.42,2.35,9.69,1
ORD-01444,2026-09-11,lunch,app,4,0,,1.36,9.15,2.86,13.37,0
ORD-01445,2026-09-11,lunch,app,4,0,,1.33,9.02,0.3,10.65,1
ORD-01446,2026-09-11,lunch,counter,2,0,,1.25,8.59,3.79,13.64,0
ORD-01447,2026-09-11,lunch,counter,4,0,,0.57,7.73,2.34,10.63,1
ORD-01448,2026-09-11,lunch,app,3,0,,0.76,6.2,2.27,9.23,1
ORD-01449,2026-09-11,lunch,app,3,0,,0.2,11.91,2.37,14.48,0
ORD-01450,2026-09-11,lunch,counter,2,0,,2.11,11.72,2.03,15.86,0
ORD-01451,2026-09-11,lunch,counter,4,0,,0.98,6.89,0.97,8.83,1
ORD-01452,2026-09-11,lunch,app,3,0,,0.54,7.09,0.79,8.41,1
ORD-01453,2026-09-11,lunch,app,3,0,,1.11,8.84,0.84,10.79,1
ORD-01454,2026-09-11,lunch,counter,3,0,,0.6,4.03,1.94,6.57,1
ORD-01455,2026-09-11,lunch,counter,2,0,,1.16,5.59,1.14,7.88,1
ORD-01456,2026-09-11,lunch,app,4,0,,0.2,12.64,1.21,14.05,0
ORD-01457,2026-09-11,lunch,app,2,1,,0.35,7.62,,,
ORD-01458,2026-09-11,lunch,app,4,0,,1.08,7.63,2.2,10.91,1
ORD-01459,2026-09-11,lunch,app,1,0,,0.5,9.48,2.36,12.34,0
ORD-01460,2026-09-11,lunch,counter,1,0,,1.46,8.46,3.16,13.08,0
ORD-01461,2026-09-11,lunch,app,4,0,,0.2,7.3,1.89,9.4,1
ORD-01462,2026-09-11,lunch,app,3,0,,1.78,6.04,0.3,8.12,1
ORD-01463,2026-09-11,lunch,counter,2,0,,0.93,7.86,0.63,9.42,1
ORD-01464,2026-09-11,lunch,counter,3,0,,0.69,12.13,1.32,14.14,0
ORD-01465,2026-09-11,lunch,app,3,0,,1.6,15.1,2.53,19.24,0
ORD-01466,2026-09-11,lunch,counter,2,1,payment,1.88,5.5,,,
ORD-01467,2026-09-11,lunch,counter,1,0,stockout,1.05,12.17,3.47,16.69,0
ORD-01468,2026-09-11,lunch,counter,4,0,stockout,1.21,10.09,0.49,11.78,1
ORD-01469,2026-09-11,lunch,counter,3,0,,1.02,4.2,0.3,5.52,1
ORD-01470,2026-09-11,lunch,counter,1,0,,1.13,9.1,2.29,12.52,0
ORD-01471,2026-09-11,lunch,counter,1,0,,0.2,7.9,1.04,9.14,1
ORD-01472,2026-09-11,lunch,counter,1,0,,1.2,14.36,0.98,16.55,0
ORD-01473,2026-09-11,lunch,counter,4,0,,0.28,7.61,2.35,10.24,1
ORD-01474,2026-09-11,lunch,app,1,0,payment,0.98,5.64,0.76,7.37,1
ORD-01475,2026-09-11,lunch,counter,1,0,stockout,1.67,9.15,1.59,12.41,0
ORD-01476,2026-09-11,lunch,counter,3,0,,0.9,10.24,1.91,13.05,0
ORD-01477,2026-09-11,lunch,app,3,0,,0.66,4.4,1.04,6.1,1
ORD-01478,2026-09-11,lunch,app,4,0,,1.98,9.84,1.7,13.52,0
ORD-01479,2026-09-11,lunch,counter,3,0,,0.83,10.89,1.67,13.38,0
ORD-01480,2026-09-11,lunch,counter,2,1,,1.69,6.92,,,
ORD-01481,2026-09-11,lunch,counter,4,0,,1.17,10.71,1.13,13.02,0
ORD-01482,2026-09-11,lunch,counter,1,0,,0.61,8.81,0.3,9.73,1
ORD-01483,2026-09-11,lunch,counter,3,0,,1.2,7.55,0.59,9.33,1
ORD-01484,2026-09-11,lunch,app,1,0,,1.02,10.58,0.53,12.13,0
ORD-01485,2026-09-11,lunch,app,2,0,stockout,1.37,7.75,2.29,11.4,1
ORD-01486,2026-09-11,lunch,counter,3,0,,0.67,4.14,1.79,6.6,1
ORD-01487,2026-09-11,lunch,app,1,0,,0.24,7.95,2.18,10.36,1
ORD-01488,2026-09-11,lunch,app,2,0,,1.49,11.63,2.0,15.12,0
ORD-01489,2026-09-11,lunch,counter,3,0,,0.2,8.7,0.46,9.36,1
ORD-01490,2026-09-11,lunch,app,4,0,,1.59,4.5,2.61,8.7,1
ORD-01491,2026-09-11,lunch,counter,2,0,,1.3,8.05,1.42,10.77,1
ORD-01492,2026-09-11,lunch,counter,1,0,,0.29,3.37,2.39,6.04,1
ORD-01493,2026-09-11,lunch,counter,1,0,,1.29,8.67,1.56,11.52,1
ORD-01494,2026-09-11,lunch,app,1,0,,1.32,13.13,2.1,16.54,0
ORD-01495,2026-09-11,lunch,counter,1,0,,1.4,3.08,0.88,5.36,1
ORD-01496,2026-09-11,lunch,counter,1,1,,1.2,5.17,,,
ORD-01497,2026-09-11,lunch,app,4,0,,1.62,13.2,1.06,15.88,0
ORD-01498,2026-09-11,lunch,counter,3,0,,1.43,11.54,0.68,13.65,0
ORD-01499,2026-09-11,lunch,app,3,0,payment,0.3,10.11,2.16,12.56,0
ORD-01500,2026-09-11,lunch,app,1,0,,0.95,11.08,1.19,13.22,0
ORD-01501,2026-09-11,lunch,counter,4,0,,0.64,12.15,1.72,14.51,0
ORD-01502,2026-09-11,lunch,app,4,0,,0.82,9.35,2.92,13.08,0
ORD-01503,2026-09-11,lunch,counter,4,0,,0.28,7.2,1.84,9.33,1
ORD-01504,2026-09-11,lunch,counter,1,0,,0.2,2.8,1.06,4.07,1
ORD-01505,2026-09-11,lunch,counter,3,0,,0.64,8.47,0.3,9.41,1
ORD-01506,2026-09-11,lunch,counter,3,0,,0.99,2.33,1.31,4.63,1
ORD-01507,2026-09-11,lunch,counter,3,0,,0.81,7.97,1.57,10.35,1
ORD-01508,2026-09-11,lunch,counter,4,0,,1.1,6.69,3.5,11.3,1
ORD-01509,2026-09-11,lunch,counter,3,0,,0.36,6.24,0.3,6.89,1
ORD-01510,2026-09-11,lunch,counter,2,0,,2.22,11.94,3.15,17.32,0
ORD-01511,2026-09-11,dinner,counter,1,0,,0.79,5.41,0.92,7.12,1
ORD-01512,2026-09-11,dinner,counter,2,0,payment,0.72,7.91,1.89,10.51,1
ORD-01513,2026-09-11,dinner,app,1,0,,1.23,14.44,2.45,18.12,0
ORD-01514,2026-09-11,dinner,counter,4,0,,0.77,10.6,2.81,14.17,0
ORD-01515,2026-09-11,dinner,counter,2,0,,1.0,9.98,0.3,11.28,1
ORD-01516,2026-09-11,dinner,counter,1,0,,0.73,3.69,1.65,6.07,1
ORD-01517,2026-09-11,dinner,counter,4,0,,1.03,6.34,0.55,7.92,1
ORD-01518,2026-09-11,dinner,counter,2,0,stockout,0.79,5.46,1.69,7.95,1
ORD-01519,2026-09-11,dinner,counter,1,0,,0.78,8.86,2.39,12.03,0
ORD-01520,2026-09-11,dinner,counter,3,0,,0.2,5.79,0.3,6.29,1
ORD-01521,2026-09-11,dinner,app,3,0,,0.89,6.59,1.05,8.53,1
ORD-01522,2026-09-11,dinner,counter,4,0,,1.51,11.77,1.66,14.93,0
ORD-01523,2026-09-11,dinner,counter,1,0,,1.1,5.01,1.09,7.2,1
ORD-01524,2026-09-11,dinner,app,4,0,,1.04,7.23,0.35,8.62,1
ORD-01525,2026-09-11,dinner,app,3,0,,1.21,5.18,0.3,6.68,1
ORD-01526,2026-09-11,dinner,app,1,0,,1.27,12.96,3.88,18.11,0
ORD-01527,2026-09-11,dinner,counter,4,0,,0.85,8.47,1.16,10.48,1
ORD-01528,2026-09-11,dinner,counter,2,0,,1.15,4.77,1.45,7.37,1
ORD-01529,2026-09-11,dinner,app,3,0,,0.91,6.79,0.86,8.56,1
ORD-01530,2026-09-11,dinner,counter,2,0,,1.49,10.87,3.58,15.93,0
ORD-01531,2026-09-11,dinner,app,3,0,,1.13,7.94,0.48,9.55,1
ORD-01532,2026-09-11,dinner,app,4,0,,0.32,6.69,2.71,9.72,1
ORD-01533,2026-09-11,dinner,counter,4,0,,1.05,5.85,2.08,8.98,1
ORD-01534,2026-09-11,dinner,app,3,0,,0.79,5.81,1.6,8.2,1
ORD-01535,2026-09-11,dinner,app,3,0,,0.2,2.0,0.3,2.5,1
ORD-01536,2026-09-11,dinner,counter,4,0,stockout,1.72,10.77,2.09,14.59,0
ORD-01537,2026-09-11,dinner,counter,1,0,,0.65,8.17,1.0,9.83,1
ORD-01538,2026-09-11,dinner,app,4,0,,1.4,4.95,0.3,6.64,1
ORD-01539,2026-09-11,dinner,counter,3,0,,1.56,13.09,2.07,16.72,0
ORD-01540,2026-09-11,dinner,counter,2,0,kitchen_rework,0.83,13.7,0.3,14.83,0
ORD-01541,2026-09-11,dinner,app,3,0,,1.3,8.8,1.49,11.59,1
ORD-01542,2026-09-11,dinner,app,3,0,,1.43,5.64,2.95,10.03,1
ORD-01543,2026-09-11,dinner,app,3,0,,1.07,10.48,0.88,12.44,0
ORD-01544,2026-09-11,dinner,app,2,0,,1.26,11.01,0.73,13.0,0
ORD-01545,2026-09-11,dinner,counter,2,0,,1.26,12.6,2.49,16.35,0
ORD-01546,2026-09-11,dinner,counter,3,0,,1.65,17.42,2.86,21.94,0
ORD-01547,2026-09-11,dinner,app,2,0,,2.4,9.58,2.59,14.57,0
ORD-01548,2026-09-11,dinner,counter,4,0,,0.62,2.56,1.45,4.63,1
ORD-01549,2026-09-11,dinner,counter,3,0,,1.68,8.22,1.09,10.99,1
ORD-01550,2026-09-11,dinner,app,2,0,,0.77,7.88,0.56,9.21,1
ORD-01551,2026-09-11,dinner,app,3,0,,1.12,11.54,2.0,14.66,0
ORD-01552,2026-09-11,dinner,counter,2,0,kitchen_rework,0.83,11.7,1.72,14.26,0
ORD-01553,2026-09-11,dinner,app,4,0,,1.56,9.09,2.74,13.4,0
ORD-01554,2026-09-11,dinner,app,2,0,,0.76,11.59,1.02,13.36,0
ORD-01555,2026-09-11,dinner,counter,2,0,,0.72,12.55,1.04,14.32,0
ORD-01556,2026-09-11,dinner,app,2,0,,0.88,6.97,0.3,8.15,1
ORD-01557,2026-09-11,dinner,app,2,0,,1.62,10.05,1.85,13.52,0
ORD-01558,2026-09-11,dinner,counter,1,0,,0.2,4.33,0.71,5.23,1
ORD-01559,2026-09-11,dinner,app,4,0,payment,1.41,5.77,2.15,9.33,1
ORD-01560,2026-09-11,dinner,counter,4,0,,0.7,7.53,0.3,8.53,1
ORD-01561,2026-09-11,dinner,counter,1,0,,0.51,12.34,0.3,13.15,0
ORD-01562,2026-09-11,dinner,counter,1,0,,0.2,5.13,0.95,6.28,1
ORD-01563,2026-09-11,dinner,counter,3,0,,1.07,10.84,1.7,13.61,0
ORD-01564,2026-09-11,dinner,app,1,0,,0.35,6.54,0.57,7.46,1
ORD-01565,2026-09-11,dinner,counter,2,0,,1.69,7.16,0.57,9.42,1
ORD-01566,2026-09-11,dinner,counter,2,0,,1.1,12.33,2.37,15.8,0
ORD-01567,2026-09-11,dinner,counter,1,0,,0.72,13.74,2.36,16.81,0
ORD-01568,2026-09-11,dinner,counter,2,0,,0.55,5.88,1.37,7.8,1
ORD-01569,2026-09-11,dinner,app,4,0,payment,1.02,13.07,2.19,16.28,0
ORD-01570,2026-09-11,dinner,app,3,0,,0.31,9.69,2.13,12.14,0
ORD-01571,2026-09-11,dinner,counter,3,0,,1.02,13.75,2.51,17.28,0
ORD-01572,2026-09-11,dinner,counter,1,0,,0.93,7.81,1.54,10.28,1
ORD-01573,2026-09-11,dinner,counter,1,0,,1.79,7.52,3.2,12.51,0
ORD-01574,2026-09-11,dinner,app,4,1,,1.03,3.92,,,
ORD-01575,2026-09-11,dinner,counter,3,0,,1.03,10.14,1.27,12.44,0
ORD-01576,2026-09-11,dinner,counter,2,0,,0.61,10.24,1.2,12.05,0
ORD-01577,2026-09-11,dinner,counter,3,0,kitchen_rework,1.37,20.4,2.41,24.18,0
ORD-01578,2026-09-11,dinner,counter,1,0,,0.98,10.41,2.75,14.13,0
ORD-01579,2026-09-11,dinner,counter,3,0,,1.28,13.14,1.09,15.51,0
ORD-01580,2026-09-11,dinner,counter,2,0,,0.71,4.67,1.37,6.75,1
ORD-01581,2026-09-11,dinner,app,2,1,kitchen_rework,1.2,14.95,,,
ORD-01582,2026-09-11,dinner,counter,1,0,,1.16,6.58,1.8,9.54,1
ORD-01583,2026-09-11,dinner,app,4,0,,0.2,3.27,1.33,4.8,1
ORD-01584,2026-09-11,dinner,app,3,0,,1.91,6.67,1.18,9.76,1
ORD-01585,2026-09-11,dinner,counter,2,0,,1.91,5.74,2.96,10.61,1
ORD-01586,2026-09-11,dinner,app,3,0,,1.19,11.26,0.87,13.32,0
ORD-01587,2026-09-11,dinner,counter,4,0,,0.97,13.93,1.58,16.49,0
ORD-01588,2026-09-11,dinner,app,2,0,kitchen_rework,1.05,14.31,1.0,16.35,0
ORD-01589,2026-09-11,dinner,app,4,0,,0.99,3.86,1.91,6.76,1
ORD-01590,2026-09-11,dinner,app,2,0,,1.82,11.71,3.02,16.55,0
ORD-01591,2026-09-11,dinner,app,3,0,,0.9,6.68,1.66,9.25,1
ORD-01592,2026-09-11,dinner,counter,4,0,,0.91,7.41,1.17,9.5,1
ORD-01593,2026-09-11,dinner,app,1,0,,1.62,9.16,2.28,13.06,0
ORD-01594,2026-09-11,dinner,app,3,0,,1.42,8.08,3.48,12.98,0
ORD-01595,2026-09-11,dinner,app,2,0,,1.47,9.31,1.31,12.09,0
ORD-01596,2026-09-11,dinner,app,2,0,,0.66,3.46,1.27,5.39,1
ORD-01597,2026-09-11,dinner,app,2,0,,1.29,8.76,1.79,11.84,1
ORD-01598,2026-09-11,dinner,app,2,0,,1.48,9.33,2.1,12.9,0
ORD-01599,2026-09-11,dinner,app,3,0,,1.45,10.95,3.68,16.07,0
ORD-01600,2026-09-11,dinner,app,2,0,,1.15,8.81,1.62,11.59,1
ORD-01601,2026-09-11,dinner,app,2,0,,0.85,9.22,3.41,13.48,0
ORD-01602,2026-09-11,dinner,app,1,0,,0.43,5.62,2.46,8.51,1
ORD-01603,2026-09-11,dinner,counter,3,0,,0.45,7.6,3.7,11.74,1
ORD-01604,2026-09-11,dinner,app,3,0,,2.23,9.96,2.94,15.13,0
ORD-01605,2026-09-11,dinner,counter,1,0,,1.8,8.15,1.5,11.46,1
ORD-01606,2026-09-11,dinner,app,4,0,,0.87,6.53,1.57,8.96,1
ORD-01607,2026-09-11,dinner,counter,3,0,,0.51,4.31,2.02,6.83,1
ORD-01608,2026-09-11,dinner,counter,2,0,,0.45,7.55,1.46,9.46,1
ORD-01609,2026-09-11,dinner,app,4,0,,1.52,9.02,2.93,13.48,0
ORD-01610,2026-09-11,dinner,counter,1,0,,0.2,9.86,0.59,10.65,1
ORD-01611,2026-09-11,dinner,app,3,0,,1.34,5.02,0.99,7.35,1
ORD-01612,2026-09-11,dinner,app,4,0,,1.0,12.54,2.63,16.17,0
ORD-01613,2026-09-11,dinner,app,4,0,,1.11,4.65,1.64,7.39,1
ORD-01614,2026-09-11,dinner,counter,4,0,,0.67,5.37,1.61,7.64,1
ORD-01615,2026-09-11,dinner,counter,2,0,,1.11,11.01,2.94,15.06,0
ORD-01616,2026-09-11,dinner,app,1,0,,1.17,5.63,1.15,7.94,1
ORD-01617,2026-09-11,dinner,app,2,0,,0.93,12.66,1.94,15.53,0
ORD-01618,2026-09-11,dinner,app,2,1,,1.07,4.24,,,
ORD-01619,2026-09-11,dinner,counter,3,0,,1.45,13.7,2.9,18.05,0
ORD-01620,2026-09-11,dinner,app,4,0,,1.31,9.69,0.3,11.29,1
ORD-01621,2026-09-11,dinner,counter,1,0,,0.67,12.08,0.63,13.38,0
ORD-01622,2026-09-11,dinner,app,3,0,,0.89,5.52,1.51,7.92,1
ORD-01623,2026-09-11,dinner,app,1,0,,1.59,10.16,3.79,15.55,0
ORD-01624,2026-09-11,dinner,counter,3,0,,0.2,7.66,0.5,8.36,1
ORD-01625,2026-09-11,dinner,app,2,0,,1.39,10.62,3.08,15.09,0
ORD-01626,2026-09-12,breakfast,app,3,0,,0.97,13.68,2.29,16.94,0
ORD-01627,2026-09-12,breakfast,counter,3,0,stockout,1.69,7.94,2.21,11.84,1
ORD-01628,2026-09-12,breakfast,counter,4,0,,1.71,11.55,2.92,16.18,0
ORD-01629,2026-09-12,breakfast,app,4,0,stockout,0.67,4.41,1.43,6.51,1
ORD-01630,2026-09-12,breakfast,counter,2,0,,1.17,9.83,1.19,12.19,0
ORD-01631,2026-09-12,breakfast,counter,3,0,,0.74,9.03,2.23,12.0,0
ORD-01632,2026-09-12,breakfast,app,4,0,kitchen_rework,1.47,18.86,2.73,23.06,0
ORD-01633,2026-09-12,breakfast,app,3,0,,0.2,6.01,0.7,6.91,1
ORD-01634,2026-09-12,breakfast,counter,3,0,,1.58,4.97,2.72,9.26,1
ORD-01635,2026-09-12,breakfast,counter,2,0,kitchen_rework,0.65,15.35,2.37,18.38,0
ORD-01636,2026-09-12,breakfast,app,4,0,,1.56,9.48,2.98,14.02,0
ORD-01637,2026-09-12,breakfast,counter,3,0,,0.66,2.0,1.46,4.12,1
ORD-01638,2026-09-12,breakfast,app,4,0,,0.97,7.03,0.3,8.29,1
ORD-01639,2026-09-12,breakfast,app,3,0,,0.39,2.76,1.89,5.04,1
ORD-01640,2026-09-12,breakfast,counter,2,0,,0.76,14.1,0.9,15.76,0
ORD-01641,2026-09-12,breakfast,counter,4,0,stockout,0.97,9.2,0.3,10.47,1
ORD-01642,2026-09-12,breakfast,app,1,0,stockout,0.96,2.0,1.23,4.18,1
ORD-01643,2026-09-12,breakfast,counter,2,0,,1.34,8.08,2.79,12.21,0
ORD-01644,2026-09-12,breakfast,app,3,0,,1.34,13.45,3.19,17.97,0
ORD-01645,2026-09-12,breakfast,counter,3,0,,0.69,7.4,2.02,10.1,1
ORD-01646,2026-09-12,breakfast,counter,3,0,,1.19,12.71,2.04,15.95,0
ORD-01647,2026-09-12,breakfast,counter,2,0,,0.97,11.19,1.79,13.95,0
ORD-01648,2026-09-12,breakfast,counter,1,0,,0.71,8.1,3.88,12.68,0
ORD-01649,2026-09-12,breakfast,app,1,0,,0.54,7.99,0.3,8.83,1
ORD-01650,2026-09-12,breakfast,counter,2,0,,0.96,6.27,2.69,9.92,1
ORD-01651,2026-09-12,breakfast,counter,2,1,,1.23,12.2,,,
ORD-01652,2026-09-12,breakfast,app,4,0,,1.15,12.02,3.23,16.39,0
ORD-01653,2026-09-12,breakfast,counter,2,0,,1.01,13.62,1.85,16.49,0
ORD-01654,2026-09-12,breakfast,app,2,0,payment,1.5,7.76,1.74,10.99,1
ORD-01655,2026-09-12,breakfast,app,3,0,,0.24,7.12,2.44,9.8,1
ORD-01656,2026-09-12,breakfast,counter,3,0,,2.13,8.28,3.44,13.85,0
ORD-01657,2026-09-12,breakfast,app,1,0,,1.19,8.81,1.93,11.92,1
ORD-01658,2026-09-12,breakfast,counter,1,0,,0.79,12.7,1.77,15.26,0
ORD-01659,2026-09-12,breakfast,counter,4,0,,0.91,10.39,0.96,12.27,0
ORD-01660,2026-09-12,breakfast,counter,2,0,,1.71,11.11,0.93,13.75,0
ORD-01661,2026-09-12,breakfast,counter,1,0,,0.96,13.33,3.02,17.3,0
ORD-01662,2026-09-12,breakfast,counter,1,0,,1.09,4.27,1.4,6.75,1
ORD-01663,2026-09-12,breakfast,counter,2,0,,1.07,8.56,1.76,11.39,1
ORD-01664,2026-09-12,breakfast,counter,2,0,,1.71,5.44,1.38,8.52,1
ORD-01665,2026-09-12,breakfast,app,3,0,,1.94,6.35,1.96,10.24,1
ORD-01666,2026-09-12,breakfast,app,3,0,,0.35,2.0,1.31,3.67,1
ORD-01667,2026-09-12,breakfast,counter,1,0,,2.07,11.38,3.29,16.74,0
ORD-01668,2026-09-12,breakfast,app,1,0,,1.55,15.53,1.21,18.29,0
ORD-01669,2026-09-12,breakfast,counter,3,0,,1.55,6.81,2.62,10.99,1
ORD-01670,2026-09-12,breakfast,app,2,0,,1.04,11.57,2.0,14.61,0
ORD-01671,2026-09-12,breakfast,counter,1,0,,1.18,8.77,3.26,13.21,0
ORD-01672,2026-09-12,breakfast,counter,4,0,,0.28,6.12,3.07,9.46,1
ORD-01673,2026-09-12,breakfast,counter,1,0,,1.24,4.33,2.91,8.48,1
ORD-01674,2026-09-12,breakfast,app,4,0,,1.1,8.42,1.76,11.28,1
ORD-01675,2026-09-12,breakfast,app,4,0,,1.13,6.6,1.86,9.59,1
ORD-01676,2026-09-12,breakfast,counter,3,0,,0.99,6.63,3.12,10.75,1
ORD-01677,2026-09-12,breakfast,app,1,0,,1.46,11.67,1.45,14.58,0
ORD-01678,2026-09-12,breakfast,counter,3,0,,0.69,11.27,2.28,14.25,0
ORD-01679,2026-09-12,breakfast,counter,3,0,,0.74,6.79,2.1,9.62,1
ORD-01680,2026-09-12,breakfast,counter,1,0,,0.61,8.72,1.87,11.2,1
ORD-01681,2026-09-12,breakfast,app,1,0,,1.53,8.97,2.1,12.6,0
ORD-01682,2026-09-12,breakfast,counter,3,0,,1.01,9.84,2.49,13.34,0
ORD-01683,2026-09-12,breakfast,counter,3,0,,1.85,11.76,1.14,14.74,0
ORD-01684,2026-09-12,breakfast,app,3,0,,1.04,8.35,1.15,10.54,1
ORD-01685,2026-09-12,breakfast,counter,4,0,,1.05,5.92,1.68,8.65,1
ORD-01686,2026-09-12,breakfast,counter,3,0,,1.31,10.64,1.26,13.21,0
ORD-01687,2026-09-12,breakfast,counter,2,0,,2.22,12.63,0.84,15.69,0
ORD-01688,2026-09-12,breakfast,app,1,0,,1.23,6.32,3.21,10.77,1
ORD-01689,2026-09-12,breakfast,counter,1,0,,0.62,4.44,1.01,6.07,1
ORD-01690,2026-09-12,breakfast,counter,1,0,,0.34,9.13,1.33,10.79,1
ORD-01691,2026-09-12,breakfast,counter,4,0,,1.54,5.82,1.13,8.5,1
ORD-01692,2026-09-12,breakfast,app,2,0,,1.02,8.07,0.62,9.7,1
ORD-01693,2026-09-12,breakfast,counter,3,0,,0.2,10.08,1.71,12.0,1
ORD-01694,2026-09-12,breakfast,app,2,0,,1.09,6.89,0.3,8.28,1
ORD-01695,2026-09-12,breakfast,app,1,0,,0.69,4.92,0.34,5.95,1
ORD-01696,2026-09-12,breakfast,counter,1,0,,1.25,5.5,2.0,8.75,1
ORD-01697,2026-09-12,breakfast,counter,3,0,,0.81,5.64,2.24,8.69,1
ORD-01698,2026-09-12,breakfast,app,4,1,,1.68,10.6,,,
ORD-01699,2026-09-12,breakfast,app,3,0,,1.05,7.9,2.47,11.42,1
ORD-01700,2026-09-12,breakfast,counter,4,0,,0.65,4.92,0.3,5.87,1
ORD-01701,2026-09-12,breakfast,app,3,0,,1.04,10.89,1.15,13.08,0
ORD-01702,2026-09-12,breakfast,app,4,1,,2.04,8.57,,,
ORD-01703,2026-09-12,breakfast,counter,1,0,,1.6,10.64,2.47,14.71,0
ORD-01704,2026-09-12,breakfast,app,1,0,,1.31,12.36,2.93,16.6,0
ORD-01705,2026-09-12,breakfast,counter,4,0,,1.05,10.78,1.98,13.82,0
ORD-01706,2026-09-12,breakfast,counter,3,0,kitchen_rework,1.37,14.6,2.08,18.05,0
ORD-01707,2026-09-12,breakfast,app,4,0,,1.64,12.27,2.45,16.36,0
ORD-01708,2026-09-12,breakfast,counter,2,0,,0.38,10.76,0.51,11.64,1
ORD-01709,2026-09-12,breakfast,counter,1,0,,1.18,11.04,1.76,13.98,0
ORD-01710,2026-09-12,breakfast,counter,3,0,,0.86,9.23,1.1,11.19,1
ORD-01711,2026-09-12,lunch,counter,1,0,,1.13,7.26,0.84,9.23,1
ORD-01712,2026-09-12,lunch,app,4,0,,0.87,2.0,2.07,4.93,1
ORD-01713,2026-09-12,lunch,counter,2,0,,1.85,11.1,0.86,13.81,0
ORD-01714,2026-09-12,lunch,app,1,0,,1.1,8.74,0.3,10.14,1
ORD-01715,2026-09-12,lunch,counter,1,0,,1.43,11.39,0.3,13.12,0
ORD-01716,2026-09-12,lunch,app,4,0,,1.24,6.69,1.96,9.89,1
ORD-01717,2026-09-12,lunch,app,1,0,,0.95,9.75,0.61,11.31,1
ORD-01718,2026-09-12,lunch,app,2,0,,0.47,9.52,0.46,10.45,1
ORD-01719,2026-09-12,lunch,counter,1,1,,1.3,3.86,,,
ORD-01720,2026-09-12,lunch,counter,3,0,,0.84,8.09,1.65,10.59,1
ORD-01721,2026-09-12,lunch,app,3,0,kitchen_rework,0.9,12.54,1.59,15.02,0
ORD-01722,2026-09-12,lunch,app,4,0,,1.15,9.42,2.67,13.24,0
ORD-01723,2026-09-12,lunch,counter,2,0,,1.28,11.32,1.92,14.51,0
ORD-01724,2026-09-12,lunch,counter,4,0,,1.08,5.67,1.51,8.26,1
ORD-01725,2026-09-12,lunch,counter,1,0,,1.27,5.43,2.73,9.44,1
ORD-01726,2026-09-12,lunch,counter,4,0,,0.8,8.7,2.44,11.94,1
ORD-01727,2026-09-12,lunch,counter,4,0,,0.7,6.05,0.3,7.05,1
ORD-01728,2026-09-12,lunch,counter,3,0,,1.03,6.31,2.55,9.89,1
ORD-01729,2026-09-12,lunch,counter,3,0,,1.42,11.77,1.86,15.04,0
ORD-01730,2026-09-12,lunch,counter,1,0,,1.01,5.86,1.9,8.77,1
ORD-01731,2026-09-12,lunch,counter,1,0,,0.2,8.51,0.87,9.58,1
ORD-01732,2026-09-12,lunch,counter,1,0,,0.2,5.46,1.47,7.12,1
ORD-01733,2026-09-12,lunch,app,1,0,,1.14,5.39,0.99,7.52,1
ORD-01734,2026-09-12,lunch,app,1,0,,1.89,11.5,1.86,15.24,0
ORD-01735,2026-09-12,lunch,app,2,0,,2.1,6.41,2.78,11.3,1
ORD-01736,2026-09-12,lunch,counter,4,0,,1.79,5.05,0.58,7.42,1
ORD-01737,2026-09-12,lunch,app,4,0,,0.65,7.62,1.51,9.78,1
ORD-01738,2026-09-12,lunch,counter,4,0,,0.41,6.46,0.3,7.17,1
ORD-01739,2026-09-12,lunch,app,1,0,,1.27,11.4,1.65,14.32,0
ORD-01740,2026-09-12,lunch,counter,4,0,,0.86,15.41,1.49,17.75,0
ORD-01741,2026-09-12,lunch,counter,2,0,,1.23,5.85,2.47,9.55,1
ORD-01742,2026-09-12,lunch,app,4,0,payment,0.72,6.26,2.34,9.32,1
ORD-01743,2026-09-12,lunch,app,3,0,payment,1.3,5.94,0.3,7.54,1
ORD-01744,2026-09-12,lunch,counter,1,0,,0.2,6.78,0.62,7.61,1
ORD-01745,2026-09-12,lunch,app,3,0,,0.79,8.61,1.61,11.02,1
ORD-01746,2026-09-12,lunch,app,3,0,,1.32,6.43,2.39,10.14,1
ORD-01747,2026-09-12,lunch,app,1,0,,0.53,7.63,3.16,11.33,1
ORD-01748,2026-09-12,lunch,counter,4,0,,0.2,6.52,1.61,8.33,1
ORD-01749,2026-09-12,lunch,app,1,0,,1.26,8.45,1.5,11.2,1
ORD-01750,2026-09-12,lunch,app,2,0,,1.53,10.44,2.41,14.38,0
ORD-01751,2026-09-12,lunch,counter,3,0,,1.33,9.06,1.86,12.25,0
ORD-01752,2026-09-12,lunch,app,2,0,,0.8,10.12,1.09,12.01,0
ORD-01753,2026-09-12,lunch,app,1,0,,1.73,9.55,0.77,12.05,0
ORD-01754,2026-09-12,lunch,app,4,0,,1.32,12.52,1.47,15.32,0
ORD-01755,2026-09-12,lunch,counter,1,0,,1.28,6.28,3.04,10.6,1
ORD-01756,2026-09-12,lunch,counter,1,0,,1.3,6.71,1.4,9.41,1
ORD-01757,2026-09-12,lunch,app,2,0,,1.16,8.78,0.3,10.24,1
ORD-01758,2026-09-12,lunch,app,3,0,,1.74,13.56,2.27,17.57,0
ORD-01759,2026-09-12,lunch,app,1,0,,0.78,10.52,2.17,13.46,0
ORD-01760,2026-09-12,lunch,app,2,0,,1.24,6.98,2.84,11.06,1
ORD-01761,2026-09-12,lunch,counter,2,0,,0.2,5.66,2.09,7.95,1
ORD-01762,2026-09-12,lunch,counter,3,0,,0.89,7.56,1.91,10.36,1
ORD-01763,2026-09-12,lunch,counter,1,0,,0.73,13.29,1.45,15.48,0
ORD-01764,2026-09-12,lunch,counter,4,0,,1.03,9.07,2.85,12.94,0
ORD-01765,2026-09-12,lunch,app,2,0,,0.61,10.37,1.4,12.39,0
ORD-01766,2026-09-12,lunch,app,3,0,,0.97,10.54,1.55,13.05,0
ORD-01767,2026-09-12,lunch,counter,2,0,,0.77,2.1,1.59,4.47,1
ORD-01768,2026-09-12,lunch,app,3,1,,0.66,7.7,,,
ORD-01769,2026-09-12,lunch,app,1,0,,0.79,5.37,1.31,7.47,1
ORD-01770,2026-09-12,lunch,app,4,0,,0.61,14.68,1.68,16.97,0
ORD-01771,2026-09-12,lunch,counter,4,0,,1.41,5.27,2.02,8.69,1
ORD-01772,2026-09-12,lunch,counter,4,0,,2.04,15.43,1.76,19.23,0
ORD-01773,2026-09-12,lunch,app,2,0,,0.54,4.49,2.37,7.41,1
ORD-01774,2026-09-12,lunch,counter,2,0,,1.35,11.79,2.39,15.53,0
ORD-01775,2026-09-12,lunch,counter,1,0,,0.63,5.79,1.74,8.16,1
ORD-01776,2026-09-12,lunch,app,1,0,,0.38,8.36,1.06,9.8,1
ORD-01777,2026-09-12,lunch,counter,3,0,,1.56,9.01,2.42,12.99,0
ORD-01778,2026-09-12,lunch,app,3,0,,1.45,4.94,0.45,6.84,1
ORD-01779,2026-09-12,lunch,app,3,0,,0.98,4.97,2.15,8.1,1
ORD-01780,2026-09-12,lunch,counter,2,0,,1.49,8.21,2.29,11.98,1
ORD-01781,2026-09-12,lunch,counter,1,0,,1.72,7.65,1.9,11.27,1
ORD-01782,2026-09-12,lunch,app,1,0,,1.84,6.48,2.01,10.34,1
ORD-01783,2026-09-12,lunch,counter,1,0,,0.94,7.2,2.5,10.64,1
ORD-01784,2026-09-12,lunch,app,4,0,,1.21,10.65,2.33,14.19,0
ORD-01785,2026-09-12,lunch,app,4,0,,1.46,11.53,3.45,16.44,0
ORD-01786,2026-09-12,lunch,counter,3,0,,0.5,8.36,2.36,11.23,1
ORD-01787,2026-09-12,lunch,app,4,0,,0.9,10.85,1.18,12.93,0
ORD-01788,2026-09-12,lunch,app,4,0,,0.98,8.28,1.18,10.45,1
ORD-01789,2026-09-12,lunch,counter,1,0,,0.29,2.49,1.94,4.72,1
ORD-01790,2026-09-12,lunch,app,3,0,,0.8,6.05,1.39,8.23,1
ORD-01791,2026-09-12,lunch,counter,3,0,,0.43,2.0,1.06,3.49,1
ORD-01792,2026-09-12,lunch,app,1,0,,1.72,7.45,2.03,11.2,1
ORD-01793,2026-09-12,lunch,counter,2,0,,1.38,10.62,1.95,13.96,0
ORD-01794,2026-09-12,lunch,counter,3,0,,1.18,8.64,2.61,12.43,0
ORD-01795,2026-09-12,lunch,app,1,0,,0.9,7.04,2.03,9.97,1
ORD-01796,2026-09-12,lunch,app,1,0,,0.81,7.35,1.57,9.72,1
ORD-01797,2026-09-12,lunch,counter,2,0,,1.37,3.83,1.92,7.12,1
ORD-01798,2026-09-12,lunch,counter,3,0,,0.82,7.07,1.34,9.23,1
ORD-01799,2026-09-12,lunch,app,1,0,,1.1,10.1,1.56,12.77,0
ORD-01800,2026-09-12,lunch,counter,1,0,,1.09,10.16,1.16,12.41,0
ORD-01801,2026-09-12,lunch,counter,3,1,,1.8,13.91,,,
ORD-01802,2026-09-12,lunch,app,3,0,,0.96,11.04,2.44,14.44,0
ORD-01803,2026-09-12,lunch,counter,1,0,,1.02,9.62,1.21,11.85,1
ORD-01804,2026-09-12,lunch,app,1,0,,0.78,5.98,1.2,7.97,1
ORD-01805,2026-09-12,lunch,counter,2,0,,0.2,2.0,0.3,2.5,1
ORD-01806,2026-09-12,lunch,counter,1,0,,0.73,9.87,0.81,11.4,1
ORD-01807,2026-09-12,lunch,counter,4,0,,0.79,3.94,1.79,6.52,1
ORD-01808,2026-09-12,lunch,counter,4,0,kitchen_rework,0.22,12.03,0.46,12.72,0
ORD-01809,2026-09-12,lunch,app,4,0,kitchen_rework,1.71,20.02,2.59,24.32,0
ORD-01810,2026-09-12,lunch,counter,3,0,,0.87,12.27,1.65,14.79,0
ORD-01811,2026-09-12,lunch,counter,3,0,,0.27,3.14,0.62,4.03,1
ORD-01812,2026-09-12,lunch,counter,2,0,,0.67,11.08,2.3,14.05,0
ORD-01813,2026-09-12,lunch,app,2,0,,0.31,6.56,1.08,7.95,1
ORD-01814,2026-09-12,lunch,counter,2,0,,0.75,3.6,0.6,4.95,1
ORD-01815,2026-09-12,lunch,app,4,1,payment,0.39,8.19,,,
ORD-01816,2026-09-12,lunch,counter,4,0,,0.85,8.73,0.9,10.47,1
ORD-01817,2026-09-12,lunch,counter,3,0,,1.09,11.54,2.68,15.31,0
ORD-01818,2026-09-12,lunch,counter,4,0,,0.99,4.59,1.5,7.09,1
ORD-01819,2026-09-12,lunch,counter,1,0,stockout,1.3,3.13,1.23,5.66,1
ORD-01820,2026-09-12,lunch,counter,3,0,,0.26,7.09,0.72,8.06,1
ORD-01821,2026-09-12,lunch,app,4,0,,0.83,7.07,1.04,8.95,1
ORD-01822,2026-09-12,lunch,app,2,0,,1.33,10.86,1.63,13.82,0
ORD-01823,2026-09-12,lunch,counter,3,0,,0.9,8.82,1.26,10.97,1
ORD-01824,2026-09-12,lunch,counter,4,0,,1.22,10.84,0.32,12.38,0
ORD-01825,2026-09-12,lunch,counter,2,0,,0.87,6.88,2.14,9.89,1
ORD-01826,2026-09-12,lunch,app,3,0,,1.5,13.61,2.27,17.39,0
ORD-01827,2026-09-12,lunch,counter,4,0,,0.62,6.98,1.85,9.45,1
ORD-01828,2026-09-12,lunch,app,4,0,,0.89,12.0,1.64,14.52,0
ORD-01829,2026-09-12,lunch,counter,4,0,,0.2,6.76,0.3,7.26,1
ORD-01830,2026-09-12,lunch,app,4,0,,0.74,8.34,2.84,11.93,1
ORD-01831,2026-09-12,lunch,counter,3,0,,1.27,4.46,1.6,7.33,1
ORD-01832,2026-09-12,lunch,app,4,0,,1.04,7.46,0.67,9.18,1
ORD-01833,2026-09-12,lunch,app,3,0,,1.02,11.55,2.27,14.84,0
ORD-01834,2026-09-12,lunch,counter,4,0,,1.48,6.66,1.85,9.99,1
ORD-01835,2026-09-12,lunch,app,2,0,,0.92,12.7,2.69,16.3,0
ORD-01836,2026-09-12,dinner,counter,4,0,,0.47,10.9,0.79,12.16,0
ORD-01837,2026-09-12,dinner,app,2,0,,0.81,10.96,2.62,14.39,0
ORD-01838,2026-09-12,dinner,app,2,0,,1.47,18.25,1.87,21.59,0
ORD-01839,2026-09-12,dinner,counter,3,0,,0.71,5.65,1.22,7.58,1
ORD-01840,2026-09-12,dinner,counter,4,0,,1.38,2.0,1.02,4.4,1
ORD-01841,2026-09-12,dinner,app,1,0,,0.51,6.41,0.9,7.81,1
ORD-01842,2026-09-12,dinner,counter,1,0,,1.4,2.99,1.02,5.41,1
ORD-01843,2026-09-12,dinner,counter,2,0,,0.48,5.87,1.67,8.03,1
ORD-01844,2026-09-12,dinner,counter,1,0,,0.7,9.47,1.02,11.2,1
ORD-01845,2026-09-12,dinner,app,2,0,,1.99,8.41,2.22,12.62,0
ORD-01846,2026-09-12,dinner,app,3,0,,2.18,8.26,3.88,14.33,0
ORD-01847,2026-09-12,dinner,counter,3,0,,0.75,4.08,0.3,5.13,1
ORD-01848,2026-09-12,dinner,app,2,1,,1.48,13.44,,,
ORD-01849,2026-09-12,dinner,counter,2,0,,0.76,8.34,0.3,9.4,1
ORD-01850,2026-09-12,dinner,app,2,0,,0.63,9.1,0.95,10.69,1
ORD-01851,2026-09-12,dinner,app,2,0,,0.81,5.76,2.24,8.82,1
ORD-01852,2026-09-12,dinner,counter,4,0,,1.07,2.3,2.26,5.64,1
ORD-01853,2026-09-12,dinner,app,1,0,,0.76,7.26,1.49,9.51,1
ORD-01854,2026-09-12,dinner,counter,2,0,,0.79,10.8,2.13,13.72,0
ORD-01855,2026-09-12,dinner,app,3,0,,1.58,11.71,3.79,17.07,0
ORD-01856,2026-09-12,dinner,app,3,0,,0.79,5.41,1.13,7.32,1
ORD-01857,2026-09-12,dinner,counter,4,0,,0.2,10.09,1.35,11.64,1
ORD-01858,2026-09-12,dinner,counter,3,0,,1.3,10.72,1.02,13.05,0
ORD-01859,2026-09-12,dinner,counter,1,0,,1.18,7.0,1.69,9.88,1
ORD-01860,2026-09-12,dinner,app,3,0,,0.98,6.47,0.79,8.24,1
ORD-01861,2026-09-12,dinner,counter,4,0,,0.55,9.14,2.24,11.93,1
ORD-01862,2026-09-12,dinner,app,4,0,,1.51,8.57,2.62,12.69,0
ORD-01863,2026-09-12,dinner,app,3,0,,1.14,7.98,1.55,10.67,1
ORD-01864,2026-09-12,dinner,app,4,0,,0.99,9.63,2.18,12.8,0
ORD-01865,2026-09-12,dinner,app,1,0,,0.68,4.01,0.59,5.29,1
ORD-01866,2026-09-12,dinner,counter,1,0,,0.95,9.52,1.06,11.53,1
ORD-01867,2026-09-12,dinner,counter,1,0,payment,1.05,2.09,2.32,5.46,1
ORD-01868,2026-09-12,dinner,counter,1,0,,0.85,10.29,0.37,11.51,1
ORD-01869,2026-09-12,dinner,counter,3,0,,1.4,6.99,1.33,9.72,1
ORD-01870,2026-09-12,dinner,counter,2,0,,1.37,12.76,3.29,17.41,0
ORD-01871,2026-09-12,dinner,counter,4,0,,1.92,9.37,0.82,12.11,0
ORD-01872,2026-09-12,dinner,app,2,0,,0.28,3.14,2.44,5.86,1
ORD-01873,2026-09-12,dinner,app,3,0,,0.97,8.61,3.25,12.83,0
ORD-01874,2026-09-12,dinner,app,2,0,,2.11,14.26,3.35,19.72,0
ORD-01875,2026-09-12,dinner,app,4,0,,1.41,10.37,2.88,14.65,0
ORD-01876,2026-09-12,dinner,app,4,0,,2.04,5.72,1.36,9.12,1
ORD-01877,2026-09-12,dinner,counter,3,0,,1.48,6.5,3.11,11.09,1
ORD-01878,2026-09-12,dinner,counter,2,0,,1.74,13.08,2.92,17.73,0
ORD-01879,2026-09-12,dinner,app,1,0,,2.24,5.6,3.34,11.17,1
ORD-01880,2026-09-12,dinner,app,2,0,,0.53,6.32,0.76,7.62,1
ORD-01881,2026-09-12,dinner,app,2,0,,1.44,5.47,2.1,9.01,1
ORD-01882,2026-09-12,dinner,app,4,0,,1.05,4.81,1.23,7.09,1
ORD-01883,2026-09-12,dinner,counter,1,0,,1.17,11.5,1.69,14.36,0
ORD-01884,2026-09-12,dinner,counter,3,0,,1.63,12.52,2.23,16.39,0
ORD-01885,2026-09-12,dinner,app,3,0,kitchen_rework,0.71,18.14,0.88,19.72,0
ORD-01886,2026-09-12,dinner,counter,2,0,,1.48,7.09,2.81,11.38,1
ORD-01887,2026-09-12,dinner,counter,3,0,,0.69,2.0,1.18,3.87,1
ORD-01888,2026-09-12,dinner,app,1,0,,1.2,7.19,2.69,11.08,1
ORD-01889,2026-09-12,dinner,counter,1,0,kitchen_rework,2.25,19.09,2.63,23.97,0
ORD-01890,2026-09-12,dinner,app,3,0,,1.14,8.53,2.07,11.74,1
ORD-01891,2026-09-12,dinner,app,3,0,,1.63,10.19,1.89,13.72,0
ORD-01892,2026-09-12,dinner,app,4,1,,1.99,11.09,,,
ORD-01893,2026-09-12,dinner,counter,3,0,,1.46,12.75,2.9,17.11,0
ORD-01894,2026-09-12,dinner,counter,3,0,,0.73,3.52,0.3,4.55,1
ORD-01895,2026-09-12,dinner,counter,4,0,,0.34,11.89,1.73,13.95,0
ORD-01896,2026-09-12,dinner,counter,4,1,,0.91,4.64,,,
ORD-01897,2026-09-12,dinner,app,4,0,,0.64,12.79,0.85,14.28,0
ORD-01898,2026-09-12,dinner,counter,3,0,,1.51,6.41,0.79,8.7,1
ORD-01899,2026-09-12,dinner,app,3,0,,0.87,3.63,1.76,6.26,1
ORD-01900,2026-09-12,dinner,app,3,0,,0.28,2.0,1.57,3.85,1
ORD-01901,2026-09-12,dinner,counter,3,0,,0.88,6.06,0.97,7.9,1
ORD-01902,2026-09-12,dinner,app,3,0,,1.54,13.0,3.1,17.63,0
ORD-01903,2026-09-12,dinner,counter,4,0,,1.2,4.1,1.62,6.91,1
ORD-01904,2026-09-12,dinner,counter,1,0,,1.01,7.01,2.21,10.24,1
ORD-01905,2026-09-12,dinner,counter,2,0,,0.89,10.32,1.24,12.45,0
ORD-01906,2026-09-12,dinner,counter,1,0,,0.55,8.6,0.61,9.76,1
ORD-01907,2026-09-12,dinner,counter,2,0,,1.23,2.52,0.66,4.4,1
ORD-01908,2026-09-12,dinner,app,2,0,,0.96,2.0,1.04,4.0,1
ORD-01909,2026-09-12,dinner,counter,4,0,,1.66,11.49,2.82,15.97,0
ORD-01910,2026-09-12,dinner,app,2,0,,1.02,9.36,0.3,10.68,1
ORD-01911,2026-09-12,dinner,counter,1,0,,1.16,8.87,2.34,12.37,0
ORD-01912,2026-09-12,dinner,app,4,0,,1.34,9.26,2.18,12.78,0
ORD-01913,2026-09-12,dinner,counter,1,0,,1.08,8.39,2.05,11.52,1
ORD-01914,2026-09-12,dinner,counter,1,0,,0.53,4.56,0.71,5.79,1
ORD-01915,2026-09-12,dinner,app,3,0,,0.96,5.94,0.38,7.27,1
ORD-01916,2026-09-12,dinner,counter,2,0,,1.02,3.25,2.54,6.81,1
ORD-01917,2026-09-12,dinner,counter,4,0,,0.5,5.38,0.3,6.18,1
ORD-01918,2026-09-12,dinner,app,4,0,,0.26,5.78,0.3,6.35,1
ORD-01919,2026-09-12,dinner,counter,1,0,,1.65,8.12,4.29,14.06,0
ORD-01920,2026-09-12,dinner,app,4,0,,0.6,9.93,2.66,13.18,0
ORD-01921,2026-09-12,dinner,counter,1,0,,0.44,9.14,2.67,12.25,0
ORD-01922,2026-09-12,dinner,counter,2,0,,1.28,16.14,2.95,20.37,0
ORD-01923,2026-09-12,dinner,app,2,0,,1.73,6.71,1.77,10.22,1
ORD-01924,2026-09-12,dinner,counter,2,0,,0.72,8.38,2.86,11.95,1
ORD-01925,2026-09-12,dinner,app,1,0,,0.49,8.5,2.19,11.19,1
ORD-01926,2026-09-12,dinner,counter,2,0,,1.85,6.7,1.29,9.85,1
ORD-01927,2026-09-12,dinner,counter,4,0,,1.25,12.45,0.36,14.06,0
ORD-01928,2026-09-12,dinner,counter,4,0,,1.27,8.89,0.75,10.91,1
ORD-01929,2026-09-12,dinner,app,4,0,,1.43,11.06,0.3,12.79,0
ORD-01930,2026-09-12,dinner,app,2,0,,0.53,9.69,0.3,10.52,1
ORD-01931,2026-09-12,dinner,counter,1,0,,1.16,7.05,2.11,10.31,1
ORD-01932,2026-09-12,dinner,app,3,0,,1.1,8.1,1.75,10.95,1
ORD-01933,2026-09-12,dinner,counter,3,0,,1.06,9.28,0.33,10.67,1
ORD-01934,2026-09-12,dinner,app,3,0,,1.25,5.03,1.27,7.55,1
ORD-01935,2026-09-12,dinner,app,2,0,,1.06,9.63,2.09,12.79,0
ORD-01936,2026-09-12,dinner,counter,4,0,,1.54,7.68,3.1,12.32,0
ORD-01937,2026-09-12,dinner,app,4,0,,0.79,6.38,0.96,8.12,1
ORD-01938,2026-09-12,dinner,app,3,0,,1.86,8.96,2.91,13.72,0
ORD-01939,2026-09-12,dinner,counter,2,0,,1.44,15.52,2.39,19.35,0
ORD-01940,2026-09-12,dinner,app,1,0,,1.22,10.66,2.73,14.61,0
ORD-01941,2026-09-12,dinner,counter,1,1,,0.59,9.11,,,
ORD-01942,2026-09-12,dinner,app,3,1,,0.31,8.98,,,
ORD-01943,2026-09-12,dinner,app,4,0,,0.71,2.0,0.54,3.24,1
ORD-01944,2026-09-12,dinner,app,3,0,,0.72,7.86,2.92,11.51,1
ORD-01945,2026-09-12,dinner,app,3,0,,1.55,9.93,2.4,13.88,0
ORD-01946,2026-09-12,dinner,app,4,0,,1.9,8.86,2.18,12.94,0
ORD-01947,2026-09-12,dinner,counter,2,0,,1.51,4.93,1.26,7.7,1
ORD-01948,2026-09-12,dinner,app,4,0,,1.18,11.77,0.3,13.24,0
ORD-01949,2026-09-12,dinner,app,2,0,,0.2,7.02,1.22,8.44,1
ORD-01950,2026-09-12,dinner,counter,1,0,,1.51,5.64,2.9,10.05,1
ORD-01951,2026-09-13,breakfast,app,3,0,,1.55,9.54,1.96,13.06,0
ORD-01952,2026-09-13,breakfast,app,3,0,,0.91,12.49,3.17,16.57,0
ORD-01953,2026-09-13,breakfast,app,4,0,,1.34,6.26,0.3,7.91,1
ORD-01954,2026-09-13,breakfast,app,1,0,,0.95,3.14,0.87,4.95,1
ORD-01955,2026-09-13,breakfast,counter,1,0,,0.93,11.02,2.0,13.95,0
ORD-01956,2026-09-13,breakfast,app,4,0,,0.77,10.13,0.3,11.19,1
ORD-01957,2026-09-13,breakfast,app,4,0,,1.35,13.21,2.82,17.38,0
ORD-01958,2026-09-13,breakfast,counter,1,0,,1.93,11.77,3.06,16.76,0
ORD-01959,2026-09-13,breakfast,app,1,0,,0.81,10.61,1.19,12.61,0
ORD-01960,2026-09-13,breakfast,app,4,0,,0.62,10.11,0.53,11.26,1
ORD-01961,2026-09-13,breakfast,counter,4,0,,1.65,11.12,3.82,16.59,0
ORD-01962,2026-09-13,breakfast,app,2,1,,1.28,10.35,,,
ORD-01963,2026-09-13,breakfast,app,4,0,,0.89,5.21,0.96,7.07,1
ORD-01964,2026-09-13,breakfast,app,3,0,,1.21,9.39,1.06,11.65,1
ORD-01965,2026-09-13,breakfast,counter,3,0,,0.57,9.57,1.1,11.24,1
ORD-01966,2026-09-13,breakfast,counter,3,0,payment,1.81,9.17,1.69,12.67,0
ORD-01967,2026-09-13,breakfast,counter,2,0,,1.17,7.19,1.83,10.19,1
ORD-01968,2026-09-13,breakfast,app,2,0,,2.01,9.25,1.96,13.22,0
ORD-01969,2026-09-13,breakfast,app,2,0,,1.54,8.29,1.76,11.58,1
ORD-01970,2026-09-13,breakfast,app,4,1,,1.71,6.55,,,
ORD-01971,2026-09-13,breakfast,app,1,1,,1.12,12.42,,,
ORD-01972,2026-09-13,breakfast,app,3,0,,2.2,11.29,1.38,14.88,0
ORD-01973,2026-09-13,breakfast,counter,1,0,,0.99,9.69,1.84,12.52,0
ORD-01974,2026-09-13,breakfast,counter,4,0,,1.68,8.97,1.47,12.12,0
ORD-01975,2026-09-13,breakfast,app,2,0,,0.2,10.79,1.03,12.02,0
ORD-01976,2026-09-13,breakfast,counter,4,0,,0.58,12.11,2.38,15.08,0
ORD-01977,2026-09-13,breakfast,counter,3,0,,1.21,14.21,2.37,17.79,0
ORD-01978,2026-09-13,breakfast,app,1,0,,1.6,6.57,2.84,11.02,1
ORD-01979,2026-09-13,breakfast,counter,1,0,,1.28,9.36,4.05,14.69,0
ORD-01980,2026-09-13,breakfast,counter,1,0,,0.77,5.3,0.93,7.0,1
ORD-01981,2026-09-13,breakfast,counter,1,0,,1.64,11.44,2.72,15.8,0
ORD-01982,2026-09-13,breakfast,app,1,0,,1.79,8.81,0.91,11.51,1
ORD-01983,2026-09-13,breakfast,counter,2,0,,1.19,6.16,1.05,8.4,1
ORD-01984,2026-09-13,breakfast,counter,4,0,,0.67,12.42,1.51,14.61,0
ORD-01985,2026-09-13,breakfast,counter,2,0,,1.33,7.4,1.27,10.0,1
ORD-01986,2026-09-13,breakfast,app,4,0,,0.84,8.42,1.19,10.45,1
ORD-01987,2026-09-13,breakfast,app,2,0,,1.45,9.87,0.93,12.25,0
ORD-01988,2026-09-13,breakfast,counter,3,0,,1.19,6.29,1.55,9.03,1
ORD-01989,2026-09-13,breakfast,counter,4,0,,1.42,12.14,3.74,17.3,0
ORD-01990,2026-09-13,breakfast,app,4,0,,1.26,8.07,1.98,11.31,1
ORD-01991,2026-09-13,breakfast,app,3,0,payment,1.14,6.45,1.63,9.23,1
ORD-01992,2026-09-13,breakfast,counter,3,0,,1.4,6.1,1.64,9.14,1
ORD-01993,2026-09-13,breakfast,counter,1,0,,1.26,6.93,3.18,11.37,1
ORD-01994,2026-09-13,breakfast,app,1,0,,0.71,9.62,0.3,10.63,1
ORD-01995,2026-09-13,breakfast,app,1,0,,0.91,6.6,1.01,8.53,1
ORD-01996,2026-09-13,breakfast,app,3,0,,1.49,10.44,1.95,13.87,0
ORD-01997,2026-09-13,breakfast,app,1,0,,0.81,10.73,2.34,13.88,0
ORD-01998,2026-09-13,breakfast,app,1,0,stockout,1.3,10.57,1.86,13.73,0
ORD-01999,2026-09-13,breakfast,counter,4,0,,1.22,5.93,1.26,8.41,1
ORD-02000,2026-09-13,breakfast,counter,3,0,,1.4,17.21,2.57,21.18,0
ORD-02001,2026-09-13,breakfast,app,4,0,kitchen_rework,1.05,16.06,0.82,17.93,0
ORD-02002,2026-09-13,breakfast,counter,4,0,,1.62,13.27,1.6,16.48,0
ORD-02003,2026-09-13,breakfast,app,1,0,,0.91,6.44,1.36,8.71,1
ORD-02004,2026-09-13,breakfast,app,2,0,,1.42,2.79,0.3,4.51,1
ORD-02005,2026-09-13,breakfast,counter,3,0,,0.89,4.12,1.8,6.8,1
ORD-02006,2026-09-13,breakfast,counter,3,0,,1.28,5.17,2.46,8.91,1
ORD-02007,2026-09-13,breakfast,counter,3,0,,1.39,9.6,2.32,13.31,0
ORD-02008,2026-09-13,breakfast,app,1,0,,0.89,10.63,2.04,13.56,0
ORD-02009,2026-09-13,breakfast,app,1,0,,1.2,10.59,2.76,14.55,0
ORD-02010,2026-09-13,breakfast,counter,3,0,,1.44,13.0,1.26,15.71,0
ORD-02011,2026-09-13,breakfast,counter,1,0,,0.91,9.4,1.8,12.11,0
ORD-02012,2026-09-13,breakfast,counter,3,0,,0.49,6.33,2.18,9.0,1
ORD-02013,2026-09-13,breakfast,counter,4,0,,0.78,6.41,0.51,7.7,1
ORD-02014,2026-09-13,breakfast,app,3,0,,0.27,6.71,0.3,7.28,1
ORD-02015,2026-09-13,breakfast,counter,3,0,,1.59,9.69,2.56,13.83,0
ORD-02016,2026-09-13,breakfast,app,3,0,,0.88,11.07,2.03,13.98,0
ORD-02017,2026-09-13,breakfast,app,3,0,,1.81,9.89,0.3,12.0,0
ORD-02018,2026-09-13,breakfast,counter,4,0,,0.93,2.0,1.99,4.92,1
ORD-02019,2026-09-13,breakfast,app,4,0,,1.18,5.66,1.38,8.22,1
ORD-02020,2026-09-13,breakfast,counter,1,0,payment,0.2,8.11,1.54,9.85,1
ORD-02021,2026-09-13,breakfast,app,4,0,,1.25,12.0,1.67,14.92,0
ORD-02022,2026-09-13,breakfast,app,2,0,,0.41,5.14,1.59,7.14,1
ORD-02023,2026-09-13,breakfast,app,3,0,,1.91,11.75,2.83,16.5,0
ORD-02024,2026-09-13,breakfast,counter,4,0,,0.8,6.77,1.85,9.42,1
ORD-02025,2026-09-13,breakfast,app,2,0,,1.72,10.02,1.95,13.7,0
ORD-02026,2026-09-13,breakfast,counter,3,0,,0.96,9.12,1.74,11.81,1
ORD-02027,2026-09-13,breakfast,app,1,0,,1.24,9.63,1.05,11.92,1
ORD-02028,2026-09-13,breakfast,counter,1,0,,0.82,6.04,1.94,8.8,1
ORD-02029,2026-09-13,breakfast,counter,2,0,stockout,1.6,5.53,2.76,9.88,1
ORD-02030,2026-09-13,breakfast,app,3,0,,1.41,3.87,0.3,5.58,1
ORD-02031,2026-09-13,breakfast,app,2,0,,0.64,13.61,2.58,16.83,0
ORD-02032,2026-09-13,breakfast,counter,1,0,,1.37,9.62,2.12,13.11,0
ORD-02033,2026-09-13,breakfast,app,4,0,,0.84,7.64,2.07,10.55,1
ORD-02034,2026-09-13,breakfast,app,2,0,,1.89,6.41,1.25,9.55,1
ORD-02035,2026-09-13,breakfast,counter,2,0,,0.68,6.47,2.61,9.75,1
ORD-02036,2026-09-13,lunch,counter,2,0,,1.04,12.95,1.85,15.84,0
ORD-02037,2026-09-13,lunch,app,3,0,,0.58,7.31,1.16,9.06,1
ORD-02038,2026-09-13,lunch,app,2,0,,1.64,5.55,1.68,8.87,1
ORD-02039,2026-09-13,lunch,counter,4,0,,0.61,10.23,1.16,12.0,1
ORD-02040,2026-09-13,lunch,app,3,0,,0.68,6.36,3.2,10.24,1
ORD-02041,2026-09-13,lunch,counter,4,0,,0.84,7.88,2.18,10.9,1
ORD-02042,2026-09-13,lunch,counter,3,1,,0.82,2.07,,,
ORD-02043,2026-09-13,lunch,app,3,0,,0.97,6.69,0.79,8.45,1
ORD-02044,2026-09-13,lunch,app,3,0,,1.12,10.78,2.85,14.74,0
ORD-02045,2026-09-13,lunch,app,2,0,,0.93,4.92,0.85,6.71,1
ORD-02046,2026-09-13,lunch,app,4,0,stockout,0.71,5.19,0.54,6.45,1
ORD-02047,2026-09-13,lunch,counter,3,0,,1.01,11.48,0.95,13.44,0
ORD-02048,2026-09-13,lunch,app,4,1,,0.92,7.47,,,
ORD-02049,2026-09-13,lunch,app,3,0,,1.58,6.26,1.58,9.41,1
ORD-02050,2026-09-13,lunch,counter,3,0,,1.24,12.38,1.83,15.44,0
ORD-02051,2026-09-13,lunch,counter,1,0,,1.61,13.26,4.42,19.29,0
ORD-02052,2026-09-13,lunch,counter,4,1,,1.52,11.6,,,
ORD-02053,2026-09-13,lunch,app,3,1,,0.87,13.34,,,
ORD-02054,2026-09-13,lunch,app,3,0,,1.04,9.72,2.08,12.84,0
ORD-02055,2026-09-13,lunch,counter,3,0,,1.12,6.17,0.3,7.59,1
ORD-02056,2026-09-13,lunch,app,1,0,,1.19,9.71,0.3,11.2,1
ORD-02057,2026-09-13,lunch,counter,2,0,,1.76,12.47,1.75,15.98,0
ORD-02058,2026-09-13,lunch,app,1,0,,1.69,12.46,4.37,18.52,0
ORD-02059,2026-09-13,lunch,counter,3,0,,0.84,5.05,3.18,9.07,1
ORD-02060,2026-09-13,lunch,counter,2,0,,1.36,11.87,2.9,16.13,0
ORD-02061,2026-09-13,lunch,counter,3,0,,1.07,15.16,1.3,17.54,0
ORD-02062,2026-09-13,lunch,app,3,0,,1.32,2.0,2.58,5.9,1
ORD-02063,2026-09-13,lunch,app,2,0,,0.22,7.87,1.01,9.09,1
ORD-02064,2026-09-13,lunch,app,1,0,,1.42,7.68,1.84,10.94,1
ORD-02065,2026-09-13,lunch,counter,2,0,,1.83,17.02,1.79,20.63,0
ORD-02066,2026-09-13,lunch,app,2,0,,1.19,10.08,0.55,11.82,1
ORD-02067,2026-09-13,lunch,counter,1,0,,0.98,4.17,2.58,7.72,1
ORD-02068,2026-09-13,lunch,counter,3,0,,1.79,3.37,1.2,6.36,1
ORD-02069,2026-09-13,lunch,counter,2,0,,1.37,4.39,1.74,7.5,1
ORD-02070,2026-09-13,lunch,app,3,0,payment,0.2,9.16,0.59,9.96,1
ORD-02071,2026-09-13,lunch,app,1,0,,1.19,8.62,0.82,10.62,1
ORD-02072,2026-09-13,lunch,app,2,0,,0.85,10.83,1.57,13.25,0
ORD-02073,2026-09-13,lunch,app,3,0,,1.06,6.39,2.34,9.78,1
ORD-02074,2026-09-13,lunch,counter,3,0,,1.01,4.28,0.73,6.01,1
ORD-02075,2026-09-13,lunch,app,3,0,,0.95,10.13,0.89,11.98,1
ORD-02076,2026-09-13,lunch,app,1,0,,0.5,8.17,1.02,9.68,1
ORD-02077,2026-09-13,lunch,counter,3,0,,0.82,5.7,0.68,7.2,1
ORD-02078,2026-09-13,lunch,app,1,0,,1.09,4.1,1.87,7.07,1
ORD-02079,2026-09-13,lunch,app,4,0,,1.33,9.96,0.3,11.59,1
ORD-02080,2026-09-13,lunch,app,2,0,,1.06,8.54,2.0,11.6,1
ORD-02081,2026-09-13,lunch,counter,2,0,,0.2,9.85,1.24,11.29,1
ORD-02082,2026-09-13,lunch,app,1,0,,1.09,8.86,2.05,12.0,0
ORD-02083,2026-09-13,lunch,app,3,0,,1.1,9.49,0.3,10.89,1
ORD-02084,2026-09-13,lunch,app,4,0,,0.86,6.7,2.11,9.67,1
ORD-02085,2026-09-13,lunch,app,2,0,,1.11,6.79,3.14,11.05,1
ORD-02086,2026-09-13,lunch,app,2,0,,0.95,10.38,1.73,13.06,0
ORD-02087,2026-09-13,lunch,app,2,0,,0.23,14.2,1.54,15.98,0
ORD-02088,2026-09-13,lunch,app,4,0,,0.83,8.12,1.02,9.97,1
ORD-02089,2026-09-13,lunch,counter,2,0,,1.5,13.52,2.5,17.52,0
ORD-02090,2026-09-13,lunch,app,3,0,,1.14,11.89,0.55,13.58,0
ORD-02091,2026-09-13,lunch,counter,3,1,,1.55,9.13,,,
ORD-02092,2026-09-13,lunch,counter,4,0,,0.45,8.56,1.94,10.95,1
ORD-02093,2026-09-13,lunch,app,4,0,,0.73,4.61,1.58,6.92,1
ORD-02094,2026-09-13,lunch,counter,4,0,,0.5,2.0,2.72,5.22,1
ORD-02095,2026-09-13,lunch,app,3,0,,0.68,8.02,2.18,10.88,1
ORD-02096,2026-09-13,lunch,counter,1,0,,0.74,7.19,1.97,9.89,1
ORD-02097,2026-09-13,lunch,app,1,0,,1.05,6.93,0.3,8.28,1
ORD-02098,2026-09-13,lunch,counter,3,0,,0.65,8.75,3.2,12.6,0
ORD-02099,2026-09-13,lunch,counter,1,0,,0.84,9.86,1.99,12.69,0
ORD-02100,2026-09-13,lunch,app,3,0,,0.78,6.75,2.27,9.8,1
ORD-02101,2026-09-13,lunch,app,3,0,,1.22,7.77,1.81,10.8,1
ORD-02102,2026-09-13,lunch,counter,3,0,kitchen_rework,0.63,12.24,1.11,13.99,0
ORD-02103,2026-09-13,lunch,counter,3,0,,1.22,10.62,2.95,14.8,0
ORD-02104,2026-09-13,lunch,app,4,0,,1.06,8.7,3.68,13.44,0
ORD-02105,2026-09-13,lunch,app,1,0,,0.91,11.18,1.51,13.6,0
ORD-02106,2026-09-13,lunch,counter,2,0,,0.9,7.9,2.88,11.68,1
ORD-02107,2026-09-13,lunch,counter,1,0,,0.39,3.69,0.31,4.39,1
ORD-02108,2026-09-13,lunch,app,1,0,,0.72,5.39,0.8,6.91,1
ORD-02109,2026-09-13,lunch,counter,4,0,,1.87,11.19,2.0,15.06,0
ORD-02110,2026-09-13,lunch,app,1,0,,2.1,9.24,2.76,14.11,0
ORD-02111,2026-09-13,lunch,counter,4,0,,1.03,8.23,0.3,9.56,1
ORD-02112,2026-09-13,lunch,app,3,0,,0.42,9.3,0.3,10.02,1
ORD-02113,2026-09-13,lunch,counter,2,0,,1.07,5.27,1.16,7.5,1
ORD-02114,2026-09-13,lunch,counter,2,0,stockout,1.73,8.72,0.97,11.42,1
ORD-02115,2026-09-13,lunch,counter,2,0,,0.91,12.18,1.85,14.93,0
ORD-02116,2026-09-13,lunch,counter,1,0,,0.48,7.65,1.79,9.92,1
ORD-02117,2026-09-13,lunch,app,1,0,,0.82,6.67,1.85,9.34,1
ORD-02118,2026-09-13,lunch,app,4,0,,0.81,10.35,1.89,13.05,0
ORD-02119,2026-09-13,lunch,counter,1,0,,0.95,7.53,1.44,9.91,1
ORD-02120,2026-09-13,lunch,counter,4,0,,1.08,10.71,2.57,14.36,0
ORD-02121,2026-09-13,lunch,counter,1,0,,0.77,8.69,2.08,11.54,1
ORD-02122,2026-09-13,lunch,app,3,0,,1.16,4.16,1.73,7.05,1
ORD-02123,2026-09-13,lunch,app,3,0,,1.57,7.42,3.64,12.64,0
ORD-02124,2026-09-13,lunch,counter,1,0,kitchen_rework,0.65,10.37,2.91,13.92,0
ORD-02125,2026-09-13,lunch,app,2,0,,0.2,4.64,2.51,7.36,1
ORD-02126,2026-09-13,lunch,counter,4,0,,1.28,6.93,0.63,8.84,1
ORD-02127,2026-09-13,lunch,counter,2,0,,0.2,6.59,1.04,7.82,1
ORD-02128,2026-09-13,lunch,counter,3,0,,1.31,9.55,2.11,12.97,0
ORD-02129,2026-09-13,lunch,counter,3,0,,1.26,6.51,2.48,10.25,1
ORD-02130,2026-09-13,lunch,counter,3,0,,1.31,10.31,0.37,12.0,1
ORD-02131,2026-09-13,lunch,counter,4,0,,1.31,11.4,2.1,14.81,0
ORD-02132,2026-09-13,lunch,counter,4,0,,1.44,8.86,2.46,12.76,0
ORD-02133,2026-09-13,lunch,app,2,0,,0.54,8.07,2.73,11.34,1
ORD-02134,2026-09-13,lunch,counter,2,0,,1.69,4.78,0.57,7.04,1
ORD-02135,2026-09-13,lunch,app,3,0,,1.1,11.41,3.01,15.52,0
ORD-02136,2026-09-13,lunch,app,3,0,,0.78,6.79,2.51,10.08,1
ORD-02137,2026-09-13,lunch,app,1,0,,0.49,13.1,0.74,14.32,0
ORD-02138,2026-09-13,lunch,counter,4,0,,0.2,7.1,0.99,8.29,1
ORD-02139,2026-09-13,lunch,counter,4,0,,1.04,4.26,2.51,7.8,1
ORD-02140,2026-09-13,lunch,app,1,0,,1.32,11.41,1.66,14.38,0
ORD-02141,2026-09-13,lunch,app,4,0,kitchen_rework,1.07,19.75,2.33,23.14,0
ORD-02142,2026-09-13,lunch,app,2,0,,1.19,5.26,1.69,8.15,1
ORD-02143,2026-09-13,lunch,counter,3,0,,1.56,10.18,2.49,14.23,0
ORD-02144,2026-09-13,lunch,app,3,0,,0.75,5.26,1.14,7.15,1
ORD-02145,2026-09-13,lunch,app,2,0,,1.53,16.63,3.62,21.78,0
ORD-02146,2026-09-13,lunch,app,3,0,,1.44,9.38,2.18,13.0,0
ORD-02147,2026-09-13,lunch,app,4,0,,1.46,17.5,2.05,21.0,0
ORD-02148,2026-09-13,lunch,app,2,0,,0.56,3.02,1.15,4.73,1
ORD-02149,2026-09-13,lunch,counter,1,0,,0.75,8.72,2.44,11.91,1
ORD-02150,2026-09-13,lunch,counter,3,0,,0.68,10.29,0.3,11.26,1
ORD-02151,2026-09-13,lunch,app,1,0,,0.78,4.94,1.46,7.18,1
ORD-02152,2026-09-13,lunch,counter,3,0,,1.96,11.01,2.79,15.76,0
ORD-02153,2026-09-13,lunch,counter,1,0,,0.9,8.32,1.07,10.28,1
ORD-02154,2026-09-13,lunch,counter,4,0,,1.2,7.92,0.86,9.97,1
ORD-02155,2026-09-13,lunch,app,4,0,,0.88,10.79,1.49,13.16,0
ORD-02156,2026-09-13,lunch,app,1,1,,1.26,11.51,,,
ORD-02157,2026-09-13,lunch,app,3,0,,1.47,4.91,0.92,7.31,1
ORD-02158,2026-09-13,lunch,counter,1,1,,1.3,7.42,,,
ORD-02159,2026-09-13,lunch,counter,3,1,,0.59,2.9,,,
ORD-02160,2026-09-13,lunch,app,4,0,,1.01,8.74,0.74,10.49,1
ORD-02161,2026-09-13,dinner,app,1,0,,1.02,2.3,1.14,4.46,1
ORD-02162,2026-09-13,dinner,app,1,0,,0.94,8.55,1.22,10.71,1
ORD-02163,2026-09-13,dinner,app,2,0,,1.89,9.29,2.12,13.3,0
ORD-02164,2026-09-13,dinner,app,1,0,,0.74,14.33,1.72,16.79,0
ORD-02165,2026-09-13,dinner,counter,3,0,,0.89,10.78,1.79,13.46,0
ORD-02166,2026-09-13,dinner,app,1,0,,1.16,11.53,1.16,13.86,0
ORD-02167,2026-09-13,dinner,counter,4,0,,1.57,6.69,2.16,10.42,1
ORD-02168,2026-09-13,dinner,app,4,0,,1.58,14.52,1.6,17.69,0
ORD-02169,2026-09-13,dinner,counter,1,0,,1.32,7.51,0.77,9.61,1
ORD-02170,2026-09-13,dinner,app,1,0,,1.1,5.57,1.37,8.03,1
ORD-02171,2026-09-13,dinner,counter,2,0,,0.98,5.13,1.56,7.67,1
ORD-02172,2026-09-13,dinner,counter,2,0,,1.22,10.51,1.07,12.8,0
ORD-02173,2026-09-13,dinner,counter,3,0,,0.71,5.92,0.67,7.3,1
ORD-02174,2026-09-13,dinner,counter,1,0,,1.37,13.96,1.9,17.23,0
ORD-02175,2026-09-13,dinner,app,2,0,,0.43,7.69,2.18,10.3,1
ORD-02176,2026-09-13,dinner,counter,3,0,,1.35,4.81,1.27,7.43,1
ORD-02177,2026-09-13,dinner,counter,2,0,,0.8,7.6,0.84,9.24,1
ORD-02178,2026-09-13,dinner,counter,4,0,,0.95,7.19,2.02,10.17,1
ORD-02179,2026-09-13,dinner,app,1,0,,0.2,10.77,1.16,12.14,0
ORD-02180,2026-09-13,dinner,counter,3,0,,0.47,2.65,1.93,5.05,1
ORD-02181,2026-09-13,dinner,app,4,0,,0.84,7.36,1.25,9.45,1
ORD-02182,2026-09-13,dinner,app,1,0,,1.16,4.79,2.75,8.7,1
ORD-02183,2026-09-13,dinner,counter,4,0,,1.58,14.83,2.44,18.85,0
ORD-02184,2026-09-13,dinner,app,4,0,,1.52,19.56,1.78,22.85,0
ORD-02185,2026-09-13,dinner,app,2,0,,1.59,10.04,1.37,13.01,0
ORD-02186,2026-09-13,dinner,app,2,0,,1.25,8.1,3.38,12.74,0
ORD-02187,2026-09-13,dinner,counter,1,0,,1.67,11.04,3.56,16.26,0
ORD-02188,2026-09-13,dinner,counter,2,0,,1.98,9.03,4.08,15.09,0
ORD-02189,2026-09-13,dinner,app,2,0,,1.1,11.12,1.88,14.1,0
ORD-02190,2026-09-13,dinner,app,1,0,,0.65,5.75,0.87,7.27,1
ORD-02191,2026-09-13,dinner,app,4,0,,0.28,2.35,1.35,3.98,1
ORD-02192,2026-09-13,dinner,counter,1,0,,1.67,10.19,0.43,12.29,0
ORD-02193,2026-09-13,dinner,counter,4,0,,1.55,5.18,0.95,7.69,1
ORD-02194,2026-09-13,dinner,counter,3,0,,0.83,8.39,2.13,11.35,1
ORD-02195,2026-09-13,dinner,counter,1,0,,1.74,14.68,1.22,17.65,0
ORD-02196,2026-09-13,dinner,app,4,0,,0.2,8.24,1.32,9.76,1
ORD-02197,2026-09-13,dinner,app,3,0,,0.53,12.54,1.35,14.43,0
ORD-02198,2026-09-13,dinner,counter,4,0,,0.6,4.0,1.61,6.21,1
ORD-02199,2026-09-13,dinner,counter,2,1,kitchen_rework,1.3,22.29,,,
ORD-02200,2026-09-13,dinner,counter,1,0,,1.14,8.97,0.79,10.9,1
ORD-02201,2026-09-13,dinner,app,2,0,,0.7,2.3,0.76,3.75,1
ORD-02202,2026-09-13,dinner,counter,4,0,,0.62,7.03,1.83,9.49,1
ORD-02203,2026-09-13,dinner,counter,2,0,,0.83,10.06,1.6,12.5,0
ORD-02204,2026-09-13,dinner,app,1,0,,1.73,11.34,2.02,15.1,0
ORD-02205,2026-09-13,dinner,counter,2,0,,0.92,19.06,1.41,21.4,0
ORD-02206,2026-09-13,dinner,app,1,0,,1.24,6.34,1.98,9.56,1
ORD-02207,2026-09-13,dinner,app,1,0,,0.92,5.39,2.28,8.58,1
ORD-02208,2026-09-13,dinner,app,4,0,,1.36,7.53,3.75,12.65,0
ORD-02209,2026-09-13,dinner,app,4,1,,0.46,13.94,,,
ORD-02210,2026-09-13,dinner,app,4,0,,1.07,14.93,2.88,18.88,0
ORD-02211,2026-09-13,dinner,app,3,0,,0.2,2.59,2.49,5.28,1
ORD-02212,2026-09-13,dinner,counter,1,0,,1.47,7.14,2.04,10.65,1
ORD-02213,2026-09-13,dinner,counter,3,0,,0.22,2.3,1.02,3.54,1
ORD-02214,2026-09-13,dinner,app,1,0,,1.56,13.79,3.21,18.56,0
ORD-02215,2026-09-13,dinner,app,2,0,stockout,1.77,12.33,1.97,16.08,0
ORD-02216,2026-09-13,dinner,app,3,0,,1.25,8.99,0.8,11.04,1
ORD-02217,2026-09-13,dinner,app,1,0,,0.9,5.46,1.21,7.57,1
ORD-02218,2026-09-13,dinner,counter,2,0,,0.83,4.4,0.78,6.0,1
ORD-02219,2026-09-13,dinner,app,4,0,,0.88,7.5,1.37,9.75,1
ORD-02220,2026-09-13,dinner,app,1,1,,1.08,10.36,,,
ORD-02221,2026-09-13,dinner,counter,2,0,,1.59,10.55,1.61,13.75,0
ORD-02222,2026-09-13,dinner,app,3,0,,1.23,11.89,2.04,15.17,0
ORD-02223,2026-09-13,dinner,counter,4,0,,0.2,4.54,0.3,5.04,1
ORD-02224,2026-09-13,dinner,counter,4,1,,1.45,4.3,,,
ORD-02225,2026-09-13,dinner,counter,4,0,,1.5,16.1,1.99,19.58,0
ORD-02226,2026-09-13,dinner,app,3,0,,0.94,4.72,0.77,6.44,1
ORD-02227,2026-09-13,dinner,app,1,0,,0.85,2.3,0.3,3.45,1
ORD-02228,2026-09-13,dinner,counter,4,0,,0.61,3.48,1.98,6.08,1
ORD-02229,2026-09-13,dinner,counter,3,0,,0.9,7.96,1.29,10.15,1
ORD-02230,2026-09-13,dinner,counter,1,0,,1.16,9.73,2.19,13.08,0
ORD-02231,2026-09-13,dinner,app,1,0,kitchen_rework,0.34,20.46,1.69,22.49,0
ORD-02232,2026-09-13,dinner,counter,4,0,,0.34,7.34,0.58,8.27,1
ORD-02233,2026-09-13,dinner,app,3,0,,0.88,7.92,2.25,11.05,1
ORD-02234,2026-09-13,dinner,app,3,0,,0.6,2.3,1.51,4.41,1
ORD-02235,2026-09-13,dinner,app,4,0,,1.56,7.68,0.39,9.64,1
ORD-02236,2026-09-13,dinner,counter,1,0,,1.15,14.7,0.93,16.78,0
ORD-02237,2026-09-13,dinner,app,3,0,,1.36,12.55,2.89,16.8,0
ORD-02238,2026-09-13,dinner,app,3,0,,0.54,8.79,1.78,11.11,1
ORD-02239,2026-09-13,dinner,app,2,0,,1.68,9.66,1.24,12.58,0
ORD-02240,2026-09-13,dinner,counter,1,0,payment,1.08,2.3,3.14,6.52,1
ORD-02241,2026-09-13,dinner,counter,4,0,,1.6,9.91,1.9,13.42,0
ORD-02242,2026-09-13,dinner,counter,4,0,,0.72,3.56,3.38,7.66,1
ORD-02243,2026-09-13,dinner,app,3,0,,0.46,5.03,0.3,5.79,1
ORD-02244,2026-09-13,dinner,app,3,0,,1.72,11.36,1.0,14.08,0
ORD-02245,2026-09-13,dinner,counter,3,0,payment,1.52,11.57,0.3,13.39,0
ORD-02246,2026-09-13,dinner,counter,3,0,,1.57,8.34,3.9,13.81,0
ORD-02247,2026-09-13,dinner,counter,3,0,stockout,0.83,9.03,0.74,10.6,1
ORD-02248,2026-09-13,dinner,counter,4,0,,1.23,12.94,3.47,17.64,0
ORD-02249,2026-09-13,dinner,app,1,0,,0.53,3.61,0.3,4.44,1
ORD-02250,2026-09-13,dinner,counter,1,0,,0.45,16.49,0.3,17.23,0
ORD-02251,2026-09-13,dinner,app,4,0,,0.45,11.12,1.19,12.76,0
ORD-02252,2026-09-13,dinner,counter,2,0,,1.42,7.09,1.05,9.55,1
ORD-02253,2026-09-13,dinner,counter,3,0,,1.66,8.82,1.16,11.65,1
ORD-02254,2026-09-13,dinner,app,4,0,,0.61,8.01,2.63,11.25,1
ORD-02255,2026-09-13,dinner,app,4,0,,1.62,10.95,0.83,13.39,0
ORD-02256,2026-09-13,dinner,app,2,0,,0.88,9.04,3.96,13.88,0
ORD-02257,2026-09-13,dinner,counter,2,0,,0.39,7.71,1.77,9.87,1
ORD-02258,2026-09-13,dinner,counter,2,1,,0.91,11.88,,,
ORD-02259,2026-09-13,dinner,app,2,0,stockout,1.01,7.95,0.7,9.65,1
ORD-02260,2026-09-13,dinner,app,4,0,,0.34,7.07,1.72,9.13,1
ORD-02261,2026-09-13,dinner,counter,4,0,,0.32,4.05,1.82,6.19,1
ORD-02262,2026-09-13,dinner,counter,3,0,,1.4,7.55,1.62,10.58,1
ORD-02263,2026-09-13,dinner,app,4,0,,1.31,8.79,2.65,12.75,0
ORD-02264,2026-09-13,dinner,app,3,0,,1.27,9.44,2.12,12.83,0
ORD-02265,2026-09-13,dinner,counter,4,0,,1.17,8.14,2.79,12.11,0
ORD-02266,2026-09-13,dinner,counter,2,0,,0.72,11.99,1.05,13.75,0
ORD-02267,2026-09-13,dinner,app,1,0,,0.83,7.36,1.73,9.93,1
ORD-02268,2026-09-13,dinner,counter,2,0,,1.08,6.97,0.51,8.57,1
ORD-02269,2026-09-13,dinner,counter,2,0,,0.48,9.96,1.53,11.97,1
ORD-02270,2026-09-13,dinner,counter,4,0,,0.86,9.23,1.65,11.74,1
ORD-02271,2026-09-13,dinner,app,3,0,,1.88,10.85,3.18,15.91,0
ORD-02272,2026-09-13,dinner,app,4,0,,1.5,2.3,2.35,6.15,1
ORD-02273,2026-09-13,dinner,app,4,0,,1.01,10.17,1.94,13.12,0
ORD-02274,2026-09-13,dinner,app,4,0,,1.45,5.72,1.61,8.79,1
ORD-02275,2026-09-13,dinner,counter,2,0,,0.9,16.49,3.6,20.99,0
