order_id,order_ts,accepted_ts,ready_ts,handover_ts,shift,channel,item_count,cancelled,issue_code
ORD-00001,2026-09-07T09:48:17,2026-09-07T09:48:54.684407,2026-09-07T09:55:13.479391,2026-09-07T09:57:24.033276,breakfast,counter,4,false,
ORD-00002,2026-09-07T09:40:20,2026-09-07T09:40:51.470172,2026-09-07T09:54:20.732690,2026-09-07T09:56:06.421305,breakfast,app,4,false,
ORD-00003,2026-09-07T08:09:55,2026-09-07T08:10:38.818439,2026-09-07T08:22:22.703007,2026-09-07T08:24:21.511633,breakfast,counter,2,false,
ORD-00004,2026-09-07T08:03:45,2026-09-07T08:04:27.584434,2026-09-07T08:13:50.493934,2026-09-07T08:14:44.933388,breakfast,app,3,false,
ORD-00005,2026-09-07T09:27:50,2026-09-07T09:29:05.464269,2026-09-07T09:40:00.060801,2026-09-07T09:42:25.848331,breakfast,counter,2,false,
ORD-00006,2026-09-07T09:08:30,2026-09-07T09:10:11.754545,2026-09-07T09:19:21.224461,2026-09-07T09:21:34.942544,breakfast,counter,2,false,
ORD-00007,2026-09-07T08:04:47,2026-09-07T08:05:39.198219,2026-09-07T08:14:46.590053,2026-09-07T08:15:04.590053,breakfast,app,3,false,
ORD-00008,2026-09-07T08:25:22,2026-09-07T08:26:20.383677,2026-09-07T08:31:49.940651,2026-09-07T08:32:55.221299,breakfast,app,3,false,
ORD-00009,2026-09-07T09:02:23,2026-09-07T09:04:09.574069,2026-09-07T09:17:30.765394,2026-09-07T09:20:48.089127,breakfast,counter,2,false,
ORD-00010,2026-09-07T09:38:45,2026-09-07T09:40:01.472114,2026-09-07T09:50:06.845906,2026-09-07T09:52:27.592109,breakfast,counter,1,false,
ORD-00011,2026-09-07T09:52:42,2026-09-07T09:53:23.137225,2026-09-07T10:04:17.261994,2026-09-07T10:06:15.401662,breakfast,counter,3,false,
ORD-00012,2026-09-07T08:46:49,2026-09-07T08:47:59.047382,2026-09-07T08:54:48.104340,2026-09-07T08:57:13.921467,breakfast,app,1,false,
ORD-00013,2026-09-07T09:11:03,2026-09-07T09:12:40.897086,2026-09-07T09:21:55.372399,2026-09-07T09:23:22.056051,breakfast,app,3,false,
ORD-00014,2026-09-07T08:44:06,2026-09-07T08:45:50.349151,2026-09-07T08:54:37.302484,2026-09-07T08:58:49.966726,breakfast,counter,4,false,
ORD-00015,2026-09-07T08:01:27,2026-09-07T08:02:32.106155,2026-09-07T08:09:47.188633,2026-09-07T08:11:42.188179,breakfast,counter,4,false,
ORD-00016,2026-09-07T09:39:33,2026-09-07T09:39:49.218988,2026-09-07T09:44:42.518386,2026-09-07T09:46:01.649246,breakfast,app,3,false,
ORD-00017,2026-09-07T09:54:37,2026-09-07T09:55:05.144124,2026-09-07T10:03:06.363856,2026-09-07T10:04:12.594409,breakfast,app,1,false,
ORD-00018,2026-09-07T09:36:46,2026-09-07T09:37:18.695496,2026-09-07T09:46:27.798773,2026-09-07T09:47:39.827564,breakfast,counter,4,false,
ORD-00019,2026-09-07T09:10:49,2026-09-07T09:12:24.049643,2026-09-07T09:24:54.515252,2026-09-07T09:27:52.291366,breakfast,counter,2,false,
ORD-00020,2026-09-07T08:01:45,2026-09-07T08:02:14.055002,2026-09-07T08:12:00.662862,2026-09-07T08:13:38.671883,breakfast,counter,4,false,
ORD-00021,2026-09-07T09:14:25,2026-09-07T09:15:56.122828,2026-09-07T09:28:14.917180,2026-09-07T09:32:24.099421,breakfast,counter,4,false,
ORD-00022,2026-09-07T09:52:19,2026-09-07T09:53:09.640344,2026-09-07T10:02:03.982809,2026-09-07T10:03:24.553073,breakfast,app,3,false,
ORD-00023,2026-09-07T09:58:38,2026-09-07T09:58:55.753801,2026-09-07T10:20:21.929346,2026-09-07T10:21:28.558930,breakfast,counter,4,false,kitchen_rework
ORD-00024,2026-09-07T08:13:02,2026-09-07T08:14:01.610874,2026-09-07T08:20:15.051533,2026-09-07T08:21:16.983771,breakfast,app,1,false,
ORD-00025,2026-09-07T08:32:40,2026-09-07T08:34:10.431071,2026-09-07T08:46:00.597540,2026-09-07T08:48:30.244833,breakfast,app,3,false,
ORD-00026,2026-09-07T08:23:51,2026-09-07T08:25:14.446712,2026-09-07T08:27:32.446712,2026-09-07T08:28:25.609146,breakfast,counter,4,false,
ORD-00027,2026-09-07T09:10:59,2026-09-07T09:12:29.653816,2026-09-07T09:20:34.050881,2026-09-07T09:22:57.002882,breakfast,counter,1,false,
ORD-00028,2026-09-07T09:15:41,2026-09-07T09:16:44.396960,2026-09-07T09:25:05.089231,2026-09-07T09:26:40.049685,breakfast,app,4,false,stockout
ORD-00029,2026-09-07T08:59:01,2026-09-07T09:00:29.347733,2026-09-07T09:10:35.029022,2026-09-07T09:11:48.817566,breakfast,app,1,false,
ORD-00030,2026-09-07T09:04:02,2026-09-07T09:04:55.329224,2026-09-07T09:17:54.797357,2026-09-07T09:19:48.784798,breakfast,app,1,false,
ORD-00031,2026-09-07T08:14:03,2026-09-07T08:15:13.694676,2026-09-07T08:21:50.610355,2026-09-07T08:22:39.004240,breakfast,app,3,false,
ORD-00032,2026-09-07T08:42:42,2026-09-07T08:44:06.993654,2026-09-07T08:53:13.766481,2026-09-07T08:55:19.612525,breakfast,counter,4,false,
ORD-00033,2026-09-07T08:04:29,2026-09-07T08:05:49.840857,2026-09-07T08:12:42.289194,2026-09-07T08:14:55.144104,breakfast,counter,3,false,
ORD-00034,2026-09-07T09:54:43,2026-09-07T09:55:28.302379,2026-09-07T10:00:18.921045,2026-09-07T10:02:11.051772,breakfast,app,2,false,
ORD-00035,2026-09-07T09:02:50,2026-09-07T09:04:20.532794,2026-09-07T09:13:13.841421,2026-09-07T09:15:53.762536,breakfast,app,2,false,
ORD-00036,2026-09-07T09:17:11,2026-09-07T09:18:58.805007,2026-09-07T09:26:10.652311,2026-09-07T09:28:46.290379,breakfast,counter,2,false,
ORD-00037,2026-09-07T09:24:36,2026-09-07T09:26:12.754661,2026-09-07T09:36:53.506995,2026-09-07T09:39:24.950097,breakfast,counter,1,false,
ORD-00038,2026-09-07T09:27:07,2026-09-07T09:28:14.787281,2026-09-07T09:35:29.821561,2026-09-07T09:36:59.471392,breakfast,app,2,false,
ORD-00039,2026-09-07T08:36:57,2026-09-07T08:38:44.532300,2026-09-07T08:49:54.297121,,breakfast,counter,1,true,
ORD-00040,2026-09-07T08:59:13,2026-09-07T09:00:40.556120,2026-09-07T09:09:58.187998,2026-09-07T09:12:37.984670,breakfast,counter,3,false,
ORD-00041,2026-09-07T08:44:15,2026-09-07T08:45:26.748070,2026-09-07T08:57:01.222013,2026-09-07T08:58:45.538405,breakfast,app,2,false,
ORD-00042,2026-09-07T08:32:34,2026-09-07T08:33:01.334526,2026-09-07T08:47:48.786529,2026-09-07T08:48:20.721739,breakfast,app,2,false,
ORD-00043,2026-09-07T08:14:24,2026-09-07T08:14:49.067412,2026-09-07T08:24:33.704552,2026-09-07T08:24:51.704552,breakfast,counter,1,false,
ORD-00044,2026-09-07T09:53:22,2026-09-07T09:54:34.071705,2026-09-07T09:59:36.166062,2026-09-07T09:59:54.166062,breakfast,counter,3,false,
ORD-00045,2026-09-07T09:40:23,2026-09-07T09:41:24.230502,2026-09-07T09:52:23.847924,2026-09-07T09:53:31.224346,breakfast,app,2,false,
ORD-00046,2026-09-07T08:41:45,2026-09-07T08:42:19.598012,2026-09-07T08:57:19.982560,2026-09-07T09:00:02.329039,breakfast,counter,1,false,kitchen_rework
ORD-00047,2026-09-07T09:46:27,2026-09-07T09:47:11.422718,2026-09-07T09:56:13.876788,,breakfast,app,2,true,
ORD-00048,2026-09-07T08:43:36,2026-09-07T08:45:35.107090,2026-09-07T08:51:52.407338,2026-09-07T08:53:07.472288,breakfast,counter,4,false,
ORD-00049,2026-09-07T09:07:34,2026-09-07T09:09:20.814800,2026-09-07T09:23:57.099547,,breakfast,app,2,true,
ORD-00050,2026-09-07T08:53:15,2026-09-07T08:54:18.404633,2026-09-07T09:08:09.495453,2026-09-07T09:11:02.102742,breakfast,app,4,false,
ORD-00051,2026-09-07T08:50:45,2026-09-07T08:51:28.347614,2026-09-07T09:06:50.726608,2026-09-07T09:08:52.237796,breakfast,counter,2,false,
ORD-00052,2026-09-07T08:45:21,2026-09-07T08:46:17.603991,2026-09-07T08:55:15.034348,2026-09-07T08:57:04.878356,breakfast,app,1,false,
ORD-00053,2026-09-07T09:59:54,2026-09-07T10:00:49.537728,2026-09-07T10:09:22.822372,2026-09-07T10:11:04.504455,breakfast,app,1,false,
ORD-00054,2026-09-07T08:20:48,2026-09-07T08:21:32.287201,2026-09-07T08:28:03.622622,2026-09-07T08:30:09.157812,breakfast,counter,1,false,
ORD-00055,2026-09-07T08:05:49,2026-09-07T08:06:36.637595,2026-09-07T08:11:47.917053,2026-09-07T08:13:12.773919,breakfast,counter,2,false,
ORD-00056,2026-09-07T08:28:19,2026-09-07T08:29:03.959502,2026-09-07T08:35:02.288285,2026-09-07T08:36:48.287598,breakfast,app,2,false,
ORD-00057,2026-09-07T08:57:00,2026-09-07T08:58:38.074311,2026-09-07T09:06:42.195915,2026-09-07T09:09:43.246835,breakfast,counter,3,false,
ORD-00058,2026-09-07T09:26:04,2026-09-07T09:27:47.222752,2026-09-07T09:37:57.089293,2026-09-07T09:40:28.454654,breakfast,app,4,false,
ORD-00059,2026-09-07T08:46:16,2026-09-07T08:47:24.479995,2026-09-07T08:59:50.907383,2026-09-07T09:01:29.234966,breakfast,app,3,false,
ORD-00060,2026-09-07T08:32:46,2026-09-07T08:34:16.770763,2026-09-07T08:48:28.434565,2026-09-07T08:51:03.625966,breakfast,counter,2,false,
ORD-00061,2026-09-07T08:29:10,2026-09-07T08:29:57.846560,2026-09-07T08:36:15.215243,2026-09-07T08:37:36.167561,breakfast,app,2,false,
ORD-00062,2026-09-07T08:03:26,2026-09-07T08:03:41.407585,2026-09-07T08:11:24.796270,2026-09-07T08:13:43.520888,breakfast,app,1,false,
ORD-00063,2026-09-07T08:58:06,2026-09-07T09:00:17.256622,2026-09-07T09:11:26.206501,2026-09-07T09:15:08.809402,breakfast,app,4,false,
ORD-00064,2026-09-07T08:07:34,2026-09-07T08:08:20.496733,2026-09-07T08:16:13.239062,2026-09-07T08:17:01.861399,breakfast,counter,3,false,
ORD-00065,2026-09-07T09:19:34,2026-09-07T09:21:36.771526,2026-09-07T09:30:57.775946,2026-09-07T09:31:58.772247,breakfast,counter,4,false,
ORD-00066,2026-09-07T08:26:45,2026-09-07T08:27:29.035276,2026-09-07T08:37:32.081940,2026-09-07T08:39:23.229726,breakfast,counter,4,false,
ORD-00067,2026-09-07T08:42:06,2026-09-07T08:43:38.704128,2026-09-07T08:54:54.769889,2026-09-07T08:56:58.220529,breakfast,counter,3,false,
ORD-00068,2026-09-07T08:21:18,2026-09-07T08:21:43.285646,2026-09-07T08:42:04.702744,2026-09-07T08:42:45.143861,breakfast,counter,1,false,kitchen_rework
ORD-00069,2026-09-07T09:43:10,2026-09-07T09:44:19.391763,2026-09-07T09:50:26.199471,2026-09-07T09:53:13.011010,breakfast,counter,4,false,stockout
ORD-00070,2026-09-07T08:09:26,2026-09-07T08:09:56.645711,2026-09-07T08:16:29.272886,2026-09-07T08:17:25.094900,breakfast,app,1,false,
ORD-00071,2026-09-07T08:07:59,2026-09-07T08:08:22.835898,2026-09-07T08:16:01.867508,2026-09-07T08:18:43.577165,breakfast,counter,4,false,
ORD-00072,2026-09-07T09:51:37,2026-09-07T09:52:44.820701,2026-09-07T10:00:40.394051,2026-09-07T10:00:58.394051,breakfast,counter,1,false,
ORD-00073,2026-09-07T09:14:08,2026-09-07T09:16:35.100756,2026-09-07T09:20:22.822107,2026-09-07T09:22:26.968474,breakfast,app,2,false,
ORD-00074,2026-09-07T09:34:22,2026-09-07T09:35:53.651983,2026-09-07T09:40:45.096552,2026-09-07T09:42:25.751141,breakfast,counter,1,false,
ORD-00075,2026-09-07T09:03:43,2026-09-07T09:05:28.131838,2026-09-07T09:18:54.253202,2026-09-07T09:19:51.173022,breakfast,counter,3,false,
ORD-00076,2026-09-07T08:51:54,2026-09-07T08:52:51.606552,2026-09-07T09:09:28.972506,2026-09-07T09:12:29.799763,breakfast,counter,3,false,
ORD-00077,2026-09-07T09:55:01,2026-09-07T09:55:25.519392,2026-09-07T10:07:10.148650,2026-09-07T10:08:33.584917,breakfast,app,2,false,
ORD-00078,2026-09-07T09:55:29,2026-09-07T09:56:17.707638,2026-09-07T10:00:53.635287,2026-09-07T10:02:17.185872,breakfast,app,1,false,
ORD-00079,2026-09-07T09:54:08,2026-09-07T09:54:30.522413,2026-09-07T10:00:29.109143,2026-09-07T10:02:26.796665,breakfast,app,1,false,
ORD-00080,2026-09-07T09:34:15,2026-09-07T09:35:08.510387,2026-09-07T09:46:13.243372,2026-09-07T09:47:02.930447,breakfast,counter,1,false,
ORD-00081,2026-09-07T08:53:49,2026-09-07T08:55:19.470530,2026-09-07T09:09:22.046481,2026-09-07T09:11:50.494761,breakfast,app,1,false,
ORD-00082,2026-09-07T09:52:36,2026-09-07T09:53:58.113783,2026-09-07T10:04:59.092281,2026-09-07T10:05:21.060079,breakfast,counter,1,false,stockout
ORD-00083,2026-09-07T08:11:47,2026-09-07T08:12:13.966081,2026-09-07T08:23:50.208518,2026-09-07T08:25:40.892046,breakfast,app,3,false,
ORD-00084,2026-09-07T09:02:00,2026-09-07T09:02:32.701179,2026-09-07T09:06:28.446093,2026-09-07T09:10:11.347157,breakfast,app,4,false,
ORD-00085,2026-09-07T09:30:47,2026-09-07T09:31:36.685149,2026-09-07T09:54:33.662648,2026-09-07T09:56:47.046102,breakfast,app,1,false,kitchen_rework
ORD-00086,2026-09-07T13:41:16,2026-09-07T13:41:45.874876,2026-09-07T13:46:30.041105,2026-09-07T13:47:19.898733,lunch,counter,3,false,payment
ORD-00087,2026-09-07T12:07:37,2026-09-07T12:08:19.809088,2026-09-07T12:18:12.379124,2026-09-07T12:20:07.613108,lunch,counter,2,false,
ORD-00088,2026-09-07T13:14:58,2026-09-07T13:17:00.362287,2026-09-07T13:25:48.606759,2026-09-07T13:29:12.986437,lunch,app,2,false,
ORD-00089,2026-09-07T13:46:15,2026-09-07T13:47:36.992127,2026-09-07T13:59:03.523401,2026-09-07T14:00:28.600072,lunch,app,1,false,
ORD-00090,2026-09-07T13:45:07,2026-09-07T13:45:34.648076,2026-09-07T13:53:02.913990,2026-09-07T13:54:04.830595,lunch,counter,4,false,
ORD-00091,2026-09-07T13:54:29,2026-09-07T13:55:07.758107,2026-09-07T14:08:46.990985,2026-09-07T14:09:04.990985,lunch,app,3,false,kitchen_rework
ORD-00092,2026-09-07T12:50:12,2026-09-07T12:51:34.298809,2026-09-07T13:03:31.484137,2026-09-07T13:06:03.829568,lunch,counter,3,false,
ORD-00093,2026-09-07T12:07:58,2026-09-07T12:09:04.941932,2026-09-07T12:15:57.958563,2026-09-07T12:17:37.935675,lunch,counter,1,false,
ORD-00094,2026-09-07T13:01:35,2026-09-07T13:03:06.275202,2026-09-07T13:10:56.093296,2026-09-07T13:12:36.576277,lunch,app,4,false,
ORD-00095,2026-09-07T13:39:47,2026-09-07T13:40:39.562122,2026-09-07T13:45:25.142693,2026-09-07T13:46:17.728789,lunch,app,4,false,
ORD-00096,2026-09-07T13:12:49,2026-09-07T13:14:22.962207,2026-09-07T13:27:09.512735,2026-09-07T13:28:41.071663,lunch,app,4,false,stockout
ORD-00097,2026-09-07T13:19:50,2026-09-07T13:21:04.009526,2026-09-07T13:30:15.546296,2026-09-07T13:32:55.998654,lunch,counter,1,false,
ORD-00098,2026-09-07T13:57:14,2026-09-07T13:58:01.895271,2026-09-07T14:00:24.502062,2026-09-07T14:03:23.127519,lunch,counter,3,false,
ORD-00099,2026-09-07T12:58:24,2026-09-07T12:59:28.020137,2026-09-07T13:03:55.466318,2026-09-07T13:06:58.216431,lunch,app,4,false,
ORD-00100,2026-09-07T12:22:29,2026-09-07T12:23:24.987859,2026-09-07T12:25:26.209340,2026-09-07T12:25:58.795483,lunch,counter,3,false,
ORD-00101,2026-09-07T13:53:36,2026-09-07T13:54:08.043285,2026-09-07T14:01:36.390302,2026-09-07T14:03:22.130468,lunch,counter,3,false,
ORD-00102,2026-09-07T12:27:36,2026-09-07T12:28:29.475029,2026-09-07T12:38:08.322600,2026-09-07T12:38:39.243353,lunch,counter,1,false,
ORD-00103,2026-09-07T12:27:17,2026-09-07T12:28:18.640653,2026-09-07T12:35:19.984745,2026-09-07T12:36:26.241358,lunch,app,3,false,
ORD-00104,2026-09-07T12:55:41,2026-09-07T12:56:32.713844,2026-09-07T13:06:22.742566,2026-09-07T13:09:58.005911,lunch,counter,2,false,
ORD-00105,2026-09-07T12:13:30,2026-09-07T12:14:06.083722,2026-09-07T12:17:55.798998,2026-09-07T12:19:13.347525,lunch,counter,4,false,stockout
ORD-00106,2026-09-07T14:19:14,2026-09-07T14:19:34.560505,2026-09-07T14:22:56.799700,2026-09-07T14:23:14.799700,lunch,app,1,false,
ORD-00107,2026-09-07T13:07:06,2026-09-07T13:09:02.898471,2026-09-07T13:17:46.083801,2026-09-07T13:20:06.113794,lunch,app,4,false,
ORD-00108,2026-09-07T12:34:17,2026-09-07T12:35:23.164049,2026-09-07T12:44:39.176056,2026-09-07T12:46:46.852454,lunch,app,2,false,
ORD-00109,2026-09-07T14:26:39,2026-09-07T14:27:03.572346,2026-09-07T14:33:00.755179,2026-09-07T14:34:13.562200,lunch,counter,3,false,
ORD-00110,2026-09-07T12:56:39,2026-09-07T12:57:37.879589,2026-09-07T13:06:16.942045,2026-09-07T13:08:07.928354,lunch,app,1,false,
ORD-00111,2026-09-07T13:23:41,2026-09-07T13:24:45.718041,2026-09-07T13:36:31.163457,2026-09-07T13:39:40.562069,lunch,app,3,false,
ORD-00112,2026-09-07T14:07:11,2026-09-07T14:08:45.599602,2026-09-07T14:15:37.794219,2026-09-07T14:15:55.794219,lunch,app,1,false,
ORD-00113,2026-09-07T13:20:32,2026-09-07T13:22:15.860135,2026-09-07T13:33:50.409199,2026-09-07T13:36:26.352533,lunch,counter,1,false,
ORD-00114,2026-09-07T13:29:56,2026-09-07T13:31:32.371226,2026-09-07T13:42:29.493565,2026-09-07T13:45:57.511055,lunch,app,2,false,
ORD-00115,2026-09-07T13:58:13,2026-09-07T13:58:56.418524,2026-09-07T14:03:16.912375,2026-09-07T14:05:04.438664,lunch,app,3,false,
ORD-00116,2026-09-07T13:49:46,2026-09-07T13:49:58,2026-09-07T13:59:54.282906,2026-09-07T14:02:25.341646,lunch,app,3,false,
ORD-00117,2026-09-07T12:08:57,2026-09-07T12:10:05.276880,2026-09-07T12:17:06.664948,2026-09-07T12:18:17.226213,lunch,app,3,false,
ORD-00118,2026-09-07T13:00:05,2026-09-07T13:01:26.484158,2026-09-07T13:10:06.501626,2026-09-07T13:13:39.462161,lunch,counter,1,false,
ORD-00119,2026-09-07T13:14:11,2026-09-07T13:15:28.652191,2026-09-07T13:21:08.344062,2026-09-07T13:23:15.223072,lunch,app,2,false,
ORD-00120,2026-09-07T13:30:39,2026-09-07T13:32:18.541711,2026-09-07T13:38:50.272495,2026-09-07T13:40:56.110014,lunch,app,2,false,
ORD-00121,2026-09-07T13:37:59,2026-09-07T13:39:27.425259,2026-09-07T13:41:44.647720,2026-09-07T13:42:45.059046,lunch,counter,2,false,
ORD-00122,2026-09-07T12:56:18,2026-09-07T12:57:34.857914,2026-09-07T13:10:32.766931,2026-09-07T13:12:55.075642,lunch,app,2,false,
ORD-00123,2026-09-07T13:30:29,2026-09-07T13:30:47.376657,2026-09-07T13:42:50.157106,2026-09-07T13:45:22.775242,lunch,counter,4,false,
ORD-00124,2026-09-07T13:42:20,2026-09-07T13:43:02.282817,2026-09-07T13:48:24.292892,2026-09-07T13:49:49.534218,lunch,counter,2,false,
ORD-00125,2026-09-07T13:25:25,2026-09-07T13:26:39.820800,2026-09-07T13:37:19.414033,2026-09-07T13:39:00.128391,lunch,app,4,false,
ORD-00126,2026-09-07T14:14:28,2026-09-07T14:15:14.821335,2026-09-07T14:23:30.567102,2026-09-07T14:25:15.227990,lunch,counter,3,false,
ORD-00127,2026-09-07T14:13:18,2026-09-07T14:14:14.526045,2026-09-07T14:20:57.293408,2026-09-07T14:21:42.782026,lunch,counter,2,false,
ORD-00128,2026-09-07T13:54:25,2026-09-07T13:55:47.999581,2026-09-07T14:05:12.579964,2026-09-07T14:05:53.191272,lunch,counter,4,false,
ORD-00129,2026-09-07T14:13:40,2026-09-07T14:14:17.176829,2026-09-07T14:22:52.710090,2026-09-07T14:24:55.992140,lunch,counter,1,false,
ORD-00130,2026-09-07T12:24:12,2026-09-07T12:25:08.932649,2026-09-07T12:34:12.246932,2026-09-07T12:36:10.435676,lunch,counter,3,false,
ORD-00131,2026-09-07T12:56:34,2026-09-07T12:58:13.883098,2026-09-07T13:07:43.240177,2026-09-07T13:08:58.199782,lunch,counter,2,false,
ORD-00132,2026-09-07T13:35:04,2026-09-07T13:36:34.110931,2026-09-07T13:42:43.567260,2026-09-07T13:43:56.740871,lunch,app,1,false,
ORD-00133,2026-09-07T13:29:45,2026-09-07T13:30:46.433204,2026-09-07T13:41:52.673432,2026-09-07T13:44:13.886995,lunch,counter,4,false,
ORD-00134,2026-09-07T12:02:14,2026-09-07T12:03:03.320671,2026-09-07T12:13:30.054065,2026-09-07T12:14:50.839668,lunch,app,4,false,
ORD-00135,2026-09-07T13:44:05,2026-09-07T13:44:18.770661,2026-09-07T13:50:42.951452,2026-09-07T13:52:21.089981,lunch,counter,3,false,
ORD-00136,2026-09-07T12:40:59,2026-09-07T12:42:48.017459,2026-09-07T12:53:45.299128,2026-09-07T12:55:37.962439,lunch,app,4,false,
ORD-00137,2026-09-07T13:05:10,2026-09-07T13:05:59.844626,2026-09-07T13:19:44.416126,2026-09-07T13:22:48.950227,lunch,counter,2,false,
ORD-00138,2026-09-07T13:00:58,2026-09-07T13:02:44.250212,2026-09-07T13:10:29.079796,2026-09-07T13:12:17.113675,lunch,app,2,false,
ORD-00139,2026-09-07T12:40:44,2026-09-07T12:42:49.479195,2026-09-07T12:52:41.013146,2026-09-07T12:52:59.013146,lunch,counter,2,false,
ORD-00140,2026-09-07T12:47:00,2026-09-07T12:48:45.069267,2026-09-07T12:56:26.265322,2026-09-07T12:57:59.972590,lunch,app,1,false,
ORD-00141,2026-09-07T13:55:25,2026-09-07T13:56:34.819837,2026-09-07T13:59:36.408159,2026-09-07T14:00:06.809265,lunch,counter,4,false,
ORD-00142,2026-09-07T12:33:51,2026-09-07T12:35:20.817854,2026-09-07T12:44:51.871766,2026-09-07T12:47:11.827676,lunch,counter,1,false,
ORD-00143,2026-09-07T13:37:43,2026-09-07T13:38:55.323172,2026-09-07T13:49:15.497810,2026-09-07T13:51:26.551106,lunch,counter,3,false,
ORD-00144,2026-09-07T12:42:05,2026-09-07T12:43:03.420762,2026-09-07T12:48:47.542925,2026-09-07T12:52:00.644473,lunch,counter,2,false,
ORD-00145,2026-09-07T12:59:33,2026-09-07T13:00:06.506524,2026-09-07T13:06:26.208181,2026-09-07T13:07:21.938008,lunch,app,2,false,
ORD-00146,2026-09-07T13:10:42,2026-09-07T13:12:32.084031,2026-09-07T13:23:11.954768,2026-09-07T13:25:27.001675,lunch,counter,1,false,
ORD-00147,2026-09-07T12:40:11,2026-09-07T12:41:48.878265,2026-09-07T12:52:08.617711,2026-09-07T12:54:02.143920,lunch,counter,1,false,stockout
ORD-00148,2026-09-07T12:07:36,2026-09-07T12:08:39.565908,2026-09-07T12:21:11.165896,2026-09-07T12:21:29.165896,lunch,counter,3,false,
ORD-00149,2026-09-07T12:19:59,2026-09-07T12:21:14.136689,2026-09-07T12:26:58.913770,2026-09-07T12:28:10.568675,lunch,counter,1,false,stockout
ORD-00150,2026-09-07T12:54:17,2026-09-07T12:55:47.681973,2026-09-07T13:04:55.074711,2026-09-07T13:07:52.106625,lunch,app,3,false,
ORD-00151,2026-09-07T14:03:52,2026-09-07T14:04:08.259697,2026-09-07T14:11:53.663820,2026-09-07T14:12:11.663820,lunch,counter,1,false,
ORD-00152,2026-09-07T13:18:58,2026-09-07T13:20:52.964615,2026-09-07T13:32:59.808254,2026-09-07T13:35:00.808331,lunch,counter,3,false,
ORD-00153,2026-09-07T13:36:41,2026-09-07T13:36:53,2026-09-07T13:45:59.527518,2026-09-07T13:48:13.454687,lunch,app,1,false,
ORD-00154,2026-09-07T13:52:48,2026-09-07T13:53:50.574241,2026-09-07T14:00:35.528804,2026-09-07T14:01:45.035774,lunch,app,2,false,
ORD-00155,2026-09-07T14:07:41,2026-09-07T14:08:14.005383,2026-09-07T14:17:38.836385,2026-09-07T14:19:48.868029,lunch,counter,1,false,
ORD-00156,2026-09-07T13:53:04,2026-09-07T13:53:16,2026-09-07T13:58:59.186932,2026-09-07T14:00:18.290441,lunch,counter,3,false,
ORD-00157,2026-09-07T14:13:17,2026-09-07T14:13:29,2026-09-07T14:18:48.270110,2026-09-07T14:21:06.383188,lunch,app,4,false,
ORD-00158,2026-09-07T12:22:50,2026-09-07T12:23:24.639482,2026-09-07T12:27:35.536230,2026-09-07T12:28:37.923283,lunch,app,1,false,
ORD-00159,2026-09-07T14:09:31,2026-09-07T14:10:23.787435,2026-09-07T14:20:16.414444,2026-09-07T14:21:12.023094,lunch,app,4,false,
ORD-00160,2026-09-07T13:17:52,2026-09-07T13:19:17.839295,2026-09-07T13:27:25.533852,2026-09-07T13:29:35.585734,lunch,app,1,false,
ORD-00161,2026-09-07T13:59:03,2026-09-07T14:00:20.541266,2026-09-07T14:04:04.594993,2026-09-07T14:04:23.949946,lunch,app,1,false,
ORD-00162,2026-09-07T13:58:01,2026-09-07T13:59:00.362264,2026-09-07T14:04:10.889292,2026-09-07T14:05:17.242038,lunch,counter,1,false,
ORD-00163,2026-09-07T14:28:50,2026-09-07T14:29:38.901385,2026-09-07T14:36:22.633735,2026-09-07T14:36:40.633735,lunch,counter,1,false,payment
ORD-00164,2026-09-07T13:57:28,2026-09-07T13:57:47.263285,2026-09-07T14:03:38.833779,2026-09-07T14:05:29.263155,lunch,counter,3,false,
ORD-00165,2026-09-07T12:53:09,2026-09-07T12:54:42.058290,2026-09-07T13:05:27.986664,2026-09-07T13:07:38.126871,lunch,counter,3,false,
ORD-00166,2026-09-07T12:27:34,2026-09-07T12:28:03.986757,2026-09-07T12:35:17.926572,2026-09-07T12:36:27.125944,lunch,app,3,false,
ORD-00167,2026-09-07T13:51:01,2026-09-07T13:51:49.751200,2026-09-07T14:00:15.932085,2026-09-07T14:02:10.590971,lunch,app,1,false,
ORD-00168,2026-09-07T14:08:13,2026-09-07T14:09:35.676367,2026-09-07T14:14:15.671217,2026-09-07T14:14:45.693678,lunch,counter,4,false,
ORD-00169,2026-09-07T13:49:06,2026-09-07T13:49:51.558550,2026-09-07T14:00:18.387808,2026-09-07T14:01:31.053909,lunch,app,2,false,
ORD-00170,2026-09-07T13:27:10,2026-09-07T13:28:40.120222,2026-09-07T13:38:06.178851,2026-09-07T13:41:11.392317,lunch,counter,4,false,
ORD-00171,2026-09-07T12:53:01,2026-09-07T12:54:05.908753,2026-09-07T12:58:14.616137,2026-09-07T12:59:02.615088,lunch,app,3,false,
ORD-00172,2026-09-07T12:34:09,2026-09-07T12:35:17.828587,2026-09-07T12:44:44.902052,2026-09-07T12:47:02.619298,lunch,counter,4,false,
ORD-00173,2026-09-07T14:12:07,2026-09-07T14:12:19,2026-09-07T14:20:32.922129,2026-09-07T14:21:19.844288,lunch,app,2,false,
ORD-00174,2026-09-07T13:42:48,2026-09-07T13:43:35.680572,2026-09-07T13:52:21.261968,2026-09-07T13:53:11.701186,lunch,app,1,false,
ORD-00175,2026-09-07T14:14:54,2026-09-07T14:15:46.396086,2026-09-07T14:22:52.312797,2026-09-07T14:24:49.397587,lunch,app,3,false,
ORD-00176,2026-09-07T13:28:12,2026-09-07T13:28:48.703350,2026-09-07T13:47:17.673400,2026-09-07T13:49:41.030531,lunch,app,2,false,kitchen_rework
ORD-00177,2026-09-07T12:55:32,2026-09-07T12:56:31.998754,2026-09-07T13:04:07.818474,2026-09-07T13:06:00.945804,lunch,app,2,false,
ORD-00178,2026-09-07T12:40:18,2026-09-07T12:41:41.079340,2026-09-07T12:54:50.703438,2026-09-07T12:56:19.441228,lunch,counter,2,false,
ORD-00179,2026-09-07T13:28:32,2026-09-07T13:29:18.916856,2026-09-07T13:35:29.623499,2026-09-07T13:37:01.012704,lunch,app,1,false,
ORD-00180,2026-09-07T13:23:32,2026-09-07T13:24:06.159620,2026-09-07T13:36:07.586868,2026-09-07T13:36:55.773887,lunch,app,1,false,
ORD-00181,2026-09-07T13:52:54,2026-09-07T13:53:34.123049,2026-09-07T14:08:25.165136,2026-09-07T14:09:35.299834,lunch,counter,3,false,kitchen_rework
ORD-00182,2026-09-07T12:54:18,2026-09-07T12:55:38.883113,2026-09-07T13:06:20.831710,2026-09-07T13:09:05.572257,lunch,counter,1,false,
ORD-00183,2026-09-07T12:45:06,2026-09-07T12:46:30.041376,2026-09-07T12:55:28.103605,,lunch,counter,4,true,payment
ORD-00184,2026-09-07T14:20:48,2026-09-07T14:22:07.115230,2026-09-07T14:27:13.013816,2026-09-07T14:27:31.013816,lunch,counter,1,false,
ORD-00185,2026-09-07T12:29:19,2026-09-07T12:30:53.196727,2026-09-07T12:40:00.964385,2026-09-07T12:41:01.671392,lunch,app,1,false,
ORD-00186,2026-09-07T12:26:52,2026-09-07T12:27:18.258871,2026-09-07T12:30:01.831333,2026-09-07T12:30:19.831333,lunch,app,1,false,
ORD-00187,2026-09-07T12:18:59,2026-09-07T12:19:53.875236,2026-09-07T12:23:04.123407,2026-09-07T12:23:52.239728,lunch,counter,4,false,
ORD-00188,2026-09-07T12:15:09,2026-09-07T12:15:58.676405,2026-09-07T12:22:02.665610,2026-09-07T12:23:32.951455,lunch,counter,4,false,
ORD-00189,2026-09-07T12:04:22,2026-09-07T12:05:48.712801,2026-09-07T12:17:20.604738,2026-09-07T12:18:57.793864,lunch,app,2,false,
ORD-00190,2026-09-07T13:36:17,2026-09-07T13:36:55.367890,2026-09-07T13:41:24.771109,2026-09-07T13:41:58.223803,lunch,app,4,false,
ORD-00191,2026-09-07T12:33:51,2026-09-07T12:34:31.715874,2026-09-07T12:43:45.211381,2026-09-07T12:47:02.572894,lunch,app,2,false,
ORD-00192,2026-09-07T14:25:29,2026-09-07T14:26:31.366718,2026-09-07T14:34:42.761747,2026-09-07T14:35:22.635557,lunch,counter,4,false,
ORD-00193,2026-09-07T13:24:04,2026-09-07T13:25:47.814629,2026-09-07T13:32:22.422248,2026-09-07T13:34:51.250715,lunch,app,2,false,
ORD-00194,2026-09-07T13:43:47,2026-09-07T13:44:09.808944,2026-09-07T13:53:34.170711,2026-09-07T13:55:05.844011,lunch,app,2,false,
ORD-00195,2026-09-07T12:07:21,2026-09-07T12:08:03.099414,2026-09-07T12:17:04.401588,2026-09-07T12:17:50.057013,lunch,app,2,false,
ORD-00196,2026-09-07T13:13:14,2026-09-07T13:14:11.349256,2026-09-07T13:21:44.804616,2026-09-07T13:24:11.718985,lunch,counter,4,false,
ORD-00197,2026-09-07T13:03:53,2026-09-07T13:05:25.690033,2026-09-07T13:10:29.533009,2026-09-07T13:12:15.879079,lunch,app,3,false,
ORD-00198,2026-09-07T12:54:49,2026-09-07T12:55:59.171749,2026-09-07T13:05:35.138315,2026-09-07T13:08:21.046003,lunch,counter,1,false,
ORD-00199,2026-09-07T13:55:14,2026-09-07T13:55:50.468001,2026-09-07T14:15:24.076435,2026-09-07T14:16:57.666408,lunch,counter,4,false,kitchen_rework
ORD-00200,2026-09-07T12:47:09,2026-09-07T12:48:55.387558,2026-09-07T13:01:11.308857,2026-09-07T13:03:20.804193,lunch,app,4,false,
ORD-00201,2026-09-07T12:30:18,2026-09-07T12:31:13.920393,2026-09-07T12:40:58.360612,2026-09-07T12:44:28.806856,lunch,counter,2,false,
ORD-00202,2026-09-07T14:00:46,2026-09-07T14:01:03.209805,2026-09-07T14:08:29.571148,2026-09-07T14:08:52.598647,lunch,app,3,false,
ORD-00203,2026-09-07T12:52:48,2026-09-07T12:53:50.794480,2026-09-07T13:02:01.958685,2026-09-07T13:04:25.387971,lunch,app,2,false,
ORD-00204,2026-09-07T12:04:25,2026-09-07T12:04:51.523517,2026-09-07T12:08:46.910273,2026-09-07T12:09:53.789441,lunch,app,2,false,
ORD-00205,2026-09-07T12:14:49,2026-09-07T12:15:34.732368,2026-09-07T12:23:51.869551,2026-09-07T12:25:58.998066,lunch,app,4,false,
ORD-00206,2026-09-07T12:22:19,2026-09-07T12:22:53.675988,2026-09-07T12:31:41.976408,2026-09-07T12:32:30.954576,lunch,app,2,false,kitchen_rework
ORD-00207,2026-09-07T13:31:23,2026-09-07T13:32:11.708614,2026-09-07T13:37:54.490034,2026-09-07T13:38:12.490034,lunch,counter,2,false,
ORD-00208,2026-09-07T13:08:31,2026-09-07T13:10:23.970291,2026-09-07T13:19:28.716538,2026-09-07T13:22:24.112765,lunch,app,3,false,
ORD-00209,2026-09-07T12:58:05,2026-09-07T12:59:28.683361,2026-09-07T13:12:59.716533,2026-09-07T13:14:24.654575,lunch,app,1,false,stockout
ORD-00210,2026-09-07T13:54:42,2026-09-07T13:55:11.217431,2026-09-07T13:59:28.718522,2026-09-07T13:59:46.718522,lunch,app,3,false,
ORD-00211,2026-09-07T20:52:34,2026-09-07T20:53:04.049268,2026-09-07T20:58:31.440512,2026-09-07T21:00:25.160302,dinner,counter,2,false,
ORD-00212,2026-09-07T20:14:47,2026-09-07T20:15:29.887797,2026-09-07T20:28:42.258778,2026-09-07T20:30:39.619984,dinner,counter,2,false,payment
ORD-00213,2026-09-07T19:50:40,2026-09-07T19:51:13.049663,2026-09-07T19:59:59.430013,2026-09-07T20:03:40.420286,dinner,counter,3,false,
ORD-00214,2026-09-07T19:16:18,2026-09-07T19:16:53.980616,2026-09-07T19:22:05.408962,2026-09-07T19:24:07.581131,dinner,counter,2,false,
ORD-00215,2026-09-07T20:27:04,2026-09-07T20:28:00.815762,2026-09-07T20:32:41.227721,2026-09-07T20:35:06.057911,dinner,app,1,false,
ORD-00216,2026-09-07T19:48:14,2026-09-07T19:49:20.717588,2026-09-07T20:02:34.195511,2026-09-07T20:03:20.325384,dinner,app,1,false,
ORD-00217,2026-09-07T20:00:34,2026-09-07T20:01:39.671068,2026-09-07T20:10:11.121048,2026-09-07T20:12:32.888786,dinner,counter,1,false,
ORD-00218,2026-09-07T21:27:32,2026-09-07T21:28:41.631730,2026-09-07T21:38:50.649451,2026-09-07T21:39:15.725977,dinner,counter,2,false,
ORD-00219,2026-09-07T19:35:56,2026-09-07T19:36:30.357814,2026-09-07T19:52:40.718243,2026-09-07T19:55:24.535157,dinner,counter,4,false,
ORD-00220,2026-09-07T19:56:20,2026-09-07T19:57:37.784980,2026-09-07T20:07:41.276240,2026-09-07T20:09:35.473930,dinner,app,3,false,
ORD-00221,2026-09-07T19:47:12,2026-09-07T19:49:15.149113,2026-09-07T20:00:05.302190,2026-09-07T20:03:07.963998,dinner,counter,1,false,
ORD-00222,2026-09-07T19:14:31,2026-09-07T19:15:28.613892,2026-09-07T19:29:16.543019,2026-09-07T19:30:09.194662,dinner,app,3,false,
ORD-00223,2026-09-07T21:03:51,2026-09-07T21:05:00.102885,2026-09-07T21:07:12.975146,2026-09-07T21:09:05.376549,dinner,app,2,false,
ORD-00224,2026-09-07T21:03:31,2026-09-07T21:04:53.449016,2026-09-07T21:16:20.474797,2026-09-07T21:17:23.619609,dinner,app,1,false,
ORD-00225,2026-09-07T20:41:25,2026-09-07T20:42:50.783939,2026-09-07T20:52:54.859073,2026-09-07T20:53:12.859073,dinner,counter,4,false,
ORD-00226,2026-09-07T20:23:48,2026-09-07T20:25:24.340840,2026-09-07T20:35:08.973490,2026-09-07T20:37:14.257769,dinner,counter,2,false,
ORD-00227,2026-09-07T21:24:13,2026-09-07T21:24:26.134353,2026-09-07T21:32:04.788314,2026-09-07T21:34:08.088834,dinner,counter,1,false,
ORD-00228,2026-09-07T19:51:33,2026-09-07T19:52:46.873029,2026-09-07T20:13:06.408436,2026-09-07T20:14:30.784253,dinner,counter,2,false,kitchen_rework
ORD-00229,2026-09-07T21:27:20,2026-09-07T21:28:14.535826,2026-09-07T21:34:17.062852,2026-09-07T21:35:07.524180,dinner,counter,4,false,
ORD-00230,2026-09-07T20:20:24,2026-09-07T20:21:55.256077,2026-09-07T20:35:57.697863,2026-09-07T20:39:15.833640,dinner,counter,4,false,
ORD-00231,2026-09-07T20:20:52,2026-09-07T20:21:44.083925,2026-09-07T20:31:38.197980,2026-09-07T20:33:19.977315,dinner,app,4,false,
ORD-00232,2026-09-07T21:23:29,2026-09-07T21:24:01.258354,2026-09-07T21:32:43.714133,2026-09-07T21:35:15.725021,dinner,counter,3,false,
ORD-00233,2026-09-07T19:45:51,2026-09-07T19:47:42.372136,2026-09-07T19:56:32.010726,2026-09-07T19:58:09.507082,dinner,app,1,false,
ORD-00234,2026-09-07T20:24:30,2026-09-07T20:25:58.822860,2026-09-07T20:41:44.396709,2026-09-07T20:44:16.379274,dinner,counter,4,false,
ORD-00235,2026-09-07T19:05:03,2026-09-07T19:05:29.221107,2026-09-07T19:07:29.221107,2026-09-07T19:08:48.420091,dinner,app,2,false,
ORD-00236,2026-09-07T20:13:10,2026-09-07T20:14:27.307480,2026-09-07T20:26:53.340560,2026-09-07T20:31:22.376058,dinner,counter,3,false,payment
ORD-00237,2026-09-07T19:28:00,2026-09-07T19:28:38.428023,2026-09-07T19:51:37.706651,2026-09-07T19:52:06.317681,dinner,app,4,false,kitchen_rework
ORD-00238,2026-09-07T21:05:54,2026-09-07T21:06:16.032349,2026-09-07T21:13:29.819392,2026-09-07T21:13:47.819392,dinner,app,1,false,
ORD-00239,2026-09-07T21:16:52,2026-09-07T21:17:36.022809,2026-09-07T21:26:02.228944,2026-09-07T21:27:37.366360,dinner,app,2,false,
ORD-00240,2026-09-07T21:18:35,2026-09-07T21:19:47.172603,2026-09-07T21:33:39.358447,2026-09-07T21:35:13.306520,dinner,app,2,false,kitchen_rework
ORD-00241,2026-09-07T21:02:59,2026-09-07T21:03:54.619796,2026-09-07T21:08:06.770902,2026-09-07T21:08:24.770902,dinner,app,4,false,
ORD-00242,2026-09-07T19:32:17,2026-09-07T19:33:22.453657,2026-09-07T19:46:02.397269,2026-09-07T19:47:43.925862,dinner,app,3,false,
ORD-00243,2026-09-07T19:40:48,2026-09-07T19:41:56.634219,2026-09-07T19:48:24.525953,2026-09-07T19:49:35.964326,dinner,counter,4,false,
ORD-00244,2026-09-07T20:26:24,2026-09-07T20:27:51.936863,2026-09-07T20:37:24.950245,,dinner,counter,3,true,
ORD-00245,2026-09-07T21:21:18,2026-09-07T21:21:49.637020,2026-09-07T21:29:53.369467,,dinner,counter,2,true,
ORD-00246,2026-09-07T20:06:36,2026-09-07T20:08:05.647929,2026-09-07T20:16:04.349909,2026-09-07T20:17:49.956107,dinner,app,3,false,
ORD-00247,2026-09-07T20:34:38,2026-09-07T20:34:50,2026-09-07T20:42:58.039593,2026-09-07T20:44:05.105776,dinner,counter,2,false,
ORD-00248,2026-09-07T19:32:05,2026-09-07T19:33:15.043491,2026-09-07T19:43:19.444710,2026-09-07T19:45:24.400551,dinner,counter,1,false,
ORD-00249,2026-09-07T20:59:48,2026-09-07T21:01:16.359905,2026-09-07T21:04:50.617027,2026-09-07T21:06:29.175024,dinner,app,3,false,
ORD-00250,2026-09-07T19:20:43,2026-09-07T19:21:50.357520,2026-09-07T19:29:54.428275,2026-09-07T19:31:16.358843,dinner,counter,2,false,
ORD-00251,2026-09-07T20:38:35,2026-09-07T20:39:12.785736,2026-09-07T20:41:12.785736,2026-09-07T20:41:53.810850,dinner,counter,3,false,
ORD-00252,2026-09-07T20:20:25,2026-09-07T20:22:04.863898,2026-09-07T20:34:42.869069,2026-09-07T20:36:51.046693,dinner,counter,4,false,
ORD-00253,2026-09-07T19:42:10,2026-09-07T19:42:46.096561,2026-09-07T19:47:46.912151,2026-09-07T19:50:28.888085,dinner,counter,4,false,
ORD-00254,2026-09-07T19:33:51,2026-09-07T19:35:15.316266,2026-09-07T19:48:54.641853,2026-09-07T19:49:40.336302,dinner,counter,4,false,
ORD-00255,2026-09-07T21:29:29,2026-09-07T21:29:53.887891,2026-09-07T21:36:16.202978,2026-09-07T21:37:29.386781,dinner,app,1,false,
ORD-00256,2026-09-07T19:13:07,2026-09-07T19:13:55.777704,2026-09-07T19:22:31.674161,2026-09-07T19:23:45.412401,dinner,counter,4,false,
ORD-00257,2026-09-07T20:20:01,2026-09-07T20:21:30.297066,2026-09-07T20:30:54.044528,2026-09-07T20:32:51.057481,dinner,app,1,false,payment
ORD-00258,2026-09-07T19:54:23,2026-09-07T19:55:52.952184,2026-09-07T20:05:08.518122,2026-09-07T20:07:35.586470,dinner,app,3,false,
ORD-00259,2026-09-07T20:18:48,2026-09-07T20:20:24.948540,2026-09-07T20:32:01.579291,2026-09-07T20:33:02.877772,dinner,app,2,false,
ORD-00260,2026-09-07T21:12:11,2026-09-07T21:12:26.634564,2026-09-07T21:22:42.449892,2026-09-07T21:23:00.449892,dinner,app,4,false,
ORD-00261,2026-09-07T20:47:18,2026-09-07T20:47:50.136096,2026-09-07T20:57:57.235023,2026-09-07T20:58:46.769521,dinner,app,4,false,
ORD-00262,2026-09-07T21:03:24,2026-09-07T21:04:17.408159,2026-09-07T21:07:12.866660,2026-09-07T21:08:02.185526,dinner,counter,3,false,
ORD-00263,2026-09-07T19:09:52,2026-09-07T19:10:30.230288,2026-09-07T19:17:29.947913,2026-09-07T19:18:37.248688,dinner,app,3,false,payment
ORD-00264,2026-09-07T19:18:28,2026-09-07T19:19:16.419883,2026-09-07T19:26:28.104374,2026-09-07T19:28:14.428251,dinner,app,4,false,
ORD-00265,2026-09-07T20:22:11,2026-09-07T20:23:17.774061,2026-09-07T20:38:06.354896,2026-09-07T20:40:29.284095,dinner,app,2,false,
ORD-00266,2026-09-07T19:01:43,2026-09-07T19:02:21.738304,2026-09-07T19:11:38.599614,2026-09-07T19:13:12.337510,dinner,counter,1,false,
ORD-00267,2026-09-07T20:44:14,2026-09-07T20:45:07.345134,2026-09-07T20:55:07.526568,2026-09-07T20:55:25.526568,dinner,counter,4,false,
ORD-00268,2026-09-07T20:08:22,2026-09-07T20:09:16.472627,2026-09-07T20:19:43.924294,2026-09-07T20:21:42.684617,dinner,app,4,false,
ORD-00269,2026-09-07T20:36:00,2026-09-07T20:37:15.215544,2026-09-07T20:48:03.091306,2026-09-07T20:49:01.965103,dinner,counter,1,false,
ORD-00270,2026-09-07T20:28:49,2026-09-07T20:29:48.013187,2026-09-07T20:40:16.742760,2026-09-07T20:43:01.969664,dinner,counter,2,false,
ORD-00271,2026-09-07T21:12:24,2026-09-07T21:13:44.762344,2026-09-07T21:18:53.140909,2026-09-07T21:20:10.604238,dinner,counter,4,false,
ORD-00272,2026-09-07T20:20:05,2026-09-07T20:21:08.881071,2026-09-07T20:35:33.346286,2026-09-07T20:37:21.205488,dinner,counter,4,false,
ORD-00273,2026-09-07T19:53:59,2026-09-07T19:55:35.058284,2026-09-07T20:09:11.137458,2026-09-07T20:12:19.003551,dinner,app,2,false,
ORD-00274,2026-09-07T20:47:21,2026-09-07T20:48:30.687987,2026-09-07T20:55:58.542522,2026-09-07T20:56:16.542522,dinner,app,3,false,
ORD-00275,2026-09-07T20:57:28,2026-09-07T20:58:43.663824,2026-09-07T21:01:08.261117,2026-09-07T21:02:39.653132,dinner,counter,4,false,
ORD-00276,2026-09-07T21:04:08,2026-09-07T21:05:00.387451,2026-09-07T21:13:49.447860,2026-09-07T21:14:07.447860,dinner,counter,2,false,
ORD-00277,2026-09-07T19:51:30,2026-09-07T19:52:17.917039,2026-09-07T20:06:31.866578,2026-09-07T20:08:22.147817,dinner,counter,1,false,
ORD-00278,2026-09-07T20:15:32,2026-09-07T20:16:41.024483,2026-09-07T20:30:34.374327,2026-09-07T20:33:10.382457,dinner,counter,1,false,
ORD-00279,2026-09-07T20:39:47,2026-09-07T20:40:05.208557,2026-09-07T20:45:36.117311,2026-09-07T20:47:33.439190,dinner,app,4,false,
ORD-00280,2026-09-07T20:48:40,2026-09-07T20:49:15.393391,2026-09-07T20:55:32.315021,2026-09-07T20:57:03.351987,dinner,counter,1,false,
ORD-00281,2026-09-07T19:09:44,2026-09-07T19:10:59.747751,2026-09-07T19:20:44.960705,2026-09-07T19:21:25.034646,dinner,app,1,false,
ORD-00282,2026-09-07T19:21:48,2026-09-07T19:22:38.591499,2026-09-07T19:25:27.819962,2026-09-07T19:26:59.716901,dinner,app,3,false,
ORD-00283,2026-09-07T20:07:17,2026-09-07T20:07:55.257308,2026-09-07T20:17:04.516925,2026-09-07T20:19:03.471680,dinner,app,4,false,
ORD-00284,2026-09-07T19:20:40,2026-09-07T19:21:34.031072,2026-09-07T19:29:01.377070,2026-09-07T19:30:09.671958,dinner,app,2,false,
ORD-00285,2026-09-07T19:01:59,2026-09-07T19:02:38.110525,2026-09-07T19:07:03.937872,,dinner,counter,1,true,
ORD-00286,2026-09-07T20:24:38,2026-09-07T20:26:00.394125,2026-09-07T20:34:38.240590,2026-09-07T20:37:24.356978,dinner,counter,2,false,
ORD-00287,2026-09-07T19:18:31,2026-09-07T19:19:19.487288,2026-09-07T19:23:20.165294,2026-09-07T19:24:20.739212,dinner,counter,3,false,
ORD-00288,2026-09-07T21:11:04,2026-09-07T21:11:55.801200,2026-09-07T21:19:00.150735,2026-09-07T21:20:25.455785,dinner,app,3,false,
ORD-00289,2026-09-07T19:57:14,2026-09-07T19:58:15.228541,2026-09-07T20:08:23.995900,2026-09-07T20:11:40.623676,dinner,counter,4,false,
ORD-00290,2026-09-07T21:07:52,2026-09-07T21:09:03.067696,2026-09-07T21:13:26.739328,2026-09-07T21:14:20.576925,dinner,counter,4,false,
ORD-00291,2026-09-07T19:47:58,2026-09-07T19:48:53.772629,2026-09-07T20:08:01.720026,2026-09-07T20:09:52.042348,dinner,app,3,false,kitchen_rework
ORD-00292,2026-09-07T19:27:17,2026-09-07T19:27:31.345993,2026-09-07T19:39:13.906567,2026-09-07T19:39:31.906567,dinner,counter,3,false,
ORD-00293,2026-09-07T21:21:39,2026-09-07T21:22:57.977769,2026-09-07T21:24:57.977769,2026-09-07T21:26:06.417106,dinner,counter,4,false,
ORD-00294,2026-09-07T20:13:42,2026-09-07T20:14:25.231219,2026-09-07T20:21:05.970795,2026-09-07T20:22:43.333696,dinner,app,1,false,
ORD-00295,2026-09-07T21:04:30,2026-09-07T21:05:50.156865,2026-09-07T21:13:04.884791,2026-09-07T21:14:06.063964,dinner,app,2,false,
ORD-00296,2026-09-07T19:41:14,2026-09-07T19:42:34.718009,2026-09-07T19:53:06.976682,2026-09-07T19:55:20.621929,dinner,counter,1,false,
ORD-00297,2026-09-07T20:47:09,2026-09-07T20:48:16.605512,2026-09-07T20:54:13.675738,2026-09-07T20:54:59.776268,dinner,app,2,false,
ORD-00298,2026-09-07T21:26:53,2026-09-07T21:28:21.260937,2026-09-07T21:31:33.863486,2026-09-07T21:32:06.018385,dinner,counter,4,false,
ORD-00299,2026-09-07T19:35:41,2026-09-07T19:37:09.206828,2026-09-07T19:49:33.252504,2026-09-07T19:51:58.222592,dinner,counter,4,false,
ORD-00300,2026-09-07T19:01:02,2026-09-07T19:02:35.937794,2026-09-07T19:08:38.071320,2026-09-07T19:09:33.112711,dinner,counter,2,false,
ORD-00301,2026-09-07T20:48:22,2026-09-07T20:48:34,2026-09-07T20:51:45.710781,2026-09-07T20:53:05.493093,dinner,app,2,false,
ORD-00302,2026-09-07T19:56:10,2026-09-07T19:56:40.602883,2026-09-07T20:08:05.015740,2026-09-07T20:09:04.478317,dinner,counter,4,false,
ORD-00303,2026-09-07T19:02:42,2026-09-07T19:03:55.998368,2026-09-07T19:14:04.938584,2026-09-07T19:16:20.915713,dinner,counter,4,false,
ORD-00304,2026-09-07T19:47:08,2026-09-07T19:49:04.567869,2026-09-07T19:58:18.405274,2026-09-07T20:00:51.533321,dinner,counter,4,false,
ORD-00305,2026-09-07T21:28:31,2026-09-07T21:29:02.192878,2026-09-07T21:36:42.392817,2026-09-07T21:37:59.741042,dinner,app,2,false,
ORD-00306,2026-09-07T20:12:04,2026-09-07T20:12:38.010525,2026-09-07T20:27:11.730040,2026-09-07T20:30:17.101610,dinner,app,4,false,kitchen_rework
ORD-00307,2026-09-07T19:09:13,2026-09-07T19:10:09.450874,2026-09-07T19:17:38.252927,2026-09-07T19:19:17.670642,dinner,counter,1,false,
ORD-00308,2026-09-07T19:02:57,2026-09-07T19:03:09,2026-09-07T19:08:45.820526,2026-09-07T19:10:49.783919,dinner,app,1,false,
ORD-00309,2026-09-07T21:14:08,2026-09-07T21:14:46.263035,2026-09-07T21:22:35.978681,2026-09-07T21:24:21.480571,dinner,counter,3,false,
ORD-00310,2026-09-07T20:08:38,2026-09-07T20:10:43.584744,2026-09-07T20:18:32.681640,2026-09-07T20:19:12.870995,dinner,counter,1,false,
ORD-00311,2026-09-07T19:30:05,2026-09-07T19:30:41.520060,2026-09-07T19:41:43.250385,2026-09-07T19:44:09.016515,dinner,counter,3,false,
ORD-00312,2026-09-07T20:29:50,2026-09-07T20:31:07.252051,2026-09-07T20:50:18.751995,2026-09-07T20:52:39.148376,dinner,app,3,false,
ORD-00313,2026-09-07T21:01:26,2026-09-07T21:02:31.627932,2026-09-07T21:07:44.901730,2026-09-07T21:08:32.513819,dinner,app,1,false,
ORD-00314,2026-09-07T19:41:02,2026-09-07T19:42:03.176803,2026-09-07T19:52:41.112056,2026-09-07T19:56:50.692537,dinner,app,3,false,
ORD-00315,2026-09-07T19:42:30,2026-09-07T19:44:01.486547,2026-09-07T19:57:03.135754,2026-09-07T19:57:21.135754,dinner,app,2,false,
ORD-00316,2026-09-07T19:40:32,2026-09-07T19:41:58.606964,2026-09-07T19:50:39.412380,2026-09-07T19:53:09.897490,dinner,counter,1,false,
ORD-00317,2026-09-07T19:14:15,2026-09-07T19:15:24.426751,2026-09-07T19:22:47.659315,2026-09-07T19:23:05.659315,dinner,app,2,false,
ORD-00318,2026-09-07T20:07:37,2026-09-07T20:08:59.056239,2026-09-07T20:22:49.018768,2026-09-07T20:25:11.251542,dinner,app,1,false,
ORD-00319,2026-09-07T20:02:39,2026-09-07T20:03:58.930610,2026-09-07T20:11:57.699453,2026-09-07T20:15:00.544271,dinner,app,3,false,
ORD-00320,2026-09-07T19:38:05,2026-09-07T19:38:49.428043,2026-09-07T19:50:37.648746,2026-09-07T19:52:07.238171,dinner,counter,2,false,
ORD-00321,2026-09-07T20:31:14,2026-09-07T20:32:48.489004,2026-09-07T20:41:32.839221,2026-09-07T20:42:18.197194,dinner,counter,4,false,
ORD-00322,2026-09-07T21:01:01,2026-09-07T21:02:32.423083,2026-09-07T21:10:26.315959,2026-09-07T21:11:23.976746,dinner,app,1,false,
ORD-00323,2026-09-07T21:26:43,2026-09-07T21:27:26.478326,2026-09-07T21:34:29.820286,2026-09-07T21:34:47.820286,dinner,app,3,false,
ORD-00324,2026-09-07T19:22:47,2026-09-07T19:23:17.675114,2026-09-07T19:28:44.538222,2026-09-07T19:29:10.290938,dinner,counter,4,false,
ORD-00325,2026-09-07T19:59:08,2026-09-07T20:00:04.058471,2026-09-07T20:11:56.055005,,dinner,app,4,true,
ORD-00326,2026-09-08T09:35:03,2026-09-08T09:36:09.906438,2026-09-08T09:42:48.222699,2026-09-08T09:44:20.077557,breakfast,counter,4,false,
ORD-00327,2026-09-08T08:58:27,2026-09-08T09:00:04.278881,2026-09-08T09:09:26.332035,2026-09-08T09:11:00.909478,breakfast,app,2,false,
ORD-00328,2026-09-08T09:22:58,2026-09-08T09:24:44.028166,2026-09-08T09:43:12.291809,2026-09-08T09:45:13.870173,breakfast,counter,1,false,kitchen_rework
ORD-00329,2026-09-08T09:32:55,2026-09-08T09:33:51.426110,2026-09-08T09:41:43.836654,2026-09-08T09:42:30.515891,breakfast,counter,3,false,
ORD-00330,2026-09-08T09:41:33,2026-09-08T09:42:33.935620,2026-09-08T09:48:37.659950,2026-09-08T09:49:18.074794,breakfast,counter,1,false,
ORD-00331,2026-09-08T09:31:43,2026-09-08T09:32:32.096394,2026-09-08T09:41:23.179563,2026-09-08T09:41:42.653147,breakfast,app,3,false,
ORD-00332,2026-09-08T09:49:16,2026-09-08T09:49:55.847909,2026-09-08T09:56:43.362002,2026-09-08T09:57:54.999152,breakfast,counter,4,false,
ORD-00333,2026-09-08T08:59:24,2026-09-08T09:00:57.808135,2026-09-08T09:12:23.546286,,breakfast,counter,4,true,
ORD-00334,2026-09-08T09:25:28,2026-09-08T09:25:57.717293,2026-09-08T09:35:43.579381,2026-09-08T09:37:22.224419,breakfast,counter,4,false,
ORD-00335,2026-09-08T08:12:37,2026-09-08T08:13:37.461227,2026-09-08T08:25:54.011497,2026-09-08T08:27:03.983469,breakfast,counter,3,false,
ORD-00336,2026-09-08T08:11:05,2026-09-08T08:12:10.796551,2026-09-08T08:17:29.411591,2026-09-08T08:18:51.498768,breakfast,app,2,false,
ORD-00337,2026-09-08T09:28:08,2026-09-08T09:29:19.862689,2026-09-08T09:47:55.754880,2026-09-08T09:48:36.186033,breakfast,app,2,false,
ORD-00338,2026-09-08T09:25:36,2026-09-08T09:26:32.973799,2026-09-08T09:35:49.704395,2026-09-08T09:37:30.774071,breakfast,counter,1,false,
ORD-00339,2026-09-08T09:14:29,2026-09-08T09:15:39.647615,2026-09-08T09:25:04.141354,2026-09-08T09:27:53.588254,breakfast,app,3,false,
ORD-00340,2026-09-08T08:04:42,2026-09-08T08:05:37.906800,2026-09-08T08:18:03.043338,2026-09-08T08:18:21.043338,breakfast,app,3,false,
ORD-00341,2026-09-08T09:20:28,2026-09-08T09:22:17.607310,2026-09-08T09:38:22.801005,2026-09-08T09:40:31.815809,breakfast,counter,4,false,
ORD-00342,2026-09-08T09:15:05,2026-09-08T09:15:56.857134,2026-09-08T09:22:09.768107,2026-09-08T09:24:42.954273,breakfast,counter,3,false,
ORD-00343,2026-09-08T09:40:30,2026-09-08T09:41:23.051472,2026-09-08T09:46:51.739323,2026-09-08T09:49:06.914782,breakfast,counter,1,false,
ORD-00344,2026-09-08T09:08:21,2026-09-08T09:09:31.512233,2026-09-08T09:18:16.308603,2026-09-08T09:20:08.498292,breakfast,counter,3,false,payment
ORD-00345,2026-09-08T09:57:58,2026-09-08T09:59:17.410948,2026-09-08T10:06:09.096192,2026-09-08T10:07:45.896645,breakfast,counter,1,false,
ORD-00346,2026-09-08T09:53:06,2026-09-08T09:54:03.894140,2026-09-08T09:56:43.793815,2026-09-08T09:58:45.538525,breakfast,counter,3,false,
ORD-00347,2026-09-08T09:10:16,2026-09-08T09:11:32.791376,2026-09-08T09:21:06.523842,2026-09-08T09:22:41.460222,breakfast,app,2,false,
ORD-00348,2026-09-08T08:26:51,2026-09-08T08:27:14.370576,2026-09-08T08:34:02.670678,2026-09-08T08:35:49.322614,breakfast,app,4,false,
ORD-00349,2026-09-08T09:50:09,2026-09-08T09:50:22.821961,2026-09-08T09:57:55.789601,2026-09-08T09:58:13.789601,breakfast,app,1,false,
ORD-00350,2026-09-08T08:07:24,2026-09-08T08:07:36,2026-09-08T08:16:55.053377,2026-09-08T08:20:09.763436,breakfast,app,3,false,
ORD-00351,2026-09-08T09:24:10,2026-09-08T09:24:45.945103,2026-09-08T09:29:50.743309,2026-09-08T09:32:45.559291,breakfast,counter,3,false,
ORD-00352,2026-09-08T09:40:58,2026-09-08T09:42:04.381641,2026-09-08T09:51:19.653595,2026-09-08T09:51:42.613807,breakfast,counter,2,false,stockout
ORD-00353,2026-09-08T08:56:13,2026-09-08T08:57:12.031145,2026-09-08T09:06:05.494643,2026-09-08T09:07:03.671971,breakfast,app,3,false,
ORD-00354,2026-09-08T08:31:16,2026-09-08T08:33:10.272505,2026-09-08T08:41:46.435383,2026-09-08T08:45:06.128695,breakfast,counter,1,false,
ORD-00355,2026-09-08T08:33:30,2026-09-08T08:34:13.454605,2026-09-08T08:42:30.891133,2026-09-08T08:45:40.257863,breakfast,counter,2,false,
ORD-00356,2026-09-08T08:46:47,2026-09-08T08:48:40.595610,2026-09-08T08:59:53.201487,2026-09-08T09:02:23.800550,breakfast,counter,1,false,
ORD-00357,2026-09-08T09:42:13,2026-09-08T09:43:02.646216,2026-09-08T09:49:09.983130,2026-09-08T09:49:27.983130,breakfast,app,2,false,
ORD-00358,2026-09-08T08:15:22,2026-09-08T08:16:31.447662,2026-09-08T08:25:41.183732,2026-09-08T08:27:37.634999,breakfast,counter,4,false,
ORD-00359,2026-09-08T09:24:27,2026-09-08T09:25:38.624565,2026-09-08T09:38:11.684147,2026-09-08T09:38:49.683777,breakfast,app,4,false,
ORD-00360,2026-09-08T08:32:34,2026-09-08T08:33:09.753114,2026-09-08T08:46:15.322741,2026-09-08T08:49:06.519885,breakfast,counter,3,false,
ORD-00361,2026-09-08T08:50:41,2026-09-08T08:51:44.506396,2026-09-08T09:04:53.251877,2026-09-08T09:06:38.408125,breakfast,app,1,false,
ORD-00362,2026-09-08T08:43:12,2026-09-08T08:44:09.338508,2026-09-08T08:49:44.158387,2026-09-08T08:50:56.040962,breakfast,app,4,false,
ORD-00363,2026-09-08T09:03:58,2026-09-08T09:05:08.545229,2026-09-08T09:14:27.134505,2026-09-08T09:16:12.856571,breakfast,app,2,false,
ORD-00364,2026-09-08T09:21:23,2026-09-08T09:22:34.020680,2026-09-08T09:29:08.659602,2026-09-08T09:32:48.116581,breakfast,app,3,false,
ORD-00365,2026-09-08T09:13:27,2026-09-08T09:14:22.545830,2026-09-08T09:22:07.467662,2026-09-08T09:23:37.644748,breakfast,app,1,false,
ORD-00366,2026-09-08T09:57:22,2026-09-08T09:58:39.263911,2026-09-08T10:06:15.273312,2026-09-08T10:08:23.702642,breakfast,counter,2,false,payment
ORD-00367,2026-09-08T08:22:36,2026-09-08T08:23:30.373514,2026-09-08T08:31:30.998866,2026-09-08T08:32:12.458456,breakfast,app,4,false,
ORD-00368,2026-09-08T09:58:07,2026-09-08T09:58:20.969635,2026-09-08T10:09:56.979908,2026-09-08T10:11:45.785217,breakfast,app,4,false,
ORD-00369,2026-09-08T09:15:14,2026-09-08T09:16:28.950233,2026-09-08T09:24:10.132004,2026-09-08T09:26:10.187263,breakfast,counter,1,false,
ORD-00370,2026-09-08T09:53:01,2026-09-08T09:54:51.021613,2026-09-08T10:02:06.604502,2026-09-08T10:03:33.883042,breakfast,app,3,false,
ORD-00371,2026-09-08T09:40:14,2026-09-08T09:40:47.125734,2026-09-08T09:47:23.995673,2026-09-08T09:49:19.689109,breakfast,counter,1,false,
ORD-00372,2026-09-08T09:42:48,2026-09-08T09:43:34.337450,2026-09-08T09:49:23.711522,2026-09-08T09:51:15.733210,breakfast,app,1,false,
ORD-00373,2026-09-08T08:43:10,2026-09-08T08:44:46.424759,2026-09-08T08:54:05.486820,2026-09-08T08:56:25.182821,breakfast,app,1,false,
ORD-00374,2026-09-08T09:35:51,2026-09-08T09:36:19.356783,2026-09-08T09:45:13.047362,2026-09-08T09:45:31.047362,breakfast,counter,3,false,
ORD-00375,2026-09-08T08:44:30,2026-09-08T08:46:08.541851,2026-09-08T08:57:05.987131,2026-09-08T08:59:30.247130,breakfast,app,3,false,
ORD-00376,2026-09-08T09:00:28,2026-09-08T09:02:15.967235,2026-09-08T09:10:35.644735,2026-09-08T09:12:07.126810,breakfast,app,2,false,
ORD-00377,2026-09-08T09:30:33,2026-09-08T09:31:31.246081,2026-09-08T09:42:06.169931,2026-09-08T09:44:31.169979,breakfast,app,2,false,
ORD-00378,2026-09-08T09:40:52,2026-09-08T09:41:55.084629,2026-09-08T09:47:18.592716,2026-09-08T09:47:36.592716,breakfast,app,4,false,
ORD-00379,2026-09-08T08:38:29,2026-09-08T08:39:57.822511,2026-09-08T08:45:29.828226,2026-09-08T08:46:53.730516,breakfast,counter,4,false,
ORD-00380,2026-09-08T09:48:14,2026-09-08T09:49:14.959190,2026-09-08T09:54:26.871889,2026-09-08T09:55:46.065379,breakfast,counter,3,false,
ORD-00381,2026-09-08T08:55:58,2026-09-08T08:56:19.682057,2026-09-08T09:07:39.735515,2026-09-08T09:09:57.759164,breakfast,counter,3,false,
ORD-00382,2026-09-08T08:28:15,2026-09-08T08:28:27.795858,2026-09-08T08:33:53.628080,2026-09-08T08:35:10.264201,breakfast,counter,1,false,
ORD-00383,2026-09-08T08:35:45,2026-09-08T08:37:49.387436,2026-09-08T08:47:57.439459,2026-09-08T08:51:22.556747,breakfast,app,1,false,
ORD-00384,2026-09-08T08:31:27,2026-09-08T08:33:01.134833,2026-09-08T08:39:58.804040,2026-09-08T08:42:46.530718,breakfast,app,4,false,payment
ORD-00385,2026-09-08T08:07:37,2026-09-08T08:08:17.373009,2026-09-08T08:17:10.694455,2026-09-08T08:19:01.816499,breakfast,app,3,false,
ORD-00386,2026-09-08T09:19:40,2026-09-08T09:20:51.728903,2026-09-08T09:27:44.909158,2026-09-08T09:30:15.480567,breakfast,counter,3,false,
ORD-00387,2026-09-08T09:25:14,2026-09-08T09:26:20.402980,2026-09-08T09:33:11.571206,2026-09-08T09:34:43.294818,breakfast,counter,3,false,
ORD-00388,2026-09-08T09:23:46,2026-09-08T09:25:44.474329,2026-09-08T09:36:34.639015,2026-09-08T09:37:01.079451,breakfast,counter,4,false,
ORD-00389,2026-09-08T09:35:21,2026-09-08T09:35:47.279463,2026-09-08T09:46:20.883201,2026-09-08T09:46:51.549250,breakfast,app,2,false,kitchen_rework
ORD-00390,2026-09-08T08:32:43,2026-09-08T08:34:03.227805,2026-09-08T08:40:05.108047,2026-09-08T08:41:17.813776,breakfast,counter,3,false,
ORD-00391,2026-09-08T08:53:36,2026-09-08T08:54:41.082587,2026-09-08T09:05:10.466983,2026-09-08T09:07:08.818216,breakfast,counter,3,false,
ORD-00392,2026-09-08T09:58:30,2026-09-08T09:58:58.192949,2026-09-08T10:06:44.556831,2026-09-08T10:08:44.009189,breakfast,counter,4,false,
ORD-00393,2026-09-08T08:21:25,2026-09-08T08:22:36.756149,2026-09-08T08:28:08.398913,2026-09-08T08:29:33.996480,breakfast,app,2,false,
ORD-00394,2026-09-08T08:57:28,2026-09-08T08:59:36.510645,2026-09-08T09:06:52.251310,2026-09-08T09:09:37.529998,breakfast,counter,2,false,
ORD-00395,2026-09-08T08:30:17,2026-09-08T08:31:51.366157,2026-09-08T08:40:52.278102,2026-09-08T08:43:01.623760,breakfast,counter,2,false,
ORD-00396,2026-09-08T09:20:42,2026-09-08T09:21:53.704481,2026-09-08T09:32:24.425096,2026-09-08T09:34:31.987443,breakfast,counter,4,false,
ORD-00397,2026-09-08T09:42:56,2026-09-08T09:44:01.432062,2026-09-08T09:51:38.697674,2026-09-08T09:53:16.722534,breakfast,counter,4,false,
ORD-00398,2026-09-08T08:29:30,2026-09-08T08:30:09.806551,2026-09-08T08:38:06.045558,2026-09-08T08:39:29.316481,breakfast,app,1,false,
ORD-00399,2026-09-08T08:00:46,2026-09-08T08:01:13.779886,2026-09-08T08:08:36.240162,2026-09-08T08:09:24.572314,breakfast,app,1,false,
ORD-00400,2026-09-08T09:03:36,2026-09-08T09:04:24.795798,2026-09-08T09:15:34.031231,2026-09-08T09:18:11.870355,breakfast,app,1,false,
ORD-00401,2026-09-08T08:45:12,2026-09-08T08:46:40.843664,2026-09-08T08:58:21.471874,2026-09-08T08:59:59.440530,breakfast,app,1,false,
ORD-00402,2026-09-08T08:44:13,2026-09-08T08:45:22.725120,2026-09-08T08:57:37.171586,2026-09-08T09:00:18.938813,breakfast,app,1,false,
ORD-00403,2026-09-08T08:42:08,2026-09-08T08:43:05.184351,2026-09-08T08:52:37.650685,2026-09-08T08:55:25.490065,breakfast,app,1,false,
ORD-00404,2026-09-08T09:49:30,2026-09-08T09:50:40.105919,2026-09-08T10:00:43.721652,2026-09-08T10:01:01.721652,breakfast,counter,3,false,
ORD-00405,2026-09-08T09:07:36,2026-09-08T09:08:17.919580,2026-09-08T09:17:41.968343,2026-09-08T09:21:20.290411,breakfast,counter,3,false,
ORD-00406,2026-09-08T09:31:01,2026-09-08T09:31:21.559984,2026-09-08T09:37:02.695001,2026-09-08T09:38:04.456429,breakfast,counter,2,false,
ORD-00407,2026-09-08T09:52:45,2026-09-08T09:53:57.805439,2026-09-08T10:02:35.307999,2026-09-08T10:02:53.307999,breakfast,app,3,false,
ORD-00408,2026-09-08T08:41:24,2026-09-08T08:42:30.185885,2026-09-08T08:52:28.149016,2026-09-08T08:54:12.807237,breakfast,app,1,false,
ORD-00409,2026-09-08T08:20:53,2026-09-08T08:22:02.891588,2026-09-08T08:29:06.558788,2026-09-08T08:30:04.136504,breakfast,counter,1,false,
ORD-00410,2026-09-08T08:40:57,2026-09-08T08:42:17.628076,2026-09-08T08:51:08.690876,2026-09-08T08:52:46.566240,breakfast,counter,3,false,
ORD-00411,2026-09-08T14:20:58,2026-09-08T14:21:10,2026-09-08T14:28:06.661330,,lunch,counter,3,true,
ORD-00412,2026-09-08T14:02:48,2026-09-08T14:03:00,2026-09-08T14:12:09.471514,2026-09-08T14:13:04.130018,lunch,app,3,false,stockout
ORD-00413,2026-09-08T12:37:26,2026-09-08T12:39:11.809025,2026-09-08T12:49:35.328834,,lunch,app,2,true,
ORD-00414,2026-09-08T13:43:19,2026-09-08T13:43:56.748254,2026-09-08T13:52:52.774779,2026-09-08T13:55:33.934324,lunch,counter,2,false,
ORD-00415,2026-09-08T12:16:18,2026-09-08T12:17:10.984329,2026-09-08T12:20:30.332663,2026-09-08T12:22:02.749111,lunch,app,4,false,
ORD-00416,2026-09-08T13:22:46,2026-09-08T13:24:39.547014,2026-09-08T13:34:44.170057,2026-09-08T13:37:15.014626,lunch,counter,2,false,
ORD-00417,2026-09-08T14:08:31,2026-09-08T14:09:27.082030,2026-09-08T14:16:50.616271,2026-09-08T14:17:46.746866,lunch,counter,1,false,
ORD-00418,2026-09-08T14:05:57,2026-09-08T14:06:57.787569,2026-09-08T14:14:27.491709,2026-09-08T14:15:20.967369,lunch,app,4,false,
ORD-00419,2026-09-08T13:01:42,2026-09-08T13:03:14.925968,2026-09-08T13:10:48.179730,2026-09-08T13:12:29.748247,lunch,counter,1,false,
ORD-00420,2026-09-08T12:36:09,2026-09-08T12:37:18.253489,2026-09-08T12:51:07.371747,2026-09-08T12:52:33.259262,lunch,app,1,false,
ORD-00421,2026-09-08T12:56:14,2026-09-08T12:58:02.871428,2026-09-08T13:10:54.480389,2026-09-08T13:11:53.267481,lunch,app,2,false,
ORD-00422,2026-09-08T14:14:56,2026-09-08T14:15:39.520803,2026-09-08T14:23:21.254040,2026-09-08T14:23:39.254040,lunch,app,4,false,
ORD-00423,2026-09-08T14:09:00,2026-09-08T14:10:02.340143,2026-09-08T14:14:52.567411,2026-09-08T14:15:16.890300,lunch,counter,4,false,stockout
ORD-00424,2026-09-08T13:29:40,2026-09-08T13:31:07.671096,2026-09-08T13:45:05.602295,2026-09-08T13:47:36.532374,lunch,app,3,false,
ORD-00425,2026-09-08T12:07:01,2026-09-08T12:07:44.083535,2026-09-08T12:17:24.706044,2026-09-08T12:17:42.706044,lunch,app,3,false,payment
ORD-00426,2026-09-08T13:07:59,2026-09-08T13:09:25.141841,2026-09-08T13:22:24.024156,2026-09-08T13:23:27.404671,lunch,app,2,false,
ORD-00427,2026-09-08T13:12:29,2026-09-08T13:13:26.492536,2026-09-08T13:31:35.512821,2026-09-08T13:34:55.026957,lunch,counter,4,false,
ORD-00428,2026-09-08T14:06:14,2026-09-08T14:07:13.358856,2026-09-08T14:17:07.400817,2026-09-08T14:18:31.531246,lunch,app,2,false,
ORD-00429,2026-09-08T12:45:40,2026-09-08T12:47:30.027472,2026-09-08T12:57:37.442396,2026-09-08T12:59:42.792364,lunch,counter,2,false,
ORD-00430,2026-09-08T13:36:04,2026-09-08T13:36:53.837398,2026-09-08T13:39:22.842175,2026-09-08T13:41:17.555688,lunch,app,3,false,
ORD-00431,2026-09-08T12:05:50,2026-09-08T12:06:02,2026-09-08T12:10:29.079225,2026-09-08T12:12:09.396408,lunch,counter,2,false,
ORD-00432,2026-09-08T14:22:35,2026-09-08T14:23:44.223149,2026-09-08T14:32:17.942840,2026-09-08T14:33:39.520194,lunch,counter,1,false,
ORD-00433,2026-09-08T13:19:01,2026-09-08T13:19:54.749464,2026-09-08T13:30:27.593413,2026-09-08T13:32:02.856595,lunch,counter,4,false,
ORD-00434,2026-09-08T12:30:08,2026-09-08T12:31:05.673341,2026-09-08T12:45:05.534550,2026-09-08T12:46:48.371110,lunch,app,3,false,
ORD-00435,2026-09-08T13:50:17,2026-09-08T13:51:25.990786,2026-09-08T14:05:53.720350,,lunch,app,1,true,kitchen_rework
ORD-00436,2026-09-08T14:22:13,2026-09-08T14:23:45.375117,2026-09-08T14:37:51.021077,2026-09-08T14:40:02.823003,lunch,app,2,false,
ORD-00437,2026-09-08T13:00:48,2026-09-08T13:01:33.569282,2026-09-08T13:11:49.713577,2026-09-08T13:14:00.875526,lunch,counter,4,false,
ORD-00438,2026-09-08T13:05:09,2026-09-08T13:06:02.297499,2026-09-08T13:17:10.169837,2026-09-08T13:18:47.590134,lunch,counter,4,false,
ORD-00439,2026-09-08T13:53:06,2026-09-08T13:54:06.399153,2026-09-08T14:00:30.548025,2026-09-08T14:01:07.394866,lunch,app,4,false,
ORD-00440,2026-09-08T14:06:37,2026-09-08T14:08:03.715355,2026-09-08T14:16:18.289016,2026-09-08T14:16:46.864153,lunch,app,4,false,
ORD-00441,2026-09-08T13:07:56,2026-09-08T13:09:45.160024,2026-09-08T13:29:48.731204,2026-09-08T13:31:21.891981,lunch,counter,1,false,kitchen_rework
ORD-00442,2026-09-08T13:58:27,2026-09-08T13:59:20.852078,2026-09-08T14:06:13.450372,2026-09-08T14:06:35.369378,lunch,app,2,false,
ORD-00443,2026-09-08T13:24:10,2026-09-08T13:24:57.788033,2026-09-08T13:38:50.210160,2026-09-08T13:41:19.933976,lunch,app,2,false,
ORD-00444,2026-09-08T14:22:55,2026-09-08T14:23:45.623775,2026-09-08T14:30:25.335028,2026-09-08T14:31:37.806998,lunch,app,1,false,
ORD-00445,2026-09-08T14:27:57,2026-09-08T14:29:35.165692,2026-09-08T14:34:40.143353,2026-09-08T14:35:35.732068,lunch,app,3,false,
ORD-00446,2026-09-08T13:51:46,2026-09-08T13:52:34.483063,2026-09-08T14:14:16.302765,2026-09-08T14:15:34.484624,lunch,counter,1,false,kitchen_rework
ORD-00447,2026-09-08T13:02:21,2026-09-08T13:02:56.806872,2026-09-08T13:09:59.701597,2026-09-08T13:12:20.773576,lunch,counter,2,false,
ORD-00448,2026-09-08T13:02:17,2026-09-08T13:03:35.161234,2026-09-08T13:16:46.496945,2026-09-08T13:19:09.413266,lunch,app,2,false,
ORD-00449,2026-09-08T13:37:12,2026-09-08T13:37:42.613110,2026-09-08T13:54:41.431690,2026-09-08T13:54:59.431690,lunch,app,2,false,kitchen_rework
ORD-00450,2026-09-08T14:20:56,2026-09-08T14:21:15.532484,2026-09-08T14:32:45.021292,2026-09-08T14:33:52.187712,lunch,counter,2,false,
ORD-00451,2026-09-08T13:14:29,2026-09-08T13:15:43.737540,2026-09-08T13:21:09.501515,2026-09-08T13:23:26.551397,lunch,counter,3,false,
ORD-00452,2026-09-08T13:36:17,2026-09-08T13:37:15.682249,2026-09-08T13:43:55.344895,2026-09-08T13:45:36.771886,lunch,app,2,false,payment
ORD-00453,2026-09-08T14:12:45,2026-09-08T14:12:57,2026-09-08T14:22:22.744716,2026-09-08T14:22:40.744716,lunch,counter,1,false,
ORD-00454,2026-09-08T12:25:46,2026-09-08T12:25:58,2026-09-08T12:42:27.951937,2026-09-08T12:44:34.869119,lunch,counter,2,false,stockout
ORD-00455,2026-09-08T12:02:08,2026-09-08T12:02:20,2026-09-08T12:08:53.153840,2026-09-08T12:09:17.408618,lunch,counter,4,false,
ORD-00456,2026-09-08T13:50:23,2026-09-08T13:51:06.590990,2026-09-08T13:56:53.156809,2026-09-08T13:57:49.045963,lunch,app,3,false,
ORD-00457,2026-09-08T14:07:02,2026-09-08T14:07:44.937195,2026-09-08T14:12:59.086682,2026-09-08T14:13:39.527431,lunch,counter,3,false,
ORD-00458,2026-09-08T14:18:17,2026-09-08T14:18:40.113665,2026-09-08T14:28:40.274874,2026-09-08T14:31:57.346776,lunch,counter,1,false,
ORD-00459,2026-09-08T12:33:08,2026-09-08T12:33:40.644525,2026-09-08T12:50:35.421445,2026-09-08T12:51:48.375249,lunch,counter,1,false,
ORD-00460,2026-09-08T12:01:20,2026-09-08T12:01:37.843770,2026-09-08T12:06:06.767265,2026-09-08T12:06:50.635077,lunch,counter,2,false,payment
ORD-00461,2026-09-08T13:53:52,2026-09-08T13:54:43.657131,2026-09-08T14:04:51.482154,2026-09-08T14:07:11.555403,lunch,app,4,false,
ORD-00462,2026-09-08T12:43:36,2026-09-08T12:44:47.850941,2026-09-08T12:52:13.136974,2026-09-08T12:53:12.840857,lunch,app,2,false,
ORD-00463,2026-09-08T13:53:07,2026-09-08T13:53:19,2026-09-08T13:57:05.565982,,lunch,counter,4,true,
ORD-00464,2026-09-08T13:23:04,2026-09-08T13:23:43.602449,2026-09-08T13:32:47.288584,2026-09-08T13:35:49.251102,lunch,app,3,false,stockout
ORD-00465,2026-09-08T12:03:44,2026-09-08T12:05:18.325759,2026-09-08T12:15:14.396503,2026-09-08T12:15:32.396503,lunch,counter,2,false,
ORD-00466,2026-09-08T14:29:17,2026-09-08T14:30:16.975242,2026-09-08T14:40:16.509913,2026-09-08T14:42:00.758990,lunch,app,1,false,
ORD-00467,2026-09-08T13:14:57,2026-09-08T13:16:38.766543,2026-09-08T13:24:57.826262,2026-09-08T13:27:39.542301,lunch,app,1,false,stockout
ORD-00468,2026-09-08T12:20:14,2026-09-08T12:21:18.769790,2026-09-08T12:27:08.213908,2026-09-08T12:27:53.805243,lunch,app,2,false,
ORD-00469,2026-09-08T12:41:34,2026-09-08T12:42:36.721946,2026-09-08T12:57:31.596522,2026-09-08T12:59:56.061159,lunch,counter,1,false,stockout
ORD-00470,2026-09-08T13:42:44,2026-09-08T13:43:58.485967,2026-09-08T13:50:54.948451,2026-09-08T13:51:45.301950,lunch,counter,1,false,
ORD-00471,2026-09-08T13:19:37,2026-09-08T13:20:26.211927,2026-09-08T13:26:18.661946,2026-09-08T13:29:21.763758,lunch,app,3,false,
ORD-00472,2026-09-08T13:47:57,2026-09-08T13:48:39.070429,2026-09-08T13:56:07.194847,2026-09-08T13:58:13.574962,lunch,app,1,false,
ORD-00473,2026-09-08T12:00:56,2026-09-08T12:01:16.254081,2026-09-08T12:10:39.872318,2026-09-08T12:11:34.804925,lunch,app,2,false,
ORD-00474,2026-09-08T12:54:33,2026-09-08T12:55:43.841381,2026-09-08T13:12:44.290274,2026-09-08T13:14:25.923174,lunch,counter,3,false,
ORD-00475,2026-09-08T12:17:56,2026-09-08T12:18:40.910542,2026-09-08T12:25:38.472483,2026-09-08T12:26:57.316620,lunch,counter,4,false,
ORD-00476,2026-09-08T12:02:21,2026-09-08T12:03:03.851462,2026-09-08T12:13:00.335333,2026-09-08T12:13:40.210838,lunch,counter,1,false,
ORD-00477,2026-09-08T14:16:08,2026-09-08T14:16:47.733260,2026-09-08T14:29:29.897401,2026-09-08T14:30:41.139115,lunch,counter,4,false,
ORD-00478,2026-09-08T12:33:16,2026-09-08T12:35:38.188398,2026-09-08T12:47:54.697370,2026-09-08T12:50:02.023120,lunch,counter,4,false,
ORD-00479,2026-09-08T14:12:08,2026-09-08T14:12:24.826567,2026-09-08T14:16:40.424453,2026-09-08T14:18:02.384161,lunch,counter,3,false,
ORD-00480,2026-09-08T12:03:28,2026-09-08T12:03:40,2026-09-08T12:07:10.930154,2026-09-08T12:08:19.153454,lunch,app,3,false,
ORD-00481,2026-09-08T12:07:33,2026-09-08T12:08:25.714200,2026-09-08T12:20:45.787049,2026-09-08T12:22:01.260484,lunch,app,3,false,
ORD-00482,2026-09-08T12:28:53,2026-09-08T12:30:05.116570,2026-09-08T12:33:56.457889,2026-09-08T12:34:19.788061,lunch,counter,1,false,
ORD-00483,2026-09-08T13:28:06,2026-09-08T13:29:30.413709,2026-09-08T13:42:17.517763,2026-09-08T13:44:45.207407,lunch,counter,4,false,
ORD-00484,2026-09-08T14:03:36,2026-09-08T14:03:48.610919,2026-09-08T14:13:23.302579,2026-09-08T14:15:20.792369,lunch,app,1,false,
ORD-00485,2026-09-08T14:14:27,2026-09-08T14:15:09.689861,2026-09-08T14:24:05.987483,2026-09-08T14:24:23.987483,lunch,counter,4,false,
ORD-00486,2026-09-08T14:17:07,2026-09-08T14:18:31.615693,2026-09-08T14:22:54.617906,2026-09-08T14:24:49.660397,lunch,counter,2,false,
ORD-00487,2026-09-08T12:20:18,2026-09-08T12:20:57.457020,2026-09-08T12:29:42.735149,2026-09-08T12:30:00.735149,lunch,app,2,false,
ORD-00488,2026-09-08T13:11:02,2026-09-08T13:12:15.518028,2026-09-08T13:26:37.532496,,lunch,app,4,true,
ORD-00489,2026-09-08T14:20:42,2026-09-08T14:21:35.440124,2026-09-08T14:30:01.445770,2026-09-08T14:30:48.424349,lunch,counter,3,false,
ORD-00490,2026-09-08T14:03:21,2026-09-08T14:03:39.851247,2026-09-08T14:10:10.583870,2026-09-08T14:10:38.202968,lunch,counter,2,false,
ORD-00491,2026-09-08T13:52:35,2026-09-08T13:53:45.625026,2026-09-08T14:03:46.387808,2026-09-08T14:05:22.201331,lunch,app,1,false,
ORD-00492,2026-09-08T13:11:06,2026-09-08T13:12:20.340233,2026-09-08T13:27:28.188708,2026-09-08T13:28:13.981521,lunch,app,2,false,
ORD-00493,2026-09-08T12:54:57,2026-09-08T12:56:09.795718,2026-09-08T13:06:11.643609,2026-09-08T13:08:33.031034,lunch,counter,2,false,
ORD-00494,2026-09-08T13:20:03,2026-09-08T13:21:29.916793,2026-09-08T13:45:28.988773,2026-09-08T13:47:34.586594,lunch,counter,4,false,kitchen_rework
ORD-00495,2026-09-08T13:30:17,2026-09-08T13:30:59.595825,2026-09-08T13:40:52.351238,2026-09-08T13:43:39.833073,lunch,app,4,false,
ORD-00496,2026-09-08T13:46:40,2026-09-08T13:47:10.358795,2026-09-08T14:05:53.656188,2026-09-08T14:08:18.636741,lunch,app,4,false,kitchen_rework
ORD-00497,2026-09-08T12:24:24,2026-09-08T12:25:57.109408,2026-09-08T12:28:15.109408,2026-09-08T12:28:49.624276,lunch,app,3,false,
ORD-00498,2026-09-08T13:36:42,2026-09-08T13:38:10.066279,2026-09-08T13:41:05.091853,2026-09-08T13:43:11.660521,lunch,counter,1,false,
ORD-00499,2026-09-08T12:20:20,2026-09-08T12:20:58.264913,2026-09-08T12:29:59.949197,2026-09-08T12:31:47.174093,lunch,app,1,false,
ORD-00500,2026-09-08T12:22:05,2026-09-08T12:23:16.904093,2026-09-08T12:31:15.930636,2026-09-08T12:31:53.941673,lunch,counter,1,false,
ORD-00501,2026-09-08T14:07:26,2026-09-08T14:07:53.299756,2026-09-08T14:12:36.907588,2026-09-08T14:12:54.907588,lunch,counter,4,false,
ORD-00502,2026-09-08T14:10:17,2026-09-08T14:11:27.892478,2026-09-08T14:23:22.081561,2026-09-08T14:24:37.393943,lunch,counter,4,false,
ORD-00503,2026-09-08T13:48:26,2026-09-08T13:49:20.579936,2026-09-08T13:58:23.968001,2026-09-08T13:59:25.846888,lunch,app,2,false,
ORD-00504,2026-09-08T14:04:42,2026-09-08T14:06:14.571895,2026-09-08T14:13:47.136490,2026-09-08T14:15:40.988115,lunch,counter,2,false,
ORD-00505,2026-09-08T12:59:14,2026-09-08T13:00:37.799099,2026-09-08T13:13:57.428070,2026-09-08T13:17:17.913897,lunch,counter,2,false,
ORD-00506,2026-09-08T14:11:43,2026-09-08T14:12:17.773365,2026-09-08T14:21:46.602087,2026-09-08T14:23:30.681072,lunch,counter,3,false,
ORD-00507,2026-09-08T13:38:10,2026-09-08T13:38:58.333140,2026-09-08T13:50:49.403095,,lunch,app,3,true,
ORD-00508,2026-09-08T13:27:52,2026-09-08T13:29:32.279909,2026-09-08T13:36:39.256902,2026-09-08T13:40:00.541748,lunch,counter,2,false,
ORD-00509,2026-09-08T12:00:14,2026-09-08T12:01:37.038506,2026-09-08T12:13:56.268234,2026-09-08T12:14:57.133253,lunch,app,2,false,
ORD-00510,2026-09-08T12:37:21,2026-09-08T12:38:26.033082,2026-09-08T12:52:32.709319,2026-09-08T12:55:27.735120,lunch,counter,3,false,
ORD-00511,2026-09-08T14:15:17,2026-09-08T14:16:32.103133,2026-09-08T14:21:46.010018,2026-09-08T14:22:14.863548,lunch,app,4,false,
ORD-00512,2026-09-08T13:18:20,2026-09-08T13:19:41.498781,2026-09-08T13:29:45.695476,2026-09-08T13:33:10.231446,lunch,app,3,false,
ORD-00513,2026-09-08T12:58:44,2026-09-08T13:00:00.639253,2026-09-08T13:12:06.989771,2026-09-08T13:14:18.389238,lunch,counter,4,false,
ORD-00514,2026-09-08T13:52:44,2026-09-08T13:53:54.956330,2026-09-08T14:02:39.311518,2026-09-08T14:03:56.608440,lunch,counter,2,false,
ORD-00515,2026-09-08T12:15:56,2026-09-08T12:16:08,2026-09-08T12:27:31.801457,2026-09-08T12:29:00.642074,lunch,counter,1,false,
ORD-00516,2026-09-08T12:56:11,2026-09-08T12:57:39.126171,2026-09-08T13:09:12.011715,2026-09-08T13:12:11.437752,lunch,counter,1,false,
ORD-00517,2026-09-08T13:53:33,2026-09-08T13:54:33.714215,2026-09-08T14:03:05.236436,2026-09-08T14:03:31.943445,lunch,app,2,false,
ORD-00518,2026-09-08T14:24:22,2026-09-08T14:25:34.399674,2026-09-08T14:38:23.366629,2026-09-08T14:39:02.838799,lunch,counter,3,false,
ORD-00519,2026-09-08T12:27:28,2026-09-08T12:28:32.161099,2026-09-08T12:40:10.830262,2026-09-08T12:41:38.820674,lunch,counter,4,false,
ORD-00520,2026-09-08T12:58:41,2026-09-08T12:59:19.174908,2026-09-08T13:09:40.423699,2026-09-08T13:11:41.436237,lunch,counter,4,false,
ORD-00521,2026-09-08T14:26:26,2026-09-08T14:27:52.537019,2026-09-08T14:36:06.983374,2026-09-08T14:37:35.929696,lunch,counter,1,false,
ORD-00522,2026-09-08T13:59:26,2026-09-08T13:59:51.013611,2026-09-08T14:08:55.448949,2026-09-08T14:09:13.448949,lunch,counter,2,false,
ORD-00523,2026-09-08T12:32:48,2026-09-08T12:34:02.044104,2026-09-08T12:47:15.730488,2026-09-08T12:50:26.575484,lunch,counter,4,false,
ORD-00524,2026-09-08T14:05:25,2026-09-08T14:06:12.523186,2026-09-08T14:12:59.006054,2026-09-08T14:14:36.509045,lunch,app,1,false,
ORD-00525,2026-09-08T12:14:54,2026-09-08T12:16:27.082894,2026-09-08T12:26:06.329065,2026-09-08T12:26:47.323296,lunch,counter,3,false,
ORD-00526,2026-09-08T12:16:42,2026-09-08T12:17:49.027953,2026-09-08T12:27:31.733802,2026-09-08T12:28:55.360004,lunch,app,3,false,payment
ORD-00527,2026-09-08T12:28:03,2026-09-08T12:29:01.401380,2026-09-08T12:43:37.360241,2026-09-08T12:43:55.360241,lunch,app,1,false,
ORD-00528,2026-09-08T13:33:33,2026-09-08T13:34:31.365566,2026-09-08T13:42:03.467677,2026-09-08T13:42:45.502097,lunch,app,2,false,
ORD-00529,2026-09-08T13:52:07,2026-09-08T13:52:56.476253,2026-09-08T13:58:20.436624,2026-09-08T13:59:29.913730,lunch,app,4,false,payment
ORD-00530,2026-09-08T13:22:30,2026-09-08T13:23:20.761990,2026-09-08T13:35:44.086638,2026-09-08T13:37:42.296207,lunch,counter,2,false,
ORD-00531,2026-09-08T12:56:55,2026-09-08T12:58:33.689687,2026-09-08T13:06:29.985831,2026-09-08T13:09:51.000136,lunch,app,4,false,
ORD-00532,2026-09-08T13:53:20,2026-09-08T13:54:31.234862,2026-09-08T13:59:43.459042,2026-09-08T14:01:26.866380,lunch,app,3,false,
ORD-00533,2026-09-08T13:20:27,2026-09-08T13:21:35.087048,2026-09-08T13:33:49.917020,2026-09-08T13:36:05.169710,lunch,counter,3,false,
ORD-00534,2026-09-08T13:19:33,2026-09-08T13:20:19.033810,2026-09-08T13:31:27.608396,2026-09-08T13:33:17.187175,lunch,app,2,false,
ORD-00535,2026-09-08T14:07:15,2026-09-08T14:08:42.998938,2026-09-08T14:11:00.998938,2026-09-08T14:11:36.798412,lunch,app,1,false,
ORD-00536,2026-09-08T19:43:29,2026-09-08T19:44:58.237444,2026-09-08T19:55:49.331492,2026-09-08T19:57:21.767110,dinner,counter,3,false,
ORD-00537,2026-09-08T21:09:51,2026-09-08T21:10:31.663994,2026-09-08T21:13:09.220841,2026-09-08T21:14:37.274739,dinner,app,3,false,
ORD-00538,2026-09-08T19:30:54,2026-09-08T19:32:46.768318,2026-09-08T19:45:32.396453,2026-09-08T19:48:04.354782,dinner,counter,3,false,
ORD-00539,2026-09-08T21:16:57,2026-09-08T21:17:17.691201,2026-09-08T21:22:13.355443,2026-09-08T21:25:01.513344,dinner,counter,3,false,
ORD-00540,2026-09-08T19:37:25,2026-09-08T19:37:52.444016,2026-09-08T19:48:39.300045,2026-09-08T19:50:27.706819,dinner,counter,1,false,payment
ORD-00541,2026-09-08T19:16:45,2026-09-08T19:17:42.870340,2026-09-08T19:28:08.774225,2026-09-08T19:28:29.932592,dinner,app,1,false,kitchen_rework
ORD-00542,2026-09-08T19:17:33,2026-09-08T19:19:04.084524,2026-09-08T19:26:28.324689,2026-09-08T19:27:22.730636,dinner,counter,4,false,
ORD-00543,2026-09-08T21:16:12,2026-09-08T21:17:13.910035,2026-09-08T21:19:22.573108,2026-09-08T21:21:34.031764,dinner,counter,1,false,payment
ORD-00544,2026-09-08T19:24:22,2026-09-08T19:25:09.589323,2026-09-08T19:36:47.041748,2026-09-08T19:38:08.049040,dinner,counter,4,false,
ORD-00545,2026-09-08T19:29:31,2026-09-08T19:30:28.154897,2026-09-08T19:42:27.952397,2026-09-08T19:44:11.411022,dinner,counter,4,false,
ORD-00546,2026-09-08T20:18:46,2026-09-08T20:20:05.695020,2026-09-08T20:32:41.205381,2026-09-08T20:33:40.878882,dinner,counter,3,false,
ORD-00547,2026-09-08T19:07:55,2026-09-08T19:08:45.030640,2026-09-08T19:18:23.238479,2026-09-08T19:19:37.299711,dinner,app,1,false,
ORD-00548,2026-09-08T20:13:26,2026-09-08T20:14:44.584937,2026-09-08T20:26:00.569026,2026-09-08T20:28:16.536805,dinner,app,4,false,
ORD-00549,2026-09-08T20:35:05,2026-09-08T20:35:37.269582,2026-09-08T20:39:31.576640,2026-09-08T20:41:40.226709,dinner,app,3,false,stockout
ORD-00550,2026-09-08T19:39:51,2026-09-08T19:41:15.380330,2026-09-08T19:50:07.433263,2026-09-08T19:52:35.403727,dinner,app,2,false,
ORD-00551,2026-09-08T19:55:16,2026-09-08T19:56:37.595868,2026-09-08T20:05:26.594666,2026-09-08T20:08:46.431478,dinner,counter,3,false,
ORD-00552,2026-09-08T20:00:32,2026-09-08T20:01:55.050891,2026-09-08T20:11:09.309725,2026-09-08T20:13:38.570374,dinner,app,3,false,
ORD-00553,2026-09-08T19:50:16,2026-09-08T19:51:42.490732,2026-09-08T20:03:18.969025,2026-09-08T20:05:03.191751,dinner,counter,3,false,
ORD-00554,2026-09-08T19:56:45,2026-09-08T19:58:03.142033,2026-09-08T20:09:09.636564,2026-09-08T20:12:00.694602,dinner,counter,2,false,
ORD-00555,2026-09-08T20:58:16,2026-09-08T20:59:22.754346,2026-09-08T21:09:14.935435,2026-09-08T21:12:07.987887,dinner,app,2,false,
ORD-00556,2026-09-08T19:33:04,2026-09-08T19:34:28.741021,2026-09-08T19:44:51.286597,2026-09-08T19:46:41.028474,dinner,counter,3,false,
ORD-00557,2026-09-08T19:06:15,2026-09-08T19:06:48.304389,2026-09-08T19:15:36.824183,2026-09-08T19:17:22.847547,dinner,app,3,false,
ORD-00558,2026-09-08T21:04:55,2026-09-08T21:05:16.846042,2026-09-08T21:07:16.846042,2026-09-08T21:08:49.077139,dinner,app,3,false,
ORD-00559,2026-09-08T21:18:06,2026-09-08T21:18:18,2026-09-08T21:27:23.178178,2026-09-08T21:28:44.280188,dinner,counter,2,false,
ORD-00560,2026-09-08T21:28:33,2026-09-08T21:29:38.532669,2026-09-08T21:32:47.986617,2026-09-08T21:34:40.056226,dinner,app,2,false,
ORD-00561,2026-09-08T20:42:10,2026-09-08T20:43:11.132844,2026-09-08T20:45:11.132844,2026-09-08T20:45:29.132844,dinner,counter,4,false,
ORD-00562,2026-09-08T20:57:46,2026-09-08T20:58:53.274024,2026-09-08T21:05:01.148781,2026-09-08T21:07:55.575286,dinner,counter,2,false,
ORD-00563,2026-09-08T19:53:32,2026-09-08T19:55:19.645491,2026-09-08T20:05:52.210815,2026-09-08T20:07:26.284285,dinner,counter,2,false,
ORD-00564,2026-09-08T20:52:27,2026-09-08T20:53:01.674242,2026-09-08T21:04:09.092593,2026-09-08T21:06:02.766441,dinner,app,3,false,
ORD-00565,2026-09-08T19:19:04,2026-09-08T19:20:05.621300,2026-09-08T19:30:33.574766,2026-09-08T19:31:32.881504,dinner,app,4,false,
ORD-00566,2026-09-08T20:27:40,2026-09-08T20:29:24.560740,2026-09-08T20:42:13.316150,2026-09-08T20:44:08.540110,dinner,app,1,false,payment
ORD-00567,2026-09-08T20:13:32,2026-09-08T20:15:19.017334,2026-09-08T20:24:33.767466,2026-09-08T20:26:38.617014,dinner,counter,2,false,
ORD-00568,2026-09-08T19:57:51,2026-09-08T19:58:09.836368,2026-09-08T20:12:39.610920,2026-09-08T20:15:21.689164,dinner,app,3,false,
ORD-00569,2026-09-08T19:45:42,2026-09-08T19:46:37.103664,2026-09-08T20:00:05.682246,2026-09-08T20:03:19.388799,dinner,counter,1,false,
ORD-00570,2026-09-08T21:20:16,2026-09-08T21:21:53.426573,2026-09-08T21:31:07.692391,2026-09-08T21:33:27.089059,dinner,app,3,false,
ORD-00571,2026-09-08T20:33:41,2026-09-08T20:33:53,2026-09-08T20:38:01.788958,2026-09-08T20:39:13.925079,dinner,counter,1,false,
ORD-00572,2026-09-08T21:04:30,2026-09-08T21:05:28.308622,2026-09-08T21:13:05.899249,2026-09-08T21:15:38.722406,dinner,counter,2,false,stockout
ORD-00573,2026-09-08T20:03:47,2026-09-08T20:04:53.149981,2026-09-08T20:14:30.718442,2026-09-08T20:15:57.278997,dinner,app,4,false,
ORD-00574,2026-09-08T20:57:56,2026-09-08T20:59:06.274514,2026-09-08T21:01:53.016553,2026-09-08T21:05:39.000970,dinner,app,4,false,
ORD-00575,2026-09-08T19:09:12,2026-09-08T19:10:20.416296,2026-09-08T19:12:20.416296,2026-09-08T19:13:29.928336,dinner,counter,4,false,
ORD-00576,2026-09-08T19:00:31,2026-09-08T19:01:03.762742,2026-09-08T19:06:17.074920,2026-09-08T19:08:20.039981,dinner,app,3,false,
ORD-00577,2026-09-08T19:29:22,2026-09-08T19:30:45.351229,2026-09-08T19:33:10.594800,2026-09-08T19:33:45.481523,dinner,counter,2,false,payment
ORD-00578,2026-09-08T20:45:06,2026-09-08T20:45:58.207318,2026-09-08T20:51:58.133741,2026-09-08T20:52:32.051438,dinner,counter,4,false,
ORD-00579,2026-09-08T20:47:58,2026-09-08T20:48:45.676780,2026-09-08T21:01:06.508666,2026-09-08T21:02:00.529362,dinner,app,3,false,
ORD-00580,2026-09-08T19:51:44,2026-09-08T19:53:02.305615,2026-09-08T20:05:52.090955,2026-09-08T20:08:34.233675,dinner,app,1,false,
ORD-00581,2026-09-08T21:18:11,2026-09-08T21:18:46.372636,2026-09-08T21:27:55.722844,2026-09-08T21:28:47.723725,dinner,app,2,false,
ORD-00582,2026-09-08T21:05:49,2026-09-08T21:06:01,2026-09-08T21:09:45.919128,2026-09-08T21:11:50.642541,dinner,counter,4,false,
ORD-00583,2026-09-08T20:19:11,2026-09-08T20:19:50.090202,2026-09-08T20:32:46.079786,2026-09-08T20:34:38.347970,dinner,app,1,false,
ORD-00584,2026-09-08T20:27:59,2026-09-08T20:29:39.503517,2026-09-08T20:36:38.316675,2026-09-08T20:38:12.877179,dinner,counter,3,false,
ORD-00585,2026-09-08T19:51:45,2026-09-08T19:53:21.911280,2026-09-08T20:05:32.480346,,dinner,counter,1,true,
ORD-00586,2026-09-08T20:35:21,2026-09-08T20:36:42.015105,2026-09-08T20:47:46.255530,2026-09-08T20:48:19.875454,dinner,counter,3,false,
ORD-00587,2026-09-08T20:21:00,2026-09-08T20:22:45.033148,2026-09-08T20:34:43.874854,2026-09-08T20:37:15.173750,dinner,counter,2,false,
ORD-00588,2026-09-08T21:11:41,2026-09-08T21:11:56.283774,2026-09-08T21:16:53.708048,2026-09-08T21:17:11.708048,dinner,counter,2,false,
ORD-00589,2026-09-08T20:31:27,2026-09-08T20:32:01.314553,2026-09-08T20:39:13.539909,2026-09-08T20:40:43.280891,dinner,counter,2,false,
ORD-00590,2026-09-08T21:17:31,2026-09-08T21:17:43,2026-09-08T21:23:30.443505,2026-09-08T21:24:24.992612,dinner,counter,1,false,
ORD-00591,2026-09-08T19:34:22,2026-09-08T19:35:34.862273,2026-09-08T19:47:21.716643,2026-09-08T19:48:56.783505,dinner,counter,3,false,
ORD-00592,2026-09-08T20:05:22,2026-09-08T20:06:01.680822,2026-09-08T20:12:49.618162,2026-09-08T20:14:24.687275,dinner,app,2,false,
ORD-00593,2026-09-08T20:44:56,2026-09-08T20:46:16.525547,2026-09-08T20:53:14.196642,2026-09-08T20:54:08.652029,dinner,app,4,false,
ORD-00594,2026-09-08T19:59:42,2026-09-08T20:00:36.379369,2026-09-08T20:05:38.872863,2026-09-08T20:09:13.142316,dinner,counter,1,false,
ORD-00595,2026-09-08T20:20:50,2026-09-08T20:22:24.382803,2026-09-08T20:34:27.421428,2026-09-08T20:36:31.322867,dinner,counter,3,false,payment
ORD-00596,2026-09-08T19:23:42,2026-09-08T19:24:04.829366,2026-09-08T19:30:56.455581,2026-09-08T19:31:22.617623,dinner,app,4,false,
ORD-00597,2026-09-08T19:25:45,2026-09-08T19:25:57,2026-09-08T19:35:09.694478,,dinner,app,4,true,
ORD-00598,2026-09-08T19:27:41,2026-09-08T19:28:17.661428,2026-09-08T19:37:48.166570,2026-09-08T19:39:56.510705,dinner,counter,1,false,
ORD-00599,2026-09-08T19:46:13,2026-09-08T19:47:38.208620,2026-09-08T20:00:17.382642,2026-09-08T20:03:05.138303,dinner,app,2,false,
ORD-00600,2026-09-08T19:12:06,2026-09-08T19:13:27.278827,2026-09-08T19:18:23.748858,2026-09-08T19:20:11.784691,dinner,counter,4,false,
ORD-00601,2026-09-08T20:01:32,2026-09-08T20:02:53.579325,2026-09-08T20:06:38.726927,2026-09-08T20:07:04.763829,dinner,app,2,false,
ORD-00602,2026-09-08T19:46:50,2026-09-08T19:47:45.771302,2026-09-08T20:00:29.868530,2026-09-08T20:01:49.819794,dinner,counter,4,false,
ORD-00603,2026-09-08T21:18:39,2026-09-08T21:19:14.242812,2026-09-08T21:23:26.817087,2026-09-08T21:26:13.537491,dinner,counter,4,false,
ORD-00604,2026-09-08T21:25:00,2026-09-08T21:25:53.671898,2026-09-08T21:32:01.410264,2026-09-08T21:33:44.439250,dinner,app,2,false,
ORD-00605,2026-09-08T19:38:49,2026-09-08T19:40:33.776271,2026-09-08T19:49:31.373601,2026-09-08T19:50:41.669794,dinner,counter,3,false,
ORD-00606,2026-09-08T19:42:43,2026-09-08T19:43:38.396551,2026-09-08T19:49:10.260029,2026-09-08T19:51:16.408156,dinner,counter,1,false,
ORD-00607,2026-09-08T20:25:09,2026-09-08T20:26:49.805154,2026-09-08T20:34:24.839131,2026-09-08T20:37:27.370702,dinner,app,1,false,
ORD-00608,2026-09-08T20:50:57,2026-09-08T20:52:48.995526,2026-09-08T21:09:47.766634,2026-09-08T21:10:57.973129,dinner,app,1,false,kitchen_rework
ORD-00609,2026-09-08T21:12:10,2026-09-08T21:13:16.296322,2026-09-08T21:19:49.907764,2026-09-08T21:20:07.907764,dinner,counter,4,false,
ORD-00610,2026-09-08T21:22:17,2026-09-08T21:23:03.319215,2026-09-08T21:30:02.175015,2026-09-08T21:32:04.625747,dinner,counter,4,false,
ORD-00611,2026-09-08T19:04:22,2026-09-08T19:04:34,2026-09-08T19:11:23.674448,2026-09-08T19:11:47.028322,dinner,counter,3,false,payment
ORD-00612,2026-09-08T19:11:23,2026-09-08T19:12:15.030816,2026-09-08T19:17:57.639009,2026-09-08T19:19:09.509484,dinner,app,4,false,
ORD-00613,2026-09-08T19:18:56,2026-09-08T19:20:28.537999,2026-09-08T19:26:54.338449,2026-09-08T19:28:41.647184,dinner,counter,4,false,
ORD-00614,2026-09-08T21:14:44,2026-09-08T21:16:05.606738,2026-09-08T21:24:20.557199,2026-09-08T21:25:15.048650,dinner,app,1,false,
ORD-00615,2026-09-08T20:55:06,2026-09-08T20:55:44.227733,2026-09-08T21:02:52.837034,2026-09-08T21:03:26.852621,dinner,counter,3,false,
ORD-00616,2026-09-08T21:04:16,2026-09-08T21:04:38.573416,2026-09-08T21:08:22.841395,2026-09-08T21:09:35.674406,dinner,counter,4,false,
ORD-00617,2026-09-08T19:16:10,2026-09-08T19:17:16.090393,2026-09-08T19:23:49.601353,2026-09-08T19:24:07.601353,dinner,app,2,false,
ORD-00618,2026-09-08T21:20:46,2026-09-08T21:21:25.746498,2026-09-08T21:34:22.219775,2026-09-08T21:36:50.565621,dinner,app,4,false,
ORD-00619,2026-09-08T20:35:15,2026-09-08T20:35:41.055767,2026-09-08T20:41:10.408777,2026-09-08T20:42:45.346538,dinner,counter,2,false,
ORD-00620,2026-09-08T21:27:52,2026-09-08T21:28:44.318206,2026-09-08T21:34:33.810360,2026-09-08T21:34:51.810360,dinner,app,1,false,
ORD-00621,2026-09-08T20:41:15,2026-09-08T20:41:50.630559,2026-09-08T20:47:30.973367,2026-09-08T20:50:12.129532,dinner,counter,2,false,payment
ORD-00622,2026-09-08T20:09:10,2026-09-08T20:09:47.029918,2026-09-08T20:20:18.633552,2026-09-08T20:22:42.838164,dinner,counter,2,false,
ORD-00623,2026-09-08T20:34:03,2026-09-08T20:35:06.957413,2026-09-08T20:44:03.148262,2026-09-08T20:44:59.677393,dinner,counter,4,false,
ORD-00624,2026-09-08T20:41:08,2026-09-08T20:41:43.964086,2026-09-08T20:51:52.319872,2026-09-08T20:52:10.319872,dinner,app,3,false,
ORD-00625,2026-09-08T19:03:17,2026-09-08T19:03:29,2026-09-08T19:13:15.113950,2026-09-08T19:14:38.934590,dinner,app,1,false,
ORD-00626,2026-09-08T19:11:14,2026-09-08T19:11:51.791352,2026-09-08T19:15:56.988019,2026-09-08T19:16:48.294209,dinner,counter,3,false,
ORD-00627,2026-09-08T19:58:18,2026-09-08T19:59:33.893884,2026-09-08T20:03:57.352182,2026-09-08T20:06:11.661358,dinner,app,2,false,
ORD-00628,2026-09-08T19:14:00,2026-09-08T19:14:25.560657,2026-09-08T19:16:41.629837,2026-09-08T19:17:03.994437,dinner,counter,2,false,
ORD-00629,2026-09-08T19:34:21,2026-09-08T19:35:38.696143,2026-09-08T19:40:45.960771,2026-09-08T19:43:23.014131,dinner,app,1,false,
ORD-00630,2026-09-08T19:07:58,2026-09-08T19:08:20.184653,2026-09-08T19:11:08.344837,2026-09-08T19:11:59.241386,dinner,counter,4,false,
ORD-00631,2026-09-08T21:18:02,2026-09-08T21:18:21.428668,2026-09-08T21:25:47.332668,,dinner,counter,2,true,
ORD-00632,2026-09-08T19:17:37,2026-09-08T19:18:28.366393,2026-09-08T19:21:58.329389,2026-09-08T19:22:54.236395,dinner,app,1,false,
ORD-00633,2026-09-08T19:16:48,2026-09-08T19:17:49.839722,2026-09-08T19:22:18.022744,2026-09-08T19:22:56.689115,dinner,app,4,false,
ORD-00634,2026-09-08T21:07:41,2026-09-08T21:08:11.206603,2026-09-08T21:11:52.482550,2026-09-08T21:13:08.250263,dinner,app,3,false,payment
ORD-00635,2026-09-08T20:22:16,2026-09-08T20:23:25.214533,2026-09-08T20:34:19.054329,2026-09-08T20:34:49.370165,dinner,counter,4,false,stockout
ORD-00636,2026-09-08T20:01:18,2026-09-08T20:02:58.306916,2026-09-08T20:28:52.443530,2026-09-08T20:31:21.571560,dinner,counter,3,false,kitchen_rework
ORD-00637,2026-09-08T19:40:27,2026-09-08T19:42:01.194829,2026-09-08T19:54:45.531612,2026-09-08T19:56:22.698631,dinner,counter,2,false,
ORD-00638,2026-09-08T19:15:42,2026-09-08T19:16:49.267248,2026-09-08T19:19:47.580120,2026-09-08T19:22:11.098512,dinner,counter,1,false,
ORD-00639,2026-09-08T19:38:50,2026-09-08T19:40:09.632975,2026-09-08T19:49:40.550418,2026-09-08T19:51:47.686002,dinner,counter,2,false,
ORD-00640,2026-09-08T20:38:48,2026-09-08T20:39:31.687780,2026-09-08T20:45:09.509293,2026-09-08T20:47:06.822631,dinner,app,1,false,
ORD-00641,2026-09-08T20:20:36,2026-09-08T20:21:39.236889,2026-09-08T20:31:42.706453,2026-09-08T20:32:46.305489,dinner,app,2,false,
ORD-00642,2026-09-08T20:47:06,2026-09-08T20:48:02.968988,2026-09-08T20:52:08.050454,2026-09-08T20:52:26.050454,dinner,counter,4,false,
ORD-00643,2026-09-08T21:09:08,2026-09-08T21:10:23.326309,2026-09-08T21:20:17.089143,2026-09-08T21:22:07.407443,dinner,app,3,false,
ORD-00644,2026-09-08T20:34:42,2026-09-08T20:34:59.877728,2026-09-08T20:40:19.893494,2026-09-08T20:41:41.281044,dinner,app,3,false,
ORD-00645,2026-09-08T20:16:35,2026-09-08T20:17:55.440400,2026-09-08T20:26:02.081873,2026-09-08T20:28:55.005011,dinner,counter,1,false,
ORD-00646,2026-09-08T20:45:25,2026-09-08T20:45:56.205730,2026-09-08T20:55:43.537979,2026-09-08T20:57:15.086444,dinner,app,1,false,
ORD-00647,2026-09-08T20:13:41,2026-09-08T20:14:54.560019,2026-09-08T20:26:11.047874,2026-09-08T20:29:03.018276,dinner,app,4,false,
ORD-00648,2026-09-08T19:28:16,2026-09-08T19:28:40.471819,2026-09-08T19:35:53.333511,2026-09-08T19:37:13.015416,dinner,counter,2,false,
ORD-00649,2026-09-08T19:46:59,2026-09-08T19:48:39.118047,2026-09-08T19:59:16.571275,2026-09-08T20:02:11.707499,dinner,counter,3,false,
ORD-00650,2026-09-08T21:02:09,2026-09-08T21:02:21,2026-09-08T21:09:23.678915,,dinner,app,1,true,stockout
ORD-00651,2026-09-09T09:40:29,2026-09-09T09:41:13.379719,2026-09-09T09:46:27.679140,2026-09-09T09:48:29.442878,breakfast,counter,3,false,
ORD-00652,2026-09-09T08:20:32,2026-09-09T08:20:44,2026-09-09T08:31:56.217584,2026-09-09T08:34:17.521104,breakfast,app,3,false,
ORD-00653,2026-09-09T09:21:46,2026-09-09T09:22:56.328158,2026-09-09T09:32:12.940476,2026-09-09T09:33:40.075804,breakfast,app,4,false,
ORD-00654,2026-09-09T09:03:23,2026-09-09T09:04:38.923039,2026-09-09T09:17:06.450843,2026-09-09T09:19:11.173391,breakfast,counter,3,false,
ORD-00655,2026-09-09T09:08:50,2026-09-09T09:09:47.898359,2026-09-09T09:27:31.925099,,breakfast,counter,1,true,
ORD-00656,2026-09-09T09:47:34,2026-09-09T09:47:46,2026-09-09T09:53:50.059614,2026-09-09T09:55:20.107799,breakfast,app,3,false,
ORD-00657,2026-09-09T08:14:23,2026-09-09T08:15:24.223159,2026-09-09T08:22:27.218175,2026-09-09T08:23:39.184851,breakfast,app,1,false,stockout
ORD-00658,2026-09-09T09:27:57,2026-09-09T09:29:02.201188,2026-09-09T09:35:38.926510,2026-09-09T09:38:13.114221,breakfast,app,3,false,
ORD-00659,2026-09-09T09:24:11,2026-09-09T09:25:49.862594,2026-09-09T09:35:35.694640,2026-09-09T09:37:44.717368,breakfast,counter,2,false,
ORD-00660,2026-09-09T09:54:05,2026-09-09T09:55:40.055539,2026-09-09T10:02:46.510737,2026-09-09T10:03:23.869199,breakfast,app,2,false,
ORD-00661,2026-09-09T09:57:53,2026-09-09T09:58:05,2026-09-09T10:10:06.689308,2026-09-09T10:10:24.689308,breakfast,app,4,false,
ORD-00662,2026-09-09T09:25:00,2026-09-09T09:26:30.549028,2026-09-09T09:42:38.042850,2026-09-09T09:43:37.977393,breakfast,app,3,false,
ORD-00663,2026-09-09T09:33:27,2026-09-09T09:35:00.661640,2026-09-09T09:44:50.480404,2026-09-09T09:45:49.905141,breakfast,app,2,false,
ORD-00664,2026-09-09T09:00:02,2026-09-09T09:01:01.571297,2026-09-09T09:13:58.241751,2026-09-09T09:17:26.791035,breakfast,counter,1,false,
ORD-00665,2026-09-09T08:05:51,2026-09-09T08:06:08.640653,2026-09-09T08:15:36.714047,2026-09-09T08:17:59.803048,breakfast,app,2,false,
ORD-00666,2026-09-09T09:54:28,2026-09-09T09:55:04.638061,2026-09-09T10:10:52.391183,2026-09-09T10:11:52.106975,breakfast,counter,1,false,kitchen_rework
ORD-00667,2026-09-09T08:34:36,2026-09-09T08:35:42.613706,2026-09-09T08:47:30.116935,2026-09-09T08:50:05.282020,breakfast,app,2,false,
ORD-00668,2026-09-09T08:22:13,2026-09-09T08:23:41.159675,2026-09-09T08:32:16.440547,2026-09-09T08:33:05.565048,breakfast,app,2,false,
ORD-00669,2026-09-09T08:18:23,2026-09-09T08:18:38.859046,2026-09-09T08:33:35.754334,2026-09-09T08:34:26.208914,breakfast,counter,1,false,
ORD-00670,2026-09-09T08:10:56,2026-09-09T08:11:18.402856,2026-09-09T08:18:32.368807,2026-09-09T08:19:46.988502,breakfast,counter,1,false,
ORD-00671,2026-09-09T09:42:51,2026-09-09T09:44:10.215569,2026-09-09T09:47:25.141124,2026-09-09T09:47:43.834240,breakfast,app,1,false,
ORD-00672,2026-09-09T09:34:34,2026-09-09T09:35:41.299422,2026-09-09T09:42:36.538785,2026-09-09T09:42:54.538785,breakfast,app,4,false,
ORD-00673,2026-09-09T09:03:53,2026-09-09T09:05:30.696730,2026-09-09T09:16:03.737850,2026-09-09T09:17:24.907264,breakfast,app,3,false,
ORD-00674,2026-09-09T08:26:28,2026-09-09T08:26:53.858329,2026-09-09T08:38:19.248329,2026-09-09T08:39:21.975066,breakfast,counter,4,false,
ORD-00675,2026-09-09T08:39:09,2026-09-09T08:40:41.028101,2026-09-09T08:53:06.623795,2026-09-09T08:54:31.567488,breakfast,counter,1,false,
ORD-00676,2026-09-09T08:34:10,2026-09-09T08:35:09.296893,2026-09-09T08:42:15.422504,2026-09-09T08:44:16.380655,breakfast,app,4,false,
ORD-00677,2026-09-09T09:44:33,2026-09-09T09:46:01.972183,2026-09-09T09:52:32.096696,2026-09-09T09:53:29.935544,breakfast,app,3,false,payment
ORD-00678,2026-09-09T08:33:51,2026-09-09T08:34:48.425789,2026-09-09T08:45:06.976066,2026-09-09T08:48:33.749557,breakfast,app,1,false,
ORD-00679,2026-09-09T09:41:02,2026-09-09T09:41:59.708428,2026-09-09T09:50:13.043244,2026-09-09T09:51:26.731760,breakfast,app,2,false,
ORD-00680,2026-09-09T09:29:32,2026-09-09T09:30:48.684334,2026-09-09T09:43:23.173742,2026-09-09T09:45:27.949872,breakfast,app,4,false,
ORD-00681,2026-09-09T08:02:48,2026-09-09T08:04:02.749849,2026-09-09T08:13:58.132120,,breakfast,app,3,true,
ORD-00682,2026-09-09T08:28:08,2026-09-09T08:29:04.043525,2026-09-09T08:32:30.441242,2026-09-09T08:33:23.624504,breakfast,app,3,false,stockout
ORD-00683,2026-09-09T09:30:28,2026-09-09T09:31:13.457279,2026-09-09T09:50:01.574599,2026-09-09T09:52:03.399530,breakfast,app,1,false,
ORD-00684,2026-09-09T08:23:59,2026-09-09T08:25:05.045495,2026-09-09T08:38:24.959434,2026-09-09T08:39:23.612042,breakfast,counter,2,false,
ORD-00685,2026-09-09T09:47:20,2026-09-09T09:47:57.917752,2026-09-09T09:53:21.064216,2026-09-09T09:54:56.458465,breakfast,app,4,false,
ORD-00686,2026-09-09T08:47:41,2026-09-09T08:48:38.777641,2026-09-09T08:51:40.611110,2026-09-09T08:53:39.305395,breakfast,app,1,false,stockout
ORD-00687,2026-09-09T09:45:18,2026-09-09T09:45:45.590949,2026-09-09T10:03:13.996723,2026-09-09T10:03:46.613285,breakfast,app,3,false,
ORD-00688,2026-09-09T09:14:01,2026-09-09T09:14:50.931919,2026-09-09T09:26:28.394161,2026-09-09T09:29:10.012931,breakfast,counter,4,false,
ORD-00689,2026-09-09T09:55:12,2026-09-09T09:56:05.414685,2026-09-09T10:07:56.647008,2026-09-09T10:09:22.180543,breakfast,counter,1,false,
ORD-00690,2026-09-09T09:57:54,2026-09-09T09:58:31.122632,2026-09-09T10:09:35.607739,2026-09-09T10:11:25.209233,breakfast,app,1,false,
ORD-00691,2026-09-09T09:33:51,2026-09-09T09:35:14.845310,2026-09-09T09:44:33.271956,2026-09-09T09:45:04.268360,breakfast,app,2,false,
ORD-00692,2026-09-09T09:26:41,2026-09-09T09:27:50.988407,2026-09-09T09:38:18.151650,2026-09-09T09:39:09.470073,breakfast,counter,4,false,
ORD-00693,2026-09-09T09:52:34,2026-09-09T09:52:53.778313,2026-09-09T09:58:47.621275,2026-09-09T09:59:11.749923,breakfast,app,4,false,
ORD-00694,2026-09-09T08:22:11,2026-09-09T08:22:23,2026-09-09T08:35:13.294477,2026-09-09T08:36:52.661956,breakfast,counter,2,false,
ORD-00695,2026-09-09T08:44:13,2026-09-09T08:45:46.392707,2026-09-09T08:54:58.793120,2026-09-09T08:56:17.785417,breakfast,counter,2,false,
ORD-00696,2026-09-09T08:36:54,2026-09-09T08:37:56.511098,2026-09-09T08:49:52.399016,2026-09-09T08:51:58.503651,breakfast,counter,1,false,
ORD-00697,2026-09-09T09:52:27,2026-09-09T09:53:28.522890,2026-09-09T10:17:48.735789,2026-09-09T10:19:01.953243,breakfast,counter,3,false,kitchen_rework
ORD-00698,2026-09-09T09:16:07,2026-09-09T09:17:29.336191,2026-09-09T09:28:46.301215,2026-09-09T09:30:09.729363,breakfast,counter,3,false,
ORD-00699,2026-09-09T09:37:34,2026-09-09T09:38:27.947264,2026-09-09T09:52:57.349773,,breakfast,app,3,true,
ORD-00700,2026-09-09T09:09:47,2026-09-09T09:11:23.878531,2026-09-09T09:17:12.884539,2026-09-09T09:19:08.140407,breakfast,app,2,false,
ORD-00701,2026-09-09T08:03:38,2026-09-09T08:04:30.196278,2026-09-09T08:08:26.931912,2026-09-09T08:08:44.931912,breakfast,app,4,false,
ORD-00702,2026-09-09T08:31:18,2026-09-09T08:33:10.213185,2026-09-09T08:48:17.856688,2026-09-09T08:50:30.888459,breakfast,app,2,false,
ORD-00703,2026-09-09T08:03:46,2026-09-09T08:03:58,2026-09-09T08:10:05.250819,2026-09-09T08:11:15.377559,breakfast,counter,1,false,payment
ORD-00704,2026-09-09T09:24:48,2026-09-09T09:26:41.955223,2026-09-09T09:43:07.692121,2026-09-09T09:44:05.979012,breakfast,counter,3,false,
ORD-00705,2026-09-09T09:01:29,2026-09-09T09:02:46.277465,2026-09-09T09:11:56.857388,2026-09-09T09:14:00.877995,breakfast,counter,3,false,
ORD-00706,2026-09-09T09:54:26,2026-09-09T09:55:21.234709,2026-09-09T10:05:27.647257,2026-09-09T10:06:42.660941,breakfast,counter,2,false,
ORD-00707,2026-09-09T09:52:54,2026-09-09T09:53:06,2026-09-09T10:03:05.046058,2026-09-09T10:04:31.074358,breakfast,counter,4,false,
ORD-00708,2026-09-09T09:35:24,2026-09-09T09:35:54.828120,2026-09-09T09:42:58.169771,2026-09-09T09:44:02.205472,breakfast,counter,1,false,stockout
ORD-00709,2026-09-09T09:42:26,2026-09-09T09:43:49.304579,2026-09-09T09:47:34.783767,2026-09-09T09:49:29.437552,breakfast,counter,3,false,
ORD-00710,2026-09-09T09:11:46,2026-09-09T09:12:31.823029,2026-09-09T09:24:45.055685,2026-09-09T09:26:47.544792,breakfast,app,4,false,
ORD-00711,2026-09-09T09:56:31,2026-09-09T09:57:24.710364,2026-09-09T10:01:25.465170,2026-09-09T10:02:53.156103,breakfast,counter,2,false,
ORD-00712,2026-09-09T08:01:13,2026-09-09T08:02:32.125940,2026-09-09T08:09:06.430276,2026-09-09T08:10:50.495856,breakfast,counter,3,false,
ORD-00713,2026-09-09T08:16:57,2026-09-09T08:17:39.349046,2026-09-09T08:27:55.663880,2026-09-09T08:29:19.205184,breakfast,app,4,false,
ORD-00714,2026-09-09T08:48:11,2026-09-09T08:49:39.810851,2026-09-09T09:03:49.425715,2026-09-09T09:05:57.266766,breakfast,counter,2,false,
ORD-00715,2026-09-09T08:45:32,2026-09-09T08:46:59.329195,2026-09-09T08:54:41.042270,2026-09-09T08:58:18.467736,breakfast,counter,4,false,
ORD-00716,2026-09-09T08:01:55,2026-09-09T08:02:53.320678,2026-09-09T08:13:21.590245,2026-09-09T08:14:49.901489,breakfast,app,4,false,
ORD-00717,2026-09-09T08:42:17,2026-09-09T08:43:47.484498,2026-09-09T08:57:52.999994,2026-09-09T09:00:25.377199,breakfast,counter,2,false,
ORD-00718,2026-09-09T09:53:38,2026-09-09T09:54:11.335852,2026-09-09T10:03:10.180298,2026-09-09T10:04:53.699146,breakfast,counter,2,false,
ORD-00719,2026-09-09T09:46:53,2026-09-09T09:47:37.291386,2026-09-09T10:01:37.855433,2026-09-09T10:01:55.855433,breakfast,counter,4,false,
ORD-00720,2026-09-09T09:50:44,2026-09-09T09:51:44.439142,2026-09-09T09:59:25.829525,2026-09-09T10:01:13.749965,breakfast,counter,2,false,
ORD-00721,2026-09-09T08:05:06,2026-09-09T08:05:29.255954,2026-09-09T08:15:04.139968,2026-09-09T08:15:22.139968,breakfast,app,4,false,
ORD-00722,2026-09-09T09:55:28,2026-09-09T09:56:27.560208,2026-09-09T10:18:03.431145,2026-09-09T10:18:54.186139,breakfast,app,1,false,kitchen_rework
ORD-00723,2026-09-09T08:10:25,2026-09-09T08:11:58.278566,2026-09-09T08:15:16.671247,2026-09-09T08:15:54.283932,breakfast,counter,4,false,
ORD-00724,2026-09-09T08:36:31,2026-09-09T08:37:40.497185,2026-09-09T08:59:26.903527,2026-09-09T09:02:29.576821,breakfast,app,4,false,kitchen_rework
ORD-00725,2026-09-09T08:57:28,2026-09-09T08:59:10.630730,2026-09-09T09:14:09.945509,2026-09-09T09:15:20.895615,breakfast,counter,2,false,
ORD-00726,2026-09-09T08:33:49,2026-09-09T08:35:46.797089,2026-09-09T08:44:06.950024,2026-09-09T08:46:32.810260,breakfast,counter,2,false,
ORD-00727,2026-09-09T09:45:56,2026-09-09T09:46:32.111119,2026-09-09T09:48:50.111119,2026-09-09T09:50:29.012398,breakfast,counter,3,false,
ORD-00728,2026-09-09T08:12:04,2026-09-09T08:13:20.981317,2026-09-09T08:17:44.810432,2026-09-09T08:18:42.038049,breakfast,app,3,false,
ORD-00729,2026-09-09T09:18:05,2026-09-09T09:19:18.014668,2026-09-09T09:47:45.652369,2026-09-09T09:49:46.986001,breakfast,app,1,false,kitchen_rework
ORD-00730,2026-09-09T08:04:14,2026-09-09T08:05:13.506139,2026-09-09T08:10:29.505986,2026-09-09T08:11:08.525525,breakfast,app,4,false,
ORD-00731,2026-09-09T09:16:11,2026-09-09T09:17:08.078479,2026-09-09T09:27:31.999343,2026-09-09T09:29:46.699028,breakfast,app,2,false,
ORD-00732,2026-09-09T09:59:25,2026-09-09T09:59:54.711440,2026-09-09T10:05:30.932433,2026-09-09T10:06:39.955047,breakfast,app,3,false,
ORD-00733,2026-09-09T08:40:46,2026-09-09T08:42:02.638392,2026-09-09T08:51:04.071993,2026-09-09T08:53:46.690285,breakfast,app,3,false,
ORD-00734,2026-09-09T09:22:04,2026-09-09T09:23:09.334052,2026-09-09T09:39:27.886951,2026-09-09T09:41:05.877698,breakfast,app,2,false,
ORD-00735,2026-09-09T09:59:21,2026-09-09T10:00:01.184100,2026-09-09T10:06:15.669436,2026-09-09T10:08:10.565337,breakfast,counter,3,false,
ORD-00736,2026-09-09T12:13:52,2026-09-09T12:14:27.492568,2026-09-09T12:20:52.142425,2026-09-09T12:22:53.398423,lunch,counter,3,false,
ORD-00737,2026-09-09T13:40:28,2026-09-09T13:41:08.563534,2026-09-09T13:48:11.539731,2026-09-09T13:49:27.923099,lunch,app,4,false,
ORD-00738,2026-09-09T13:14:43,2026-09-09T13:16:26.376452,2026-09-09T13:26:56.590471,2026-09-09T13:27:58.240760,lunch,app,1,false,
ORD-00739,2026-09-09T13:02:25,2026-09-09T13:03:52.514918,2026-09-09T13:15:48.298400,2026-09-09T13:19:26.137625,lunch,counter,2,false,
ORD-00740,2026-09-09T12:24:01,2026-09-09T12:24:13,2026-09-09T12:30:07.178184,2026-09-09T12:31:52.926131,lunch,counter,2,false,
ORD-00741,2026-09-09T14:28:11,2026-09-09T14:28:55.310902,2026-09-09T14:35:54.493318,2026-09-09T14:37:10.741986,lunch,app,2,false,
ORD-00742,2026-09-09T12:47:23,2026-09-09T12:48:27.153353,2026-09-09T12:57:59.974088,2026-09-09T12:59:49.023366,lunch,counter,1,false,
ORD-00743,2026-09-09T12:57:46,2026-09-09T12:58:55.524118,2026-09-09T13:07:38.894850,2026-09-09T13:09:59.234308,lunch,app,3,false,
ORD-00744,2026-09-09T12:41:53,2026-09-09T12:42:33.643595,2026-09-09T12:46:50.455217,2026-09-09T12:48:17.075926,lunch,counter,3,false,
ORD-00745,2026-09-09T13:32:37,2026-09-09T13:33:17.023452,2026-09-09T13:39:04.439139,2026-09-09T13:40:01.772050,lunch,counter,4,false,
ORD-00746,2026-09-09T12:31:44,2026-09-09T12:33:01.757153,2026-09-09T12:46:58.162220,2026-09-09T12:49:41.820022,lunch,app,4,false,
ORD-00747,2026-09-09T12:46:07,2026-09-09T12:47:30.276889,2026-09-09T12:58:29.891812,2026-09-09T13:01:56.608558,lunch,app,2,false,
ORD-00748,2026-09-09T13:56:03,2026-09-09T13:57:07.498945,2026-09-09T14:04:10.268817,2026-09-09T14:05:47.610639,lunch,app,2,false,
ORD-00749,2026-09-09T13:36:09,2026-09-09T13:36:51.157839,2026-09-09T13:42:31.446276,2026-09-09T13:44:07.228971,lunch,counter,1,false,
ORD-00750,2026-09-09T13:59:32,2026-09-09T14:01:15.283722,2026-09-09T14:03:46.290759,2026-09-09T14:05:26.131817,lunch,app,4,false,
ORD-00751,2026-09-09T12:09:45,2026-09-09T12:10:51.653518,2026-09-09T12:21:32.994646,2026-09-09T12:21:50.994646,lunch,app,1,false,payment
ORD-00752,2026-09-09T13:45:23,2026-09-09T13:46:03.166414,2026-09-09T13:51:39.988428,2026-09-09T13:52:43.030791,lunch,counter,1,false,
ORD-00753,2026-09-09T13:27:03,2026-09-09T13:28:06.906196,2026-09-09T13:40:41.628875,2026-09-09T13:41:53.508981,lunch,counter,2,false,
ORD-00754,2026-09-09T12:35:57,2026-09-09T12:37:44.976272,2026-09-09T12:48:48.950105,2026-09-09T12:50:58.378038,lunch,counter,2,false,
ORD-00755,2026-09-09T13:52:24,2026-09-09T13:53:56.305194,2026-09-09T13:58:20.207377,2026-09-09T13:58:38.207377,lunch,app,3,false,stockout
ORD-00756,2026-09-09T13:31:49,2026-09-09T13:32:49.059246,2026-09-09T13:43:52.910942,2026-09-09T13:45:14.829801,lunch,counter,4,false,
ORD-00757,2026-09-09T13:17:07,2026-09-09T13:18:28.934869,2026-09-09T13:26:53.157810,2026-09-09T13:28:31.410242,lunch,app,3,false,
ORD-00758,2026-09-09T12:36:03,2026-09-09T12:37:50.649943,2026-09-09T12:44:20.412860,2026-09-09T12:45:34.720954,lunch,counter,3,false,
ORD-00759,2026-09-09T13:55:14,2026-09-09T13:55:57.620421,2026-09-09T14:05:42.475922,2026-09-09T14:07:44.158494,lunch,counter,3,false,
ORD-00760,2026-09-09T13:44:41,2026-09-09T13:45:47.973611,2026-09-09T13:52:25.274365,2026-09-09T13:52:43.274365,lunch,counter,2,false,
ORD-00761,2026-09-09T14:13:19,2026-09-09T14:13:31,2026-09-09T14:22:02.857880,2026-09-09T14:23:42.367233,lunch,counter,1,false,
ORD-00762,2026-09-09T12:36:27,2026-09-09T12:37:27.411513,2026-09-09T12:46:05.072280,2026-09-09T12:47:32.886460,lunch,app,4,false,
ORD-00763,2026-09-09T13:54:20,2026-09-09T13:55:13.402187,2026-09-09T14:06:45.808156,2026-09-09T14:08:09.572315,lunch,app,2,false,stockout
ORD-00764,2026-09-09T14:21:40,2026-09-09T14:23:05.235722,2026-09-09T14:26:18.109482,2026-09-09T14:26:49.295684,lunch,app,4,false,
ORD-00765,2026-09-09T12:33:04,2026-09-09T12:34:46.550947,2026-09-09T12:42:52.783933,2026-09-09T12:45:34.174625,lunch,counter,3,false,
ORD-00766,2026-09-09T12:17:16,2026-09-09T12:18:24.355711,2026-09-09T12:25:50.423568,2026-09-09T12:26:35.540171,lunch,app,3,false,
ORD-00767,2026-09-09T13:01:37,2026-09-09T13:02:44.621366,2026-09-09T13:10:10.331207,2026-09-09T13:11:52.614486,lunch,counter,4,false,
ORD-00768,2026-09-09T13:14:30,2026-09-09T13:16:00.833902,2026-09-09T13:26:17.227167,2026-09-09T13:29:51.406385,lunch,counter,1,false,
ORD-00769,2026-09-09T13:44:08,2026-09-09T13:45:50.903417,2026-09-09T13:52:09.066006,2026-09-09T13:53:06.831160,lunch,counter,3,false,
ORD-00770,2026-09-09T14:16:35,2026-09-09T14:17:38.755631,2026-09-09T14:20:26.586148,2026-09-09T14:21:44.373486,lunch,app,3,false,
ORD-00771,2026-09-09T12:51:07,2026-09-09T12:51:33.018022,2026-09-09T12:57:50.638588,2026-09-09T12:59:08.938749,lunch,app,2,false,
ORD-00772,2026-09-09T12:22:37,2026-09-09T12:24:36.213716,2026-09-09T12:32:30.427841,2026-09-09T12:35:21.669963,lunch,app,3,false,
ORD-00773,2026-09-09T12:30:04,2026-09-09T12:31:34.711966,2026-09-09T12:39:47.719486,2026-09-09T12:41:23.875772,lunch,counter,2,false,
ORD-00774,2026-09-09T13:22:55,2026-09-09T13:24:05.935377,2026-09-09T13:32:36.890420,2026-09-09T13:33:48.907375,lunch,app,1,false,
ORD-00775,2026-09-09T13:21:47,2026-09-09T13:22:50.005844,2026-09-09T13:29:56.461148,2026-09-09T13:34:06.589624,lunch,app,1,false,
ORD-00776,2026-09-09T12:28:48,2026-09-09T12:29:14.554609,2026-09-09T12:39:41.643767,2026-09-09T12:40:47.042295,lunch,counter,1,false,
ORD-00777,2026-09-09T12:17:45,2026-09-09T12:18:45.641714,2026-09-09T12:26:54.115297,2026-09-09T12:28:27.079085,lunch,counter,4,false,
ORD-00778,2026-09-09T13:01:58,2026-09-09T13:03:10.221089,2026-09-09T13:16:39.135616,2026-09-09T13:18:41.720021,lunch,counter,2,false,
ORD-00779,2026-09-09T12:26:10,2026-09-09T12:26:28.454109,2026-09-09T12:29:21.254857,2026-09-09T12:29:49.263295,lunch,counter,2,false,
ORD-00780,2026-09-09T12:12:09,2026-09-09T12:13:21.045983,2026-09-09T12:19:00.831594,2026-09-09T12:21:10.528317,lunch,counter,1,false,payment
ORD-00781,2026-09-09T12:15:12,2026-09-09T12:16:02.432919,2026-09-09T12:24:04.446112,2026-09-09T12:25:40.560495,lunch,app,1,false,
ORD-00782,2026-09-09T13:39:20,2026-09-09T13:40:03.183816,2026-09-09T13:46:23.558266,2026-09-09T13:46:53.231003,lunch,counter,1,false,
ORD-00783,2026-09-09T14:06:03,2026-09-09T14:06:32.708052,2026-09-09T14:14:36.666445,2026-09-09T14:16:49.274649,lunch,counter,1,false,
ORD-00784,2026-09-09T13:25:16,2026-09-09T13:26:05.371309,2026-09-09T13:41:36.817330,2026-09-09T13:43:10.512171,lunch,counter,4,false,
ORD-00785,2026-09-09T14:23:47,2026-09-09T14:25:13.959532,2026-09-09T14:33:46.688004,2026-09-09T14:35:09.780895,lunch,app,4,false,payment
ORD-00786,2026-09-09T12:26:02,2026-09-09T12:26:15.027055,2026-09-09T12:31:27.573118,2026-09-09T12:34:06.382589,lunch,app,3,false,
ORD-00787,2026-09-09T12:38:59,2026-09-09T12:40:18.816781,2026-09-09T12:47:25.005976,2026-09-09T12:49:07.343790,lunch,counter,2,false,
ORD-00788,2026-09-09T12:01:49,2026-09-09T12:02:48.236621,2026-09-09T12:06:30.494527,,lunch,app,1,true,
ORD-00789,2026-09-09T12:59:45,2026-09-09T13:01:16.994790,2026-09-09T13:11:50.317743,2026-09-09T13:14:19.986316,lunch,counter,4,false,
ORD-00790,2026-09-09T12:36:20,2026-09-09T12:38:14.201955,2026-09-09T12:48:05.695695,2026-09-09T12:51:09.037677,lunch,counter,4,false,
ORD-00791,2026-09-09T13:17:11,2026-09-09T13:18:38.701237,2026-09-09T13:27:12.077185,2026-09-09T13:29:38.105886,lunch,app,1,false,
ORD-00792,2026-09-09T12:16:30,2026-09-09T12:17:32.773690,2026-09-09T12:24:09.138518,2026-09-09T12:25:38.612628,lunch,counter,1,false,
ORD-00793,2026-09-09T12:16:58,2026-09-09T12:18:13.576277,2026-09-09T12:22:21.725907,2026-09-09T12:23:12.715378,lunch,counter,4,false,
ORD-00794,2026-09-09T12:16:40,2026-09-09T12:17:15.844987,2026-09-09T12:22:19.435915,2026-09-09T12:23:02.794727,lunch,counter,3,false,
ORD-00795,2026-09-09T13:48:53,2026-09-09T13:49:51.158249,2026-09-09T13:57:20.638064,2026-09-09T13:59:43.113830,lunch,counter,1,false,
ORD-00796,2026-09-09T13:12:11,2026-09-09T13:13:43.378466,2026-09-09T13:25:05.925083,2026-09-09T13:26:48.063257,lunch,counter,1,false,
ORD-00797,2026-09-09T13:24:37,2026-09-09T13:25:49.626468,2026-09-09T13:32:58.724166,2026-09-09T13:33:54.792207,lunch,app,2,false,
ORD-00798,2026-09-09T12:03:06,2026-09-09T12:04:02.770613,2026-09-09T12:20:00.939316,2026-09-09T12:20:18.939316,lunch,app,1,false,kitchen_rework
ORD-00799,2026-09-09T12:32:15,2026-09-09T12:33:12.122475,2026-09-09T12:40:48.300896,2026-09-09T12:43:25.429899,lunch,app,2,false,
ORD-00800,2026-09-09T14:13:22,2026-09-09T14:14:21.227959,2026-09-09T14:20:39.652917,2026-09-09T14:22:10.586292,lunch,app,4,false,
ORD-00801,2026-09-09T14:05:18,2026-09-09T14:06:27.743853,2026-09-09T14:08:27.743853,2026-09-09T14:10:18.940546,lunch,counter,3,false,
ORD-00802,2026-09-09T14:21:32,2026-09-09T14:22:08.568770,2026-09-09T14:30:25.122271,2026-09-09T14:30:43.122271,lunch,app,1,false,stockout
ORD-00803,2026-09-09T13:37:29,2026-09-09T13:38:35.350817,2026-09-09T13:50:07.450359,2026-09-09T13:51:38.246809,lunch,app,1,false,
ORD-00804,2026-09-09T13:47:57,2026-09-09T13:48:22.238539,2026-09-09T13:51:18.517210,2026-09-09T13:51:36.517210,lunch,app,2,false,
ORD-00805,2026-09-09T13:34:11,2026-09-09T13:35:31.983394,2026-09-09T13:47:25.002734,2026-09-09T13:49:17.345889,lunch,app,2,false,
ORD-00806,2026-09-09T12:23:04,2026-09-09T12:24:14.319428,2026-09-09T12:35:21.587425,2026-09-09T12:36:30.717139,lunch,app,1,false,
ORD-00807,2026-09-09T13:57:36,2026-09-09T13:58:58.072096,2026-09-09T14:06:39.960277,2026-09-09T14:08:10.330821,lunch,app,4,false,
ORD-00808,2026-09-09T13:44:53,2026-09-09T13:45:18.416372,2026-09-09T13:49:29.270397,2026-09-09T13:50:40.263079,lunch,counter,1,false,stockout
ORD-00809,2026-09-09T13:44:07,2026-09-09T13:44:46.348291,2026-09-09T13:55:53.639022,2026-09-09T13:57:33.602412,lunch,app,2,false,
ORD-00810,2026-09-09T13:35:56,2026-09-09T13:36:46.679615,2026-09-09T13:43:06.578903,2026-09-09T13:45:16.143802,lunch,app,1,false,
ORD-00811,2026-09-09T13:17:43,2026-09-09T13:18:27.350968,2026-09-09T13:31:04.106124,2026-09-09T13:31:22.106124,lunch,counter,2,false,
ORD-00812,2026-09-09T12:01:56,2026-09-09T12:02:34.703832,2026-09-09T12:05:49.364904,2026-09-09T12:06:07.364904,lunch,app,1,false,
ORD-00813,2026-09-09T12:21:36,2026-09-09T12:22:31.788590,2026-09-09T12:31:50.241565,2026-09-09T12:34:17.586892,lunch,app,3,false,
ORD-00814,2026-09-09T12:07:10,2026-09-09T12:07:37.003490,2026-09-09T12:16:16.949906,2026-09-09T12:17:08.113653,lunch,app,3,false,
ORD-00815,2026-09-09T13:47:51,2026-09-09T13:49:09.952191,2026-09-09T14:05:47.959816,2026-09-09T14:06:18.123638,lunch,counter,4,false,kitchen_rework
ORD-00816,2026-09-09T12:31:29,2026-09-09T12:32:50.755003,2026-09-09T12:44:00.121828,2026-09-09T12:47:30.001760,lunch,counter,2,false,
ORD-00817,2026-09-09T14:24:17,2026-09-09T14:25:10.407186,2026-09-09T14:29:30.263606,,lunch,counter,3,true,
ORD-00818,2026-09-09T12:45:28,2026-09-09T12:46:42.870506,2026-09-09T13:00:06.741719,2026-09-09T13:01:46.674990,lunch,app,2,false,
ORD-00819,2026-09-09T12:25:48,2026-09-09T12:26:34.343000,2026-09-09T12:43:50.584436,2026-09-09T12:44:46.568862,lunch,counter,1,false,kitchen_rework
ORD-00820,2026-09-09T14:21:46,2026-09-09T14:22:52.562258,2026-09-09T14:28:11.507317,2026-09-09T14:28:29.507317,lunch,app,2,false,
ORD-00821,2026-09-09T12:04:57,2026-09-09T12:05:09,2026-09-09T12:10:57.827403,2026-09-09T12:12:02.562403,lunch,app,2,false,
ORD-00822,2026-09-09T13:53:08,2026-09-09T13:54:31.971607,2026-09-09T14:02:48.989290,2026-09-09T14:04:13.976236,lunch,app,3,false,
ORD-00823,2026-09-09T13:35:09,2026-09-09T13:35:54.738497,2026-09-09T13:44:40.418255,,lunch,app,3,true,
ORD-00824,2026-09-09T13:40:41,2026-09-09T13:42:02.154120,2026-09-09T13:44:28.835009,2026-09-09T13:46:05.956314,lunch,app,4,false,
ORD-00825,2026-09-09T13:54:21,2026-09-09T13:55:26.115167,2026-09-09T14:06:22.414095,2026-09-09T14:06:40.414095,lunch,app,3,false,
ORD-00826,2026-09-09T13:55:43,2026-09-09T13:56:21.203726,2026-09-09T14:02:49.199018,2026-09-09T14:05:11.939050,lunch,counter,1,false,
ORD-00827,2026-09-09T13:38:01,2026-09-09T13:39:05.247640,2026-09-09T13:42:51.624438,2026-09-09T13:44:32.072813,lunch,counter,1,false,
ORD-00828,2026-09-09T13:11:58,2026-09-09T13:13:43.718756,2026-09-09T13:19:40.150708,2026-09-09T13:20:12.458550,lunch,counter,3,false,
ORD-00829,2026-09-09T13:16:36,2026-09-09T13:17:18.499011,2026-09-09T13:20:33.159246,2026-09-09T13:21:46.069704,lunch,app,1,false,
ORD-00830,2026-09-09T13:00:07,2026-09-09T13:01:30.874780,2026-09-09T13:09:22.353748,2026-09-09T13:11:17.014260,lunch,counter,1,false,
ORD-00831,2026-09-09T13:23:38,2026-09-09T13:24:39.574438,2026-09-09T13:32:37.248890,2026-09-09T13:35:14.158510,lunch,app,3,false,
ORD-00832,2026-09-09T13:48:58,2026-09-09T13:49:44.994997,2026-09-09T14:00:09.495878,2026-09-09T14:01:19.628246,lunch,counter,2,false,
ORD-00833,2026-09-09T13:39:36,2026-09-09T13:40:12.147611,2026-09-09T13:50:08.871789,2026-09-09T13:50:26.871789,lunch,app,4,false,
ORD-00834,2026-09-09T14:02:26,2026-09-09T14:02:53.860582,2026-09-09T14:09:17.913954,2026-09-09T14:10:27.483385,lunch,counter,1,false,
ORD-00835,2026-09-09T12:05:33,2026-09-09T12:06:35.621209,2026-09-09T12:10:27.513444,2026-09-09T12:13:32.737471,lunch,app,3,false,
ORD-00836,2026-09-09T13:22:48,2026-09-09T13:23:54.527611,2026-09-09T13:36:05.703014,2026-09-09T13:38:41.309937,lunch,app,1,false,
ORD-00837,2026-09-09T13:27:43,2026-09-09T13:29:14.877987,2026-09-09T13:36:01.512040,2026-09-09T13:38:11.705757,lunch,counter,3,false,
ORD-00838,2026-09-09T13:37:04,2026-09-09T13:37:56.819720,2026-09-09T13:44:38.890416,2026-09-09T13:45:59.181557,lunch,counter,3,false,payment
ORD-00839,2026-09-09T12:46:57,2026-09-09T12:48:16.502471,2026-09-09T12:52:39.632887,2026-09-09T12:54:49.656149,lunch,app,3,false,
ORD-00840,2026-09-09T13:46:41,2026-09-09T13:48:11.551052,2026-09-09T13:53:13.834556,2026-09-09T13:54:20.365548,lunch,app,1,false,
ORD-00841,2026-09-09T13:11:32,2026-09-09T13:12:03.689050,2026-09-09T13:19:27.563753,2026-09-09T13:20:50.830808,lunch,app,4,false,
ORD-00842,2026-09-09T12:53:04,2026-09-09T12:54:40.735834,2026-09-09T13:08:55.243913,2026-09-09T13:12:04.346796,lunch,counter,3,false,
ORD-00843,2026-09-09T12:26:59,2026-09-09T12:27:31.783820,2026-09-09T12:35:43.960726,,lunch,app,3,true,
ORD-00844,2026-09-09T12:18:53,2026-09-09T12:19:36.346126,2026-09-09T12:25:04.612327,2026-09-09T12:26:51.256185,lunch,app,4,false,
ORD-00845,2026-09-09T13:37:25,2026-09-09T13:37:55.423429,2026-09-09T13:41:17.877373,2026-09-09T13:42:00.933308,lunch,app,4,false,
ORD-00846,2026-09-09T13:36:40,2026-09-09T13:37:12.429154,2026-09-09T13:42:28.781575,2026-09-09T13:43:37.708420,lunch,counter,1,false,
ORD-00847,2026-09-09T12:35:01,2026-09-09T12:36:03.575991,2026-09-09T12:43:51.843539,2026-09-09T12:47:24.120186,lunch,counter,1,false,
ORD-00848,2026-09-09T14:20:28,2026-09-09T14:21:24.798198,2026-09-09T14:29:10.845201,2026-09-09T14:29:28.845201,lunch,counter,1,false,
ORD-00849,2026-09-09T14:03:31,2026-09-09T14:04:45.541493,2026-09-09T14:14:56.362710,2026-09-09T14:16:24.049271,lunch,counter,1,false,
ORD-00850,2026-09-09T14:21:09,2026-09-09T14:21:45.877263,2026-09-09T14:30:13.413167,2026-09-09T14:31:28.740050,lunch,app,1,false,
ORD-00851,2026-09-09T12:28:13,2026-09-09T12:29:24.059028,2026-09-09T12:36:37.337479,2026-09-09T12:37:21.374653,lunch,counter,4,false,
ORD-00852,2026-09-09T12:56:25,2026-09-09T12:57:53.900650,2026-09-09T13:06:35.341567,2026-09-09T13:10:25.274159,lunch,counter,4,false,payment
ORD-00853,2026-09-09T14:17:41,2026-09-09T14:18:25.254950,2026-09-09T14:26:10.475316,2026-09-09T14:26:28.475316,lunch,counter,1,false,
ORD-00854,2026-09-09T13:22:59,2026-09-09T13:23:58.983954,2026-09-09T13:38:27.535830,2026-09-09T13:41:11.504232,lunch,app,1,false,
ORD-00855,2026-09-09T13:40:21,2026-09-09T13:41:15.174531,2026-09-09T13:47:35.254545,2026-09-09T13:49:39.868138,lunch,counter,3,false,
ORD-00856,2026-09-09T14:13:25,2026-09-09T14:14:16.656008,2026-09-09T14:18:36.305706,2026-09-09T14:21:12.728876,lunch,counter,2,false,
ORD-00857,2026-09-09T12:09:34,2026-09-09T12:10:56.620388,2026-09-09T12:18:19.455489,2026-09-09T12:18:37.455489,lunch,app,4,false,
ORD-00858,2026-09-09T13:38:21,2026-09-09T13:39:15.314423,2026-09-09T13:46:43.044997,2026-09-09T13:48:20.420918,lunch,app,1,false,
ORD-00859,2026-09-09T12:45:55,2026-09-09T12:47:14.089498,2026-09-09T12:59:16.194704,2026-09-09T13:01:37.068644,lunch,app,3,false,
ORD-00860,2026-09-09T13:37:36,2026-09-09T13:38:00.231627,2026-09-09T13:45:33.790141,2026-09-09T13:45:55.808783,lunch,app,2,false,
ORD-00861,2026-09-09T21:23:16,2026-09-09T21:24:56.728239,2026-09-09T21:33:12.028084,2026-09-09T21:34:10.490897,dinner,counter,1,false,
ORD-00862,2026-09-09T20:24:16,2026-09-09T20:25:38.297813,2026-09-09T20:37:25.097181,2026-09-09T20:39:41.185621,dinner,counter,1,false,
ORD-00863,2026-09-09T21:28:23,2026-09-09T21:28:57.429981,2026-09-09T21:35:40.628972,2026-09-09T21:37:08.387949,dinner,counter,1,false,
ORD-00864,2026-09-09T20:43:08,2026-09-09T20:44:00.484346,2026-09-09T21:01:18.016733,2026-09-09T21:02:22.064384,dinner,app,3,false,
ORD-00865,2026-09-09T19:57:36,2026-09-09T19:58:39.819966,2026-09-09T20:11:54.232043,2026-09-09T20:13:05.920231,dinner,app,3,false,
ORD-00866,2026-09-09T20:03:34,2026-09-09T20:04:58.938693,2026-09-09T20:18:19.492057,2026-09-09T20:20:45.314281,dinner,counter,2,false,
ORD-00867,2026-09-09T19:26:21,2026-09-09T19:26:51.787167,2026-09-09T19:35:13.410993,2026-09-09T19:36:32.016327,dinner,counter,3,false,
ORD-00868,2026-09-09T20:54:45,2026-09-09T20:54:57,2026-09-09T21:06:34.586913,2026-09-09T21:07:04.524672,dinner,counter,2,false,
ORD-00869,2026-09-09T20:21:34,2026-09-09T20:22:38.216126,2026-09-09T20:37:03.586259,2026-09-09T20:40:21.914557,dinner,app,1,false,
ORD-00870,2026-09-09T19:07:28,2026-09-09T19:07:59.451346,2026-09-09T19:21:20.990472,2026-09-09T19:22:40.426223,dinner,app,1,false,stockout
ORD-00871,2026-09-09T20:50:02,2026-09-09T20:50:14,2026-09-09T21:06:11.797324,2026-09-09T21:07:01.247599,dinner,counter,3,false,
ORD-00872,2026-09-09T20:30:40,2026-09-09T20:31:55.312584,2026-09-09T20:37:28.151288,2026-09-09T20:39:31.661927,dinner,counter,2,false,
ORD-00873,2026-09-09T21:02:44,2026-09-09T21:03:25.395059,2026-09-09T21:12:27.562239,2026-09-09T21:14:23.746497,dinner,counter,1,false,
ORD-00874,2026-09-09T20:28:40,2026-09-09T20:29:40.421876,2026-09-09T20:40:28.058000,2026-09-09T20:43:20.556576,dinner,app,1,false,
ORD-00875,2026-09-09T21:06:33,2026-09-09T21:07:50.303886,2026-09-09T21:14:26.204032,2026-09-09T21:16:00.442688,dinner,app,1,false,payment
ORD-00876,2026-09-09T20:43:38,2026-09-09T20:45:16.705838,2026-09-09T20:56:15.886582,2026-09-09T20:58:56.277796,dinner,counter,4,false,payment
ORD-00877,2026-09-09T20:12:39,2026-09-09T20:14:13.914611,2026-09-09T20:26:08.064911,2026-09-09T20:29:18.249266,dinner,app,3,false,
ORD-00878,2026-09-09T20:41:59,2026-09-09T20:43:38.213430,2026-09-09T20:53:58.309635,2026-09-09T20:55:20.917347,dinner,app,2,false,
ORD-00879,2026-09-09T19:24:01,2026-09-09T19:25:33.311539,2026-09-09T19:35:39.345474,2026-09-09T19:35:57.345474,dinner,app,3,false,
ORD-00880,2026-09-09T20:19:34,2026-09-09T20:20:47.711692,2026-09-09T20:35:42.287375,2026-09-09T20:37:06.201239,dinner,counter,3,false,
ORD-00881,2026-09-09T20:29:52,2026-09-09T20:30:45.214212,2026-09-09T20:37:47.171985,2026-09-09T20:39:48.513255,dinner,app,4,false,
ORD-00882,2026-09-09T20:45:23,2026-09-09T20:46:27.577696,2026-09-09T20:51:55.917847,2026-09-09T20:53:16.637124,dinner,counter,4,false,
ORD-00883,2026-09-09T19:55:08,2026-09-09T19:56:26.816212,2026-09-09T20:14:06.050361,2026-09-09T20:16:46.507995,dinner,app,3,false,
ORD-00884,2026-09-09T20:58:04,2026-09-09T20:58:21.689708,2026-09-09T21:05:38.369736,2026-09-09T21:05:56.369736,dinner,counter,4,false,
ORD-00885,2026-09-09T19:08:17,2026-09-09T19:08:49.304904,2026-09-09T19:12:37.287237,2026-09-09T19:14:06.245158,dinner,app,2,false,
ORD-00886,2026-09-09T21:17:18,2026-09-09T21:17:57.932221,2026-09-09T21:24:41.890711,2026-09-09T21:24:59.890711,dinner,counter,2,false,
ORD-00887,2026-09-09T20:32:39,2026-09-09T20:33:08.143059,2026-09-09T20:36:10.025471,2026-09-09T20:38:24.527311,dinner,app,3,false,
ORD-00888,2026-09-09T21:21:05,2026-09-09T21:21:41.563047,2026-09-09T21:29:09.744349,2026-09-09T21:29:46.725790,dinner,app,2,false,
ORD-00889,2026-09-09T21:03:22,2026-09-09T21:04:04.180647,2026-09-09T21:10:58.510292,2026-09-09T21:13:51.802519,dinner,app,4,false,
ORD-00890,2026-09-09T20:44:34,2026-09-09T20:45:31.504583,2026-09-09T20:58:32.124698,2026-09-09T20:59:35.412511,dinner,app,1,false,stockout
ORD-00891,2026-09-09T21:13:36,2026-09-09T21:14:06.900364,2026-09-09T21:20:01.672362,2026-09-09T21:20:19.672362,dinner,counter,2,false,
ORD-00892,2026-09-09T20:55:14,2026-09-09T20:56:29.756655,2026-09-09T21:07:07.633816,2026-09-09T21:09:10.921702,dinner,app,2,false,
ORD-00893,2026-09-09T20:30:16,2026-09-09T20:32:01.933952,2026-09-09T20:50:35.553818,2026-09-09T20:53:43.875522,dinner,app,1,false,kitchen_rework
ORD-00894,2026-09-09T21:12:44,2026-09-09T21:13:56.281567,2026-09-09T21:21:51.942326,2026-09-09T21:23:14.213563,dinner,counter,3,false,
ORD-00895,2026-09-09T20:55:45,2026-09-09T20:56:40.022807,2026-09-09T21:08:10.370967,2026-09-09T21:08:28.370967,dinner,counter,3,false,
ORD-00896,2026-09-09T20:42:52,2026-09-09T20:44:09.102375,2026-09-09T20:48:08.472253,2026-09-09T20:48:26.472253,dinner,app,2,false,
ORD-00897,2026-09-09T19:03:21,2026-09-09T19:03:39.272156,2026-09-09T19:13:39.002441,2026-09-09T19:13:57.002441,dinner,counter,3,false,payment
ORD-00898,2026-09-09T20:44:39,2026-09-09T20:44:51,2026-09-09T20:48:03.144762,2026-09-09T20:49:40.739123,dinner,app,3,false,
ORD-00899,2026-09-09T19:03:00,2026-09-09T19:03:56.325037,2026-09-09T19:10:01.651646,2026-09-09T19:11:02.425326,dinner,counter,1,false,
ORD-00900,2026-09-09T20:06:58,2026-09-09T20:08:08.338430,2026-09-09T20:17:38.338716,2026-09-09T20:18:57.758557,dinner,counter,1,false,
ORD-00901,2026-09-09T19:02:20,2026-09-09T19:02:32,2026-09-09T19:11:15.991010,2026-09-09T19:11:33.991010,dinner,app,2,false,
ORD-00902,2026-09-09T20:48:30,2026-09-09T20:49:20.795587,2026-09-09T20:53:12.850329,2026-09-09T20:54:10.060359,dinner,app,1,false,
ORD-00903,2026-09-09T19:04:16,2026-09-09T19:04:52.608088,2026-09-09T19:17:03.276012,2026-09-09T19:19:25.695081,dinner,app,3,false,
ORD-00904,2026-09-09T20:53:28,2026-09-09T20:54:18.860255,2026-09-09T21:04:21.780701,2026-09-09T21:05:00.536009,dinner,counter,2,false,
ORD-00905,2026-09-09T21:18:49,2026-09-09T21:19:28.617876,2026-09-09T21:33:32.852230,2026-09-09T21:35:01.339722,dinner,app,2,false,
ORD-00906,2026-09-09T20:19:51,2026-09-09T20:21:00.908180,2026-09-09T20:28:14.699717,2026-09-09T20:29:39.338647,dinner,app,1,false,
ORD-00907,2026-09-09T19:52:16,2026-09-09T19:54:04.335158,2026-09-09T20:03:56.303405,2026-09-09T20:06:19.739006,dinner,counter,3,false,
ORD-00908,2026-09-09T19:50:53,2026-09-09T19:52:24.302459,2026-09-09T20:01:53.407853,2026-09-09T20:02:22.526891,dinner,app,1,false,
ORD-00909,2026-09-09T20:28:22,2026-09-09T20:29:30.879587,2026-09-09T20:42:20.697855,2026-09-09T20:44:32.491195,dinner,app,4,false,
ORD-00910,2026-09-09T21:12:48,2026-09-09T21:13:08.379047,2026-09-09T21:23:25.255087,2026-09-09T21:23:43.255087,dinner,app,3,false,
ORD-00911,2026-09-09T19:31:48,2026-09-09T19:33:35.654159,2026-09-09T19:41:01.550134,2026-09-09T19:42:32.977440,dinner,app,4,false,
ORD-00912,2026-09-09T20:04:03,2026-09-09T20:05:41.432681,2026-09-09T20:20:04.354943,2026-09-09T20:22:02.617810,dinner,counter,3,false,
ORD-00913,2026-09-09T20:42:12,2026-09-09T20:42:55.334450,2026-09-09T20:56:15.586645,2026-09-09T20:58:12.619081,dinner,app,3,false,
ORD-00914,2026-09-09T20:22:18,2026-09-09T20:23:54.328748,2026-09-09T20:35:59.943528,2026-09-09T20:36:52.949819,dinner,counter,4,false,stockout
ORD-00915,2026-09-09T20:56:31,2026-09-09T20:58:02.788130,2026-09-09T21:11:03.353511,2026-09-09T21:12:29.367755,dinner,counter,3,false,
ORD-00916,2026-09-09T20:29:35,2026-09-09T20:30:52.037542,2026-09-09T20:46:16.006101,2026-09-09T20:49:32.076388,dinner,app,4,false,
ORD-00917,2026-09-09T19:59:49,2026-09-09T20:00:51.633907,2026-09-09T20:11:45.659375,2026-09-09T20:15:15.221457,dinner,counter,2,false,
ORD-00918,2026-09-09T19:04:15,2026-09-09T19:04:46.349069,2026-09-09T19:10:57.912734,2026-09-09T19:12:34.865765,dinner,app,3,false,
ORD-00919,2026-09-09T21:16:21,2026-09-09T21:17:21.614102,2026-09-09T21:27:22.222423,2026-09-09T21:29:04.425281,dinner,app,1,false,
ORD-00920,2026-09-09T20:24:17,2026-09-09T20:25:03.187059,2026-09-09T20:39:40.448857,2026-09-09T20:42:01.166362,dinner,app,4,false,
ORD-00921,2026-09-09T19:23:33,2026-09-09T19:24:15.824291,2026-09-09T19:35:57.000136,2026-09-09T19:37:18.281195,dinner,counter,1,false,stockout
ORD-00922,2026-09-09T19:48:25,2026-09-09T19:49:37.055909,2026-09-09T19:57:44.812944,2026-09-09T20:00:42.178149,dinner,counter,2,false,
ORD-00923,2026-09-09T21:26:25,2026-09-09T21:27:02.337257,2026-09-09T21:40:36.819714,2026-09-09T21:43:41.910089,dinner,counter,1,false,kitchen_rework
ORD-00924,2026-09-09T19:06:34,2026-09-09T19:06:46.069885,2026-09-09T19:11:59.590268,2026-09-09T19:12:17.590268,dinner,counter,3,false,
ORD-00925,2026-09-09T20:47:05,2026-09-09T20:47:36.957440,2026-09-09T20:55:39.547916,2026-09-09T20:57:35.559375,dinner,app,3,false,
ORD-00926,2026-09-09T19:56:27,2026-09-09T19:57:25.641588,2026-09-09T20:05:59.980143,2026-09-09T20:07:16.127703,dinner,counter,1,false,
ORD-00927,2026-09-09T19:26:02,2026-09-09T19:27:06.950421,2026-09-09T19:31:49.098625,2026-09-09T19:33:10.482039,dinner,counter,1,false,stockout
ORD-00928,2026-09-09T19:30:16,2026-09-09T19:31:39.253388,2026-09-09T19:48:12.278846,2026-09-09T19:51:19.741625,dinner,counter,1,false,
ORD-00929,2026-09-09T21:14:41,2026-09-09T21:14:53,2026-09-09T21:20:45.399377,2026-09-09T21:23:20.650984,dinner,counter,4,false,
ORD-00930,2026-09-09T20:29:29,2026-09-09T20:30:21.483362,2026-09-09T20:42:15.154702,2026-09-09T20:45:38.156661,dinner,counter,2,false,
ORD-00931,2026-09-09T20:00:13,2026-09-09T20:01:31.887853,2026-09-09T20:18:34.028673,2026-09-09T20:20:49.990974,dinner,app,4,false,
ORD-00932,2026-09-09T20:01:23,2026-09-09T20:02:26.405224,2026-09-09T20:09:02.896019,2026-09-09T20:10:10.060985,dinner,app,4,false,
ORD-00933,2026-09-09T21:29:36,2026-09-09T21:30:15.915943,2026-09-09T21:43:58.956958,2026-09-09T21:44:25.696575,dinner,counter,2,false,
ORD-00934,2026-09-09T20:47:05,2026-09-09T20:47:45.245655,2026-09-09T20:58:07.136929,2026-09-09T20:59:28.501494,dinner,app,3,false,
ORD-00935,2026-09-09T20:55:15,2026-09-09T20:55:39.725195,2026-09-09T21:03:37.571293,2026-09-09T21:05:21.989710,dinner,counter,4,false,
ORD-00936,2026-09-09T21:15:48,2026-09-09T21:17:03.805614,2026-09-09T21:24:39.874095,2026-09-09T21:26:15.134834,dinner,app,3,false,
ORD-00937,2026-09-09T19:45:32,2026-09-09T19:46:40.592733,2026-09-09T19:59:34.222079,2026-09-09T20:01:15.736245,dinner,app,3,false,stockout
ORD-00938,2026-09-09T20:41:25,2026-09-09T20:41:58.401596,2026-09-09T20:51:20.430817,2026-09-09T20:52:42.234123,dinner,app,1,false,
ORD-00939,2026-09-09T21:00:45,2026-09-09T21:01:31.620944,2026-09-09T21:09:15.734079,2026-09-09T21:10:32.766596,dinner,app,1,false,
ORD-00940,2026-09-09T19:57:27,2026-09-09T19:58:11.108283,2026-09-09T20:14:31.431118,2026-09-09T20:16:13.059374,dinner,app,1,false,
ORD-00941,2026-09-09T20:06:16,2026-09-09T20:07:53.310681,2026-09-09T20:14:13.887712,2026-09-09T20:15:41.928602,dinner,app,1,false,
ORD-00942,2026-09-09T20:19:20,2026-09-09T20:20:49.032999,2026-09-09T20:28:49.231947,2026-09-09T20:31:02.011896,dinner,counter,2,false,
ORD-00943,2026-09-09T20:43:14,2026-09-09T20:45:19.473971,2026-09-09T20:51:21.027697,2026-09-09T20:52:16.446740,dinner,app,1,false,
ORD-00944,2026-09-09T20:55:52,2026-09-09T20:56:04,2026-09-09T21:03:21.397576,2026-09-09T21:05:02.214262,dinner,app,4,false,payment
ORD-00945,2026-09-09T20:21:39,2026-09-09T20:22:05.922502,2026-09-09T20:34:01.818061,2026-09-09T20:35:27.562312,dinner,app,3,false,
ORD-00946,2026-09-09T21:24:23,2026-09-09T21:25:27.922089,2026-09-09T21:30:05.727638,2026-09-09T21:32:31.225100,dinner,counter,3,false,
ORD-00947,2026-09-09T20:56:21,2026-09-09T20:56:33,2026-09-09T21:03:31.704081,2026-09-09T21:04:07.829241,dinner,app,3,false,
ORD-00948,2026-09-09T19:51:58,2026-09-09T19:53:15.745350,2026-09-09T20:04:35.015693,2026-09-09T20:06:33.310960,dinner,counter,4,false,
ORD-00949,2026-09-09T20:31:54,2026-09-09T20:33:41.051940,2026-09-09T20:43:38.999522,2026-09-09T20:45:13.080586,dinner,counter,1,false,
ORD-00950,2026-09-09T20:18:17,2026-09-09T20:19:11.352621,2026-09-09T20:24:56.230530,2026-09-09T20:27:08.644916,dinner,counter,3,false,
ORD-00951,2026-09-09T19:19:10,2026-09-09T19:20:18.769399,2026-09-09T19:35:48.979788,2026-09-09T19:36:48.223692,dinner,app,1,false,kitchen_rework
ORD-00952,2026-09-09T20:44:56,2026-09-09T20:45:46.144011,2026-09-09T20:55:48.945108,,dinner,counter,3,true,
ORD-00953,2026-09-09T20:33:51,2026-09-09T20:34:12.971470,2026-09-09T20:40:03.069165,2026-09-09T20:41:54.329463,dinner,counter,1,false,
ORD-00954,2026-09-09T20:40:15,2026-09-09T20:41:10.766413,2026-09-09T20:47:19.594321,2026-09-09T20:47:37.594321,dinner,app,3,false,
ORD-00955,2026-09-09T21:16:22,2026-09-09T21:17:40.904543,2026-09-09T21:26:54.241257,2026-09-09T21:28:49.617849,dinner,counter,2,false,
ORD-00956,2026-09-09T19:22:53,2026-09-09T19:24:17.358339,2026-09-09T19:31:21.479221,2026-09-09T19:33:13.360017,dinner,counter,1,false,
ORD-00957,2026-09-09T21:07:26,2026-09-09T21:07:38.892856,2026-09-09T21:15:49.243132,2026-09-09T21:16:39.948871,dinner,app,2,false,
ORD-00958,2026-09-09T19:51:29,2026-09-09T19:52:59.009522,2026-09-09T20:05:11.326816,2026-09-09T20:06:00.662651,dinner,app,4,false,
ORD-00959,2026-09-09T19:42:37,2026-09-09T19:44:26.022782,2026-09-09T19:53:30.099491,2026-09-09T19:56:28.415301,dinner,app,2,false,
ORD-00960,2026-09-09T20:23:34,2026-09-09T20:24:17.777207,2026-09-09T20:34:42.410961,2026-09-09T20:36:11.988483,dinner,counter,4,false,
ORD-00961,2026-09-09T20:12:48,2026-09-09T20:14:03.290096,2026-09-09T20:27:54.665349,2026-09-09T20:29:29.991324,dinner,counter,1,false,
ORD-00962,2026-09-09T19:08:16,2026-09-09T19:09:35.487530,2026-09-09T19:16:10.021221,2026-09-09T19:17:01.919739,dinner,app,3,false,
ORD-00963,2026-09-09T19:30:31,2026-09-09T19:32:58.361320,2026-09-09T19:54:31.475502,2026-09-09T19:57:25.559476,dinner,app,1,false,kitchen_rework
ORD-00964,2026-09-09T21:14:17,2026-09-09T21:14:52.918515,2026-09-09T21:19:35.656786,2026-09-09T21:19:53.656786,dinner,app,3,false,
ORD-00965,2026-09-09T19:02:09,2026-09-09T19:02:34.161169,2026-09-09T19:05:41.577695,2026-09-09T19:06:09.524355,dinner,app,1,false,
ORD-00966,2026-09-09T21:26:49,2026-09-09T21:27:11.089949,2026-09-09T21:36:40.922648,2026-09-09T21:36:58.922648,dinner,app,1,false,
ORD-00967,2026-09-09T20:09:30,2026-09-09T20:11:00.292108,2026-09-09T20:17:20.570934,2026-09-09T20:20:14.352049,dinner,counter,4,false,
ORD-00968,2026-09-09T19:20:39,2026-09-09T19:21:17.034551,2026-09-09T19:28:03.995511,2026-09-09T19:28:21.995511,dinner,app,4,false,
ORD-00969,2026-09-09T20:05:05,2026-09-09T20:05:42.042835,2026-09-09T20:16:55.989241,2026-09-09T20:19:55.626645,dinner,counter,2,false,
ORD-00970,2026-09-09T19:26:14,2026-09-09T19:27:11.803622,2026-09-09T19:35:01.239630,2026-09-09T19:36:59.497593,dinner,counter,1,false,stockout
ORD-00971,2026-09-09T20:03:48,2026-09-09T20:05:16.853960,2026-09-09T20:26:34.167522,2026-09-09T20:29:32.683052,dinner,app,4,false,kitchen_rework
ORD-00972,2026-09-09T19:13:01,2026-09-09T19:14:00.603362,2026-09-09T19:19:23.229033,2026-09-09T19:20:04.820861,dinner,counter,1,false,
ORD-00973,2026-09-09T21:03:34,2026-09-09T21:03:46,2026-09-09T21:09:55.993307,2026-09-09T21:10:13.993307,dinner,app,2,false,
ORD-00974,2026-09-09T19:40:01,2026-09-09T19:41:26.909766,2026-09-09T19:49:09.123806,2026-09-09T19:50:52.383855,dinner,app,1,false,
ORD-00975,2026-09-09T19:38:11,2026-09-09T19:39:39.651179,2026-09-09T19:54:51.979684,2026-09-09T19:55:25.683770,dinner,counter,4,false,kitchen_rework
ORD-00976,2026-09-10T09:08:26,2026-09-10T09:09:41.991269,2026-09-10T09:25:20.290269,2026-09-10T09:27:25.761859,breakfast,app,1,false,
ORD-00977,2026-09-10T08:01:22,2026-09-10T08:01:56.417138,2026-09-10T08:08:59.417841,2026-09-10T08:09:57.865171,breakfast,counter,1,false,
ORD-00978,2026-09-10T09:40:47,2026-09-10T09:40:59,2026-09-10T09:48:37.346651,2026-09-10T09:50:54.698245,breakfast,counter,4,false,
ORD-00979,2026-09-10T09:53:53,2026-09-10T09:55:04.133381,2026-09-10T10:04:09.402536,2026-09-10T10:05:00.086463,breakfast,counter,3,false,
ORD-00980,2026-09-10T08:23:55,2026-09-10T08:24:34.670036,2026-09-10T08:31:49.127322,,breakfast,counter,3,true,
ORD-00981,2026-09-10T08:58:33,2026-09-10T08:59:54.188470,2026-09-10T09:12:49.526624,2026-09-10T09:14:38.423675,breakfast,app,2,false,
ORD-00982,2026-09-10T09:40:30,2026-09-10T09:40:53.385026,2026-09-10T09:43:40.315302,2026-09-10T09:46:14.925401,breakfast,counter,1,false,
ORD-00983,2026-09-10T08:31:04,2026-09-10T08:31:36.054667,2026-09-10T08:45:27.004163,2026-09-10T08:48:14.120069,breakfast,counter,4,false,
ORD-00984,2026-09-10T08:39:29,2026-09-10T08:40:37.558379,2026-09-10T08:52:35.542972,2026-09-10T08:53:37.155225,breakfast,counter,2,false,
ORD-00985,2026-09-10T09:53:36,2026-09-10T09:54:37.807799,2026-09-10T09:58:42.367785,2026-09-10T09:59:00.367785,breakfast,counter,4,false,stockout
ORD-00986,2026-09-10T08:40:23,2026-09-10T08:41:31.617318,2026-09-10T08:53:29.181525,2026-09-10T08:57:50.702783,breakfast,app,1,false,
ORD-00987,2026-09-10T09:22:00,2026-09-10T09:23:25.232557,2026-09-10T09:30:05.584403,2026-09-10T09:33:04.673286,breakfast,counter,1,false,
ORD-00988,2026-09-10T08:37:11,2026-09-10T08:38:11.694600,2026-09-10T08:45:39.102868,2026-09-10T08:47:39.534167,breakfast,app,2,false,
ORD-00989,2026-09-10T08:30:14,2026-09-10T08:31:01.753611,2026-09-10T08:41:38.805572,2026-09-10T08:43:26.538089,breakfast,app,3,false,
ORD-00990,2026-09-10T09:32:03,2026-09-10T09:32:21.571069,2026-09-10T09:43:32.540159,2026-09-10T09:45:01.044805,breakfast,counter,1,false,payment
ORD-00991,2026-09-10T08:05:19,2026-09-10T08:06:05.857683,2026-09-10T08:11:32.821322,2026-09-10T08:12:15.158797,breakfast,counter,3,false,
ORD-00992,2026-09-10T08:05:41,2026-09-10T08:06:33.429781,2026-09-10T08:13:53.752366,2026-09-10T08:15:34.425854,breakfast,app,4,false,payment
ORD-00993,2026-09-10T09:56:44,2026-09-10T09:58:03.015725,2026-09-10T10:05:54.315656,2026-09-10T10:08:14.656124,breakfast,app,2,false,
ORD-00994,2026-09-10T08:32:51,2026-09-10T08:33:31.710827,2026-09-10T08:39:37.233133,2026-09-10T08:41:01.865276,breakfast,counter,4,false,
ORD-00995,2026-09-10T08:18:27,2026-09-10T08:18:39,2026-09-10T08:22:23.994233,2026-09-10T08:23:44.160753,breakfast,counter,4,false,
ORD-00996,2026-09-10T09:56:15,2026-09-10T09:57:32.160120,2026-09-10T10:03:50.794085,2026-09-10T10:05:07.526546,breakfast,counter,4,false,
ORD-00997,2026-09-10T09:37:24,2026-09-10T09:38:10.841571,2026-09-10T09:42:48.033163,2026-09-10T09:43:21.585263,breakfast,app,4,false,
ORD-00998,2026-09-10T08:51:03,2026-09-10T08:51:37.154912,2026-09-10T09:03:07.674484,2026-09-10T09:06:13.653897,breakfast,counter,3,false,
ORD-00999,2026-09-10T08:58:06,2026-09-10T08:59:30.576711,2026-09-10T09:09:14.661745,2026-09-10T09:11:23.414383,breakfast,app,3,false,
ORD-01000,2026-09-10T08:22:18,2026-09-10T08:22:37.329873,2026-09-10T08:24:37.329873,2026-09-10T08:26:13.154471,breakfast,app,3,false,
ORD-01001,2026-09-10T09:13:56,2026-09-10T09:15:39.560726,2026-09-10T09:29:27.489609,2026-09-10T09:31:04.868916,breakfast,app,1,false,
ORD-01002,2026-09-10T09:25:21,2026-09-10T09:25:57.775183,2026-09-10T09:40:37.791329,2026-09-10T09:42:22.323162,breakfast,counter,2,false,
ORD-01003,2026-09-10T09:08:11,2026-09-10T09:08:55.492219,2026-09-10T09:19:54.390734,2026-09-10T09:20:49.567404,breakfast,app,2,false,
ORD-01004,2026-09-10T09:02:00,2026-09-10T09:03:07.829696,2026-09-10T09:08:45.924412,2026-09-10T09:10:33.674958,breakfast,counter,4,false,
ORD-01005,2026-09-10T09:54:57,2026-09-10T09:56:42.725788,2026-09-10T10:04:05.705292,2026-09-10T10:04:28.144856,breakfast,app,3,false,
ORD-01006,2026-09-10T09:16:25,2026-09-10T09:17:39.663250,2026-09-10T09:32:26.031335,2026-09-10T09:34:01.919791,breakfast,app,2,false,
ORD-01007,2026-09-10T09:45:28,2026-09-10T09:45:40,2026-09-10T09:54:26.078036,2026-09-10T09:54:44.078036,breakfast,counter,2,false,
ORD-01008,2026-09-10T08:57:54,2026-09-10T08:59:26.764595,2026-09-10T09:11:46.867471,2026-09-10T09:13:36.707713,breakfast,app,4,false,
ORD-01009,2026-09-10T09:47:18,2026-09-10T09:47:48.201304,2026-09-10T09:53:32.655246,2026-09-10T09:54:24.900598,breakfast,app,1,false,
ORD-01010,2026-09-10T08:55:33,2026-09-10T08:57:12.998001,2026-09-10T09:07:27.295107,2026-09-10T09:08:36.603010,breakfast,app,1,false,
ORD-01011,2026-09-10T08:14:35,2026-09-10T08:15:51.871915,2026-09-10T08:22:10.661665,2026-09-10T08:23:39.561241,breakfast,counter,4,false,
ORD-01012,2026-09-10T09:56:57,2026-09-10T09:58:09.860927,2026-09-10T10:01:51.458154,2026-09-10T10:03:55.974714,breakfast,counter,4,false,stockout
ORD-01013,2026-09-10T08:14:23,2026-09-10T08:15:32.201633,2026-09-10T08:24:43.290914,2026-09-10T08:26:01.766953,breakfast,app,3,false,
ORD-01014,2026-09-10T08:12:14,2026-09-10T08:13:22.501714,2026-09-10T08:15:22.501714,2026-09-10T08:15:40.501714,breakfast,app,1,false,
ORD-01015,2026-09-10T09:42:45,2026-09-10T09:44:03.457020,2026-09-10T09:53:54.334553,2026-09-10T09:55:37.319874,breakfast,app,3,false,
ORD-01016,2026-09-10T09:26:20,2026-09-10T09:27:48.234836,2026-09-10T09:43:42.310011,2026-09-10T09:46:26.191364,breakfast,app,2,false,
ORD-01017,2026-09-10T09:27:00,2026-09-10T09:28:07.974399,2026-09-10T09:37:58.010333,2026-09-10T09:40:32.288007,breakfast,app,2,false,
ORD-01018,2026-09-10T08:03:22,2026-09-10T08:04:18.626755,2026-09-10T08:15:31.683866,2026-09-10T08:16:00.253311,breakfast,app,1,false,
ORD-01019,2026-09-10T09:29:17,2026-09-10T09:30:25.744581,2026-09-10T09:42:03.248858,,breakfast,counter,4,true,stockout
ORD-01020,2026-09-10T09:07:26,2026-09-10T09:08:17.164093,2026-09-10T09:23:53.873923,2026-09-10T09:24:41.206289,breakfast,counter,2,false,
ORD-01021,2026-09-10T09:40:08,2026-09-10T09:41:16.766226,2026-09-10T09:46:37.951371,2026-09-10T09:47:20.511322,breakfast,app,4,false,stockout
ORD-01022,2026-09-10T08:41:31,2026-09-10T08:42:50.802757,2026-09-10T08:54:06.803061,2026-09-10T08:56:04.889362,breakfast,app,2,false,
ORD-01023,2026-09-10T08:37:24,2026-09-10T08:38:53.146214,2026-09-10T08:56:08.641207,2026-09-10T08:57:02.940884,breakfast,counter,3,false,
ORD-01024,2026-09-10T08:01:15,2026-09-10T08:02:16.714563,2026-09-10T08:10:08.673540,2026-09-10T08:10:33.442761,breakfast,counter,4,false,
ORD-01025,2026-09-10T09:07:02,2026-09-10T09:08:13.502950,2026-09-10T09:17:55.971037,2026-09-10T09:20:08.898354,breakfast,counter,2,false,
ORD-01026,2026-09-10T08:40:42,2026-09-10T08:41:52.373481,2026-09-10T08:50:40.493456,2026-09-10T08:53:40.544870,breakfast,app,3,false,
ORD-01027,2026-09-10T08:59:00,2026-09-10T09:00:55.359849,2026-09-10T09:09:25.504640,2026-09-10T09:11:07.607751,breakfast,app,1,false,
ORD-01028,2026-09-10T08:11:19,2026-09-10T08:11:38.926398,2026-09-10T08:24:43.706784,2026-09-10T08:25:01.706784,breakfast,counter,4,false,
ORD-01029,2026-09-10T09:38:27,2026-09-10T09:39:13.424699,2026-09-10T09:45:07.910631,2026-09-10T09:47:43.171269,breakfast,app,2,false,
ORD-01030,2026-09-10T08:20:05,2026-09-10T08:20:17,2026-09-10T08:30:36.985468,2026-09-10T08:31:29.508256,breakfast,app,3,false,
ORD-01031,2026-09-10T08:39:28,2026-09-10T08:40:59.692323,2026-09-10T08:53:15.998093,2026-09-10T08:56:29.278993,breakfast,counter,3,false,
ORD-01032,2026-09-10T08:14:08,2026-09-10T08:14:54.598745,2026-09-10T08:23:01.542624,2026-09-10T08:24:05.203560,breakfast,app,2,false,
ORD-01033,2026-09-10T08:40:09,2026-09-10T08:42:41.856004,2026-09-10T08:54:17.418892,2026-09-10T08:56:28.791485,breakfast,app,2,false,
ORD-01034,2026-09-10T09:43:34,2026-09-10T09:44:18.383257,2026-09-10T09:54:52.719421,2026-09-10T09:56:09.189347,breakfast,app,3,false,
ORD-01035,2026-09-10T08:41:53,2026-09-10T08:42:52.094326,2026-09-10T08:51:39.586838,2026-09-10T08:54:45.004839,breakfast,counter,3,false,
ORD-01036,2026-09-10T09:02:22,2026-09-10T09:03:47.639608,2026-09-10T09:17:50.571682,2026-09-10T09:19:39.068420,breakfast,counter,3,false,kitchen_rework
ORD-01037,2026-09-10T09:57:34,2026-09-10T09:58:26.335807,2026-09-10T10:03:56.279708,2026-09-10T10:05:35.450715,breakfast,counter,2,false,
ORD-01038,2026-09-10T08:12:47,2026-09-10T08:13:14.183559,2026-09-10T08:23:50.462051,2026-09-10T08:24:54.197801,breakfast,app,2,false,
ORD-01039,2026-09-10T09:19:01,2026-09-10T09:20:31.338371,2026-09-10T09:24:31.677806,2026-09-10T09:26:39.934785,breakfast,app,2,false,
ORD-01040,2026-09-10T09:47:14,2026-09-10T09:48:35.445419,2026-09-10T09:55:09.923092,2026-09-10T09:56:53.263933,breakfast,counter,4,false,
ORD-01041,2026-09-10T09:46:17,2026-09-10T09:47:18.747256,2026-09-10T09:57:30.510583,2026-09-10T09:59:50.332821,breakfast,app,2,false,
ORD-01042,2026-09-10T09:33:56,2026-09-10T09:35:08.916495,2026-09-10T09:44:25.215890,2026-09-10T09:44:43.215890,breakfast,counter,2,false,
ORD-01043,2026-09-10T09:43:02,2026-09-10T09:43:52.796696,2026-09-10T09:51:14.094255,2026-09-10T09:51:54.476925,breakfast,app,1,false,
ORD-01044,2026-09-10T08:52:03,2026-09-10T08:53:10.667564,2026-09-10T09:00:26.863909,2026-09-10T09:00:44.863909,breakfast,app,1,false,
ORD-01045,2026-09-10T08:03:48,2026-09-10T08:04:08.069230,2026-09-10T08:11:20.229939,2026-09-10T08:11:51.864954,breakfast,app,3,false,
ORD-01046,2026-09-10T08:33:55,2026-09-10T08:35:25.308163,2026-09-10T08:50:11.404680,2026-09-10T08:53:49.906249,breakfast,counter,1,false,kitchen_rework
ORD-01047,2026-09-10T09:51:23,2026-09-10T09:52:41.328756,2026-09-10T10:00:27.082903,2026-09-10T10:01:33.287173,breakfast,app,4,false,
ORD-01048,2026-09-10T09:44:09,2026-09-10T09:44:51.402678,2026-09-10T09:49:24.388823,2026-09-10T09:50:34.318881,breakfast,app,4,false,
ORD-01049,2026-09-10T08:46:13,2026-09-10T08:47:08.578544,2026-09-10T08:54:09.525375,2026-09-10T08:56:14.437208,breakfast,counter,1,false,
ORD-01050,2026-09-10T08:39:19,2026-09-10T08:40:59.945264,2026-09-10T08:42:59.945264,2026-09-10T08:44:44.493714,breakfast,app,3,false,
ORD-01051,2026-09-10T08:29:15,2026-09-10T08:29:47.374753,2026-09-10T08:38:07.326343,2026-09-10T08:39:40.523886,breakfast,counter,1,false,
ORD-01052,2026-09-10T09:47:17,2026-09-10T09:47:50.016008,2026-09-10T09:55:11.592182,2026-09-10T09:56:23.839101,breakfast,counter,3,false,
ORD-01053,2026-09-10T09:09:55,2026-09-10T09:11:07.740056,2026-09-10T09:22:22.046117,2026-09-10T09:24:46.292934,breakfast,counter,3,false,stockout
ORD-01054,2026-09-10T09:48:16,2026-09-10T09:48:54.511610,2026-09-10T09:56:03.764693,2026-09-10T09:57:27.704115,breakfast,app,4,false,
ORD-01055,2026-09-10T09:55:34,2026-09-10T09:55:58.134678,2026-09-10T10:00:26.646008,2026-09-10T10:02:54.439185,breakfast,counter,4,false,
ORD-01056,2026-09-10T09:51:31,2026-09-10T09:51:43,2026-09-10T10:01:58.050780,2026-09-10T10:02:49.690810,breakfast,counter,2,false,
ORD-01057,2026-09-10T08:29:31,2026-09-10T08:30:22.216717,2026-09-10T08:37:32.823446,2026-09-10T08:38:03.613231,breakfast,counter,2,false,
ORD-01058,2026-09-10T08:15:54,2026-09-10T08:16:07.599791,2026-09-10T08:24:58.257405,2026-09-10T08:25:58.882056,breakfast,app,2,false,
ORD-01059,2026-09-10T09:52:20,2026-09-10T09:53:14.560670,2026-09-10T10:04:52.853486,2026-09-10T10:05:56.672351,breakfast,counter,3,false,
ORD-01060,2026-09-10T09:18:19,2026-09-10T09:19:58.352601,2026-09-10T09:30:21.144176,2026-09-10T09:33:11.112140,breakfast,counter,1,false,
ORD-01061,2026-09-10T13:10:22,2026-09-10T13:11:43.937420,2026-09-10T13:24:33.549825,2026-09-10T13:26:57.506017,lunch,counter,2,false,
ORD-01062,2026-09-10T13:31:22,2026-09-10T13:32:05.436440,2026-09-10T13:42:17.228664,2026-09-10T13:43:58.381320,lunch,counter,2,false,
ORD-01063,2026-09-10T13:27:04,2026-09-10T13:28:45.064115,2026-09-10T13:39:59.213675,2026-09-10T13:43:35.679360,lunch,counter,1,false,
ORD-01064,2026-09-10T12:41:47,2026-09-10T12:43:00.368454,2026-09-10T12:54:52.792884,2026-09-10T12:55:45.856544,lunch,app,3,false,
ORD-01065,2026-09-10T12:31:45,2026-09-10T12:32:44.014510,2026-09-10T12:44:04.367772,2026-09-10T12:45:36.217912,lunch,app,2,false,
ORD-01066,2026-09-10T12:17:00,2026-09-10T12:17:42.834688,2026-09-10T12:24:31.082947,2026-09-10T12:24:49.082947,lunch,counter,2,false,
ORD-01067,2026-09-10T12:08:29,2026-09-10T12:09:25.107906,2026-09-10T12:18:55.537889,2026-09-10T12:21:23.713703,lunch,app,3,false,
ORD-01068,2026-09-10T13:27:38,2026-09-10T13:28:27.707017,2026-09-10T13:34:27.219388,2026-09-10T13:37:40.123153,lunch,app,4,false,
ORD-01069,2026-09-10T12:17:57,2026-09-10T12:19:16.530504,2026-09-10T12:23:55.157696,2026-09-10T12:25:49.120888,lunch,app,4,false,stockout
ORD-01070,2026-09-10T13:12:29,2026-09-10T13:13:39.418193,2026-09-10T13:20:10.815650,2026-09-10T13:24:28.631738,lunch,app,4,false,
ORD-01071,2026-09-10T14:10:27,2026-09-10T14:11:48.801228,2026-09-10T14:20:56.945124,2026-09-10T14:22:07.663260,lunch,counter,2,false,
ORD-01072,2026-09-10T13:47:02,2026-09-10T13:47:45.086998,2026-09-10T13:57:55.824130,2026-09-10T13:58:44.549167,lunch,counter,4,false,
ORD-01073,2026-09-10T13:59:06,2026-09-10T13:59:45.293106,2026-09-10T14:05:25.167053,2026-09-10T14:07:34.018633,lunch,app,4,false,
ORD-01074,2026-09-10T12:43:04,2026-09-10T12:44:22.828672,2026-09-10T12:53:32.259174,2026-09-10T12:56:56.118212,lunch,app,3,false,
ORD-01075,2026-09-10T14:03:14,2026-09-10T14:03:42.149966,2026-09-10T14:15:25.717905,2026-09-10T14:16:38.398923,lunch,app,3,false,kitchen_rework
ORD-01076,2026-09-10T12:48:50,2026-09-10T12:49:07.034550,2026-09-10T12:56:47.861167,2026-09-10T12:59:43.637815,lunch,app,1,false,
ORD-01077,2026-09-10T14:24:21,2026-09-10T14:25:05.980983,2026-09-10T14:36:46.846437,2026-09-10T14:38:03.936048,lunch,app,1,false,
ORD-01078,2026-09-10T13:08:27,2026-09-10T13:09:08.442538,2026-09-10T13:16:27.075834,2026-09-10T13:18:32.331802,lunch,counter,1,false,
ORD-01079,2026-09-10T13:31:34,2026-09-10T13:32:31.818691,2026-09-10T13:39:38.865504,2026-09-10T13:39:56.865504,lunch,counter,4,false,payment
ORD-01080,2026-09-10T12:56:23,2026-09-10T12:57:51.989413,2026-09-10T13:08:05.890247,2026-09-10T13:11:11.151760,lunch,app,4,false,
ORD-01081,2026-09-10T12:25:10,2026-09-10T12:26:25.691583,2026-09-10T12:37:21.090978,2026-09-10T12:37:49.886888,lunch,app,2,false,
ORD-01082,2026-09-10T14:01:15,2026-09-10T14:02:42.918627,2026-09-10T14:10:19.438965,2026-09-10T14:10:55.488678,lunch,app,3,false,
ORD-01083,2026-09-10T12:00:30,2026-09-10T12:00:55.276887,2026-09-10T12:11:45.959006,2026-09-10T12:15:33.144129,lunch,counter,1,false,kitchen_rework
ORD-01084,2026-09-10T13:52:42,2026-09-10T13:53:48.322208,2026-09-10T14:02:16.581094,2026-09-10T14:02:47.665259,lunch,counter,1,false,
ORD-01085,2026-09-10T12:50:48,2026-09-10T12:51:56.890438,2026-09-10T13:01:08.185421,2026-09-10T13:04:04.457042,lunch,counter,2,false,
ORD-01086,2026-09-10T12:23:50,2026-09-10T12:25:03.095865,2026-09-10T12:33:19.205946,2026-09-10T12:35:22.749421,lunch,counter,4,false,
ORD-01087,2026-09-10T12:42:35,2026-09-10T12:43:31.901721,2026-09-10T12:48:44.423255,2026-09-10T12:50:41.530571,lunch,counter,3,false,
ORD-01088,2026-09-10T13:33:50,2026-09-10T13:34:26.036258,2026-09-10T13:39:55.991433,2026-09-10T13:40:13.991433,lunch,app,2,false,
ORD-01089,2026-09-10T13:00:25,2026-09-10T13:01:54.676863,2026-09-10T13:08:01.911244,2026-09-10T13:09:26.705667,lunch,counter,3,false,
ORD-01090,2026-09-10T14:14:20,2026-09-10T14:14:32,2026-09-10T14:22:58.736036,2026-09-10T14:25:08.060562,lunch,app,4,false,
ORD-01091,2026-09-10T12:44:32,2026-09-10T12:45:50.077884,2026-09-10T12:57:51.169237,2026-09-10T13:01:19.780945,lunch,counter,3,false,
ORD-01092,2026-09-10T12:06:00,2026-09-10T12:07:30.632294,2026-09-10T12:14:15.970367,2026-09-10T12:15:10.193211,lunch,counter,4,false,stockout
ORD-01093,2026-09-10T12:20:26,2026-09-10T12:21:21.624939,2026-09-10T12:29:28.534531,2026-09-10T12:31:50.219995,lunch,counter,1,false,
ORD-01094,2026-09-10T14:00:53,2026-09-10T14:01:05,2026-09-10T14:10:08.890912,2026-09-10T14:11:15.447437,lunch,app,1,false,
ORD-01095,2026-09-10T12:08:07,2026-09-10T12:08:32.545287,2026-09-10T12:15:23.677068,2026-09-10T12:17:25.508895,lunch,counter,1,false,
ORD-01096,2026-09-10T13:32:05,2026-09-10T13:32:17,2026-09-10T13:39:47.111165,2026-09-10T13:41:34.962098,lunch,app,4,false,
ORD-01097,2026-09-10T12:44:00,2026-09-10T12:45:38.202791,2026-09-10T12:55:58.750412,2026-09-10T12:58:46.814732,lunch,app,1,false,
ORD-01098,2026-09-10T14:21:02,2026-09-10T14:21:32.256424,2026-09-10T14:24:48.014624,2026-09-10T14:27:05.646820,lunch,app,4,false,
ORD-01099,2026-09-10T13:06:07,2026-09-10T13:07:18.699592,2026-09-10T13:19:32.633848,2026-09-10T13:22:08.407612,lunch,app,3,false,
ORD-01100,2026-09-10T13:59:04,2026-09-10T13:59:40.719364,2026-09-10T14:06:00.183417,2026-09-10T14:06:22.640451,lunch,app,3,false,
ORD-01101,2026-09-10T13:48:57,2026-09-10T13:50:27.700538,2026-09-10T13:56:45.956474,2026-09-10T13:58:21.460367,lunch,counter,1,false,
ORD-01102,2026-09-10T13:12:53,2026-09-10T13:13:56.756396,2026-09-10T13:24:41.003070,2026-09-10T13:26:30.853092,lunch,app,1,false,
ORD-01103,2026-09-10T12:57:12,2026-09-10T12:58:55.025835,2026-09-10T13:08:53.409715,2026-09-10T13:11:04.350755,lunch,counter,3,false,
ORD-01104,2026-09-10T13:17:40,2026-09-10T13:19:01.233923,2026-09-10T13:24:25.770931,2026-09-10T13:27:08.667142,lunch,app,1,false,
ORD-01105,2026-09-10T13:41:17,2026-09-10T13:41:40.279887,2026-09-10T13:48:48.836960,2026-09-10T13:51:10.337551,lunch,counter,3,false,
ORD-01106,2026-09-10T14:25:33,2026-09-10T14:26:50.126585,2026-09-10T14:33:40.300525,2026-09-10T14:34:14.461332,lunch,counter,4,false,
ORD-01107,2026-09-10T14:09:24,2026-09-10T14:10:07.663914,2026-09-10T14:16:06.497199,2026-09-10T14:17:09.761549,lunch,app,1,false,
ORD-01108,2026-09-10T12:18:53,2026-09-10T12:19:55.784249,2026-09-10T12:21:55.784249,2026-09-10T12:24:28.834524,lunch,app,2,false,
ORD-01109,2026-09-10T12:18:44,2026-09-10T12:19:42.606399,2026-09-10T12:29:05.760564,2026-09-10T12:29:54.333515,lunch,app,1,false,
ORD-01110,2026-09-10T13:45:30,2026-09-10T13:46:25.432585,2026-09-10T13:54:50.317103,2026-09-10T13:57:01.859414,lunch,app,1,false,stockout
ORD-01111,2026-09-10T12:12:10,2026-09-10T12:12:37.996025,2026-09-10T12:20:33.339684,2026-09-10T12:21:08.071441,lunch,app,3,false,
ORD-01112,2026-09-10T12:23:14,2026-09-10T12:24:29.457928,2026-09-10T12:29:32.614915,2026-09-10T12:30:21.512541,lunch,counter,3,false,
ORD-01113,2026-09-10T12:54:53,2026-09-10T12:56:21.103905,2026-09-10T13:09:06.837914,2026-09-10T13:11:13.950361,lunch,app,4,false,
ORD-01114,2026-09-10T14:27:42,2026-09-10T14:28:22.929013,2026-09-10T14:36:31.804991,2026-09-10T14:37:31.688955,lunch,counter,4,false,
ORD-01115,2026-09-10T13:47:42,2026-09-10T13:49:01.177853,2026-09-10T13:54:47.984500,2026-09-10T13:55:26.058981,lunch,counter,1,false,
ORD-01116,2026-09-10T13:10:51,2026-09-10T13:11:54.148300,2026-09-10T13:26:29.268557,2026-09-10T13:28:59.059607,lunch,counter,3,false,
ORD-01117,2026-09-10T13:50:50,2026-09-10T13:51:28.646590,2026-09-10T13:55:36.357565,2026-09-10T13:55:54.357565,lunch,counter,2,false,
ORD-01118,2026-09-10T12:34:34,2026-09-10T12:36:14.511177,2026-09-10T12:48:31.002419,2026-09-10T12:50:32.304982,lunch,counter,3,false,
ORD-01119,2026-09-10T12:09:54,2026-09-10T12:10:06,2026-09-10T12:15:42.792145,2026-09-10T12:16:51.671031,lunch,counter,2,false,
ORD-01120,2026-09-10T13:24:45,2026-09-10T13:25:52.584107,2026-09-10T13:39:57.507485,2026-09-10T13:42:37.197970,lunch,counter,1,false,
ORD-01121,2026-09-10T13:08:59,2026-09-10T13:10:04.604932,2026-09-10T13:19:08.216590,2026-09-10T13:22:33.237502,lunch,app,1,false,
ORD-01122,2026-09-10T13:37:39,2026-09-10T13:39:11.068721,2026-09-10T13:44:25.993294,2026-09-10T13:45:08.946711,lunch,app,2,false,
ORD-01123,2026-09-10T14:26:46,2026-09-10T14:27:24.774026,2026-09-10T14:30:49.090529,2026-09-10T14:31:18.743392,lunch,app,1,false,
ORD-01124,2026-09-10T13:03:26,2026-09-10T13:05:06.040464,2026-09-10T13:17:13.919139,2026-09-10T13:17:31.919139,lunch,app,3,false,
ORD-01125,2026-09-10T13:35:21,2026-09-10T13:35:47.878794,2026-09-10T13:39:00.446985,2026-09-10T13:40:37.120304,lunch,counter,4,false,
ORD-01126,2026-09-10T12:38:53,2026-09-10T12:40:36.203212,2026-09-10T12:47:10.063426,2026-09-10T12:50:10.522156,lunch,app,2,false,
ORD-01127,2026-09-10T12:24:23,2026-09-10T12:25:19.070920,2026-09-10T12:28:51.339417,2026-09-10T12:30:06.580008,lunch,app,3,false,
ORD-01128,2026-09-10T12:06:28,2026-09-10T12:07:42.398450,2026-09-10T12:09:42.398450,2026-09-10T12:11:25.568404,lunch,counter,4,false,
ORD-01129,2026-09-10T14:22:38,2026-09-10T14:23:29.217004,2026-09-10T14:30:37.955267,2026-09-10T14:31:30.628328,lunch,counter,3,false,payment
ORD-01130,2026-09-10T13:36:07,2026-09-10T13:36:36.721327,2026-09-10T13:47:29.408601,2026-09-10T13:47:47.408601,lunch,app,4,false,
ORD-01131,2026-09-10T14:22:59,2026-09-10T14:23:46.714165,2026-09-10T14:30:52.821211,2026-09-10T14:32:33.585096,lunch,app,2,false,
ORD-01132,2026-09-10T13:55:05,2026-09-10T13:56:31.392999,2026-09-10T14:04:42.301141,2026-09-10T14:05:24.215877,lunch,app,1,false,
ORD-01133,2026-09-10T12:03:23,2026-09-10T12:04:02.494593,2026-09-10T12:08:11.762246,2026-09-10T12:09:57.178287,lunch,counter,4,false,
ORD-01134,2026-09-10T13:44:04,2026-09-10T13:44:45.805798,2026-09-10T13:51:48.963420,2026-09-10T13:54:24.487751,lunch,app,2,false,
ORD-01135,2026-09-10T13:03:24,2026-09-10T13:05:18.252440,2026-09-10T13:12:04.167772,2026-09-10T13:15:09.785657,lunch,app,1,false,
ORD-01136,2026-09-10T14:07:34,2026-09-10T14:08:23.643545,2026-09-10T14:13:08.628208,2026-09-10T14:13:26.628208,lunch,app,2,false,
ORD-01137,2026-09-10T12:42:49,2026-09-10T12:44:18.185646,2026-09-10T12:54:13.285619,2026-09-10T12:55:40.940200,lunch,app,2,false,
ORD-01138,2026-09-10T14:09:25,2026-09-10T14:09:43.577540,2026-09-10T14:19:54.953741,2026-09-10T14:20:12.953741,lunch,counter,4,false,
ORD-01139,2026-09-10T12:54:04,2026-09-10T12:55:51.047133,2026-09-10T13:05:49.185467,2026-09-10T13:06:29.476634,lunch,app,1,false,
ORD-01140,2026-09-10T13:50:02,2026-09-10T13:50:33.992192,2026-09-10T14:02:29.937272,2026-09-10T14:04:07.846218,lunch,counter,4,false,kitchen_rework
ORD-01141,2026-09-10T12:50:47,2026-09-10T12:52:03.592119,2026-09-10T12:58:49.603009,2026-09-10T13:00:51.389520,lunch,app,1,false,
ORD-01142,2026-09-10T14:14:56,2026-09-10T14:15:56.668888,2026-09-10T14:21:06.010223,2026-09-10T14:23:59.991270,lunch,app,4,false,
ORD-01143,2026-09-10T13:46:18,2026-09-10T13:46:35.630514,2026-09-10T13:52:07.933161,2026-09-10T13:54:10.857864,lunch,counter,1,false,
ORD-01144,2026-09-10T12:47:50,2026-09-10T12:48:37.791649,2026-09-10T12:58:37.090084,2026-09-10T13:02:32.769339,lunch,app,2,false,
ORD-01145,2026-09-10T13:19:45,2026-09-10T13:20:55.274407,2026-09-10T13:31:46.368699,2026-09-10T13:33:56.924176,lunch,counter,3,false,
ORD-01146,2026-09-10T12:02:04,2026-09-10T12:02:25.509771,2026-09-10T12:07:19.821601,2026-09-10T12:08:58.619750,lunch,counter,1,false,
ORD-01147,2026-09-10T12:23:48,2026-09-10T12:24:26.727648,2026-09-10T12:32:50.412815,2026-09-10T12:35:32.315006,lunch,counter,3,false,
ORD-01148,2026-09-10T13:43:33,2026-09-10T13:44:46.732894,2026-09-10T13:51:01.014156,2026-09-10T13:51:31.970240,lunch,counter,1,false,
ORD-01149,2026-09-10T12:29:38,2026-09-10T12:31:28.382554,2026-09-10T12:39:15.304239,2026-09-10T12:41:12.361403,lunch,app,2,false,
ORD-01150,2026-09-10T13:53:14,2026-09-10T13:54:29.141793,2026-09-10T14:05:14.426639,2026-09-10T14:06:15.362181,lunch,app,2,false,
ORD-01151,2026-09-10T13:57:13,2026-09-10T13:58:47.121534,2026-09-10T14:07:01.521143,2026-09-10T14:08:20.180479,lunch,counter,2,false,
ORD-01152,2026-09-10T14:17:08,2026-09-10T14:18:08.171923,2026-09-10T14:23:14.652952,2026-09-10T14:24:03.558572,lunch,app,4,false,
ORD-01153,2026-09-10T12:20:08,2026-09-10T12:20:40.294418,2026-09-10T12:27:48.013929,2026-09-10T12:28:50.079173,lunch,counter,4,false,
ORD-01154,2026-09-10T12:31:58,2026-09-10T12:33:05.486599,2026-09-10T12:46:09.609505,2026-09-10T12:48:18.648611,lunch,counter,3,false,
ORD-01155,2026-09-10T14:01:29,2026-09-10T14:02:13.903729,2026-09-10T14:12:29.064373,2026-09-10T14:14:13.822213,lunch,counter,3,false,
ORD-01156,2026-09-10T13:32:49,2026-09-10T13:33:01,2026-09-10T13:41:27.538421,2026-09-10T13:42:31.876279,lunch,app,2,false,
ORD-01157,2026-09-10T13:19:47,2026-09-10T13:20:42.521912,2026-09-10T13:33:20.037208,2026-09-10T13:34:11.676561,lunch,counter,2,false,
ORD-01158,2026-09-10T13:46:42,2026-09-10T13:47:42.895152,2026-09-10T13:54:17.653834,2026-09-10T13:55:29.643271,lunch,app,3,false,
ORD-01159,2026-09-10T14:11:57,2026-09-10T14:12:54.591111,2026-09-10T14:22:05.700160,2026-09-10T14:24:26.272520,lunch,app,4,false,
ORD-01160,2026-09-10T14:02:11,2026-09-10T14:03:26.250328,2026-09-10T14:09:10.420944,2026-09-10T14:10:46.161058,lunch,counter,3,false,
ORD-01161,2026-09-10T13:17:24,2026-09-10T13:18:00.611571,2026-09-10T13:34:59.651944,2026-09-10T13:36:27.862932,lunch,counter,1,false,kitchen_rework
ORD-01162,2026-09-10T12:43:16,2026-09-10T12:44:07.877029,2026-09-10T12:53:57.864990,2026-09-10T12:55:02.909040,lunch,app,3,false,
ORD-01163,2026-09-10T13:07:57,2026-09-10T13:09:29.689385,2026-09-10T13:15:42.100513,2026-09-10T13:17:50.097043,lunch,app,3,false,stockout
ORD-01164,2026-09-10T12:24:55,2026-09-10T12:26:41.288107,2026-09-10T12:37:34.159534,2026-09-10T12:38:54.129739,lunch,counter,4,false,stockout
ORD-01165,2026-09-10T14:10:22,2026-09-10T14:11:25.742200,2026-09-10T14:15:18.528672,2026-09-10T14:17:16.699490,lunch,app,4,false,
ORD-01166,2026-09-10T12:45:40,2026-09-10T12:47:38.957800,2026-09-10T13:06:28.954103,2026-09-10T13:09:08.052651,lunch,counter,4,false,kitchen_rework
ORD-01167,2026-09-10T13:36:59,2026-09-10T13:38:31.126132,2026-09-10T13:44:35.776467,2026-09-10T13:44:53.776467,lunch,app,2,false,
ORD-01168,2026-09-10T13:19:47,2026-09-10T13:20:33.848944,2026-09-10T13:29:04.438731,2026-09-10T13:31:51.301690,lunch,app,2,false,
ORD-01169,2026-09-10T13:19:00,2026-09-10T13:20:56.931404,2026-09-10T13:29:42.799982,2026-09-10T13:31:32.152716,lunch,counter,2,false,
ORD-01170,2026-09-10T12:38:05,2026-09-10T12:38:47.746699,2026-09-10T12:45:32.022086,2026-09-10T12:48:02.156683,lunch,counter,1,false,
ORD-01171,2026-09-10T13:24:47,2026-09-10T13:26:00.906380,2026-09-10T13:37:01.404982,2026-09-10T13:38:26.136974,lunch,app,1,false,
ORD-01172,2026-09-10T13:32:36,2026-09-10T13:33:08.530586,2026-09-10T13:43:02.129602,2026-09-10T13:43:24.846534,lunch,app,4,false,
ORD-01173,2026-09-10T12:01:55,2026-09-10T12:02:59.345756,2026-09-10T12:13:08.647114,2026-09-10T12:13:53.372373,lunch,app,3,false,
ORD-01174,2026-09-10T13:20:10,2026-09-10T13:21:27.982753,2026-09-10T13:31:53.244869,2026-09-10T13:34:30.225860,lunch,counter,4,false,
ORD-01175,2026-09-10T13:30:05,2026-09-10T13:31:24.871812,2026-09-10T13:40:17.651054,2026-09-10T13:43:16.210906,lunch,counter,4,false,
ORD-01176,2026-09-10T13:58:31,2026-09-10T13:58:43,2026-09-10T14:02:57.673414,2026-09-10T14:03:38.075685,lunch,app,3,false,
ORD-01177,2026-09-10T14:20:06,2026-09-10T14:20:42.106854,2026-09-10T14:25:02.619903,2026-09-10T14:25:31.796868,lunch,counter,1,false,
ORD-01178,2026-09-10T12:51:57,2026-09-10T12:53:33.586480,2026-09-10T13:00:51.153666,2026-09-10T13:03:05.959581,lunch,app,3,false,
ORD-01179,2026-09-10T12:20:14,2026-09-10T12:22:02.078058,2026-09-10T12:29:29.225156,2026-09-10T12:30:20.414500,lunch,counter,1,false,
ORD-01180,2026-09-10T14:22:27,2026-09-10T14:23:27.760344,2026-09-10T14:40:56.338656,2026-09-10T14:42:01.641190,lunch,app,1,false,kitchen_rework
ORD-01181,2026-09-10T14:19:22,2026-09-10T14:20:26.883464,2026-09-10T14:26:28.715954,2026-09-10T14:28:20.732113,lunch,app,2,false,
ORD-01182,2026-09-10T12:26:33,2026-09-10T12:27:02.369521,2026-09-10T12:34:19.958271,2026-09-10T12:34:37.958271,lunch,app,1,false,payment
ORD-01183,2026-09-10T14:08:20,2026-09-10T14:09:40.008231,2026-09-10T14:23:45.172605,2026-09-10T14:26:15.827742,lunch,app,1,false,kitchen_rework
ORD-01184,2026-09-10T13:23:51,2026-09-10T13:24:41.353177,2026-09-10T13:30:10.043188,2026-09-10T13:32:36.132684,lunch,counter,3,false,
ORD-01185,2026-09-10T12:39:59,2026-09-10T12:41:18.037701,2026-09-10T12:49:47.416292,2026-09-10T12:52:15.428808,lunch,counter,3,false,
ORD-01186,2026-09-10T19:05:27,2026-09-10T19:05:56.043132,2026-09-10T19:14:04.328479,2026-09-10T19:15:44.460198,dinner,counter,1,false,
ORD-01187,2026-09-10T20:35:48,2026-09-10T20:36:18.280187,2026-09-10T20:39:41.736934,2026-09-10T20:41:03.574706,dinner,app,2,false,
ORD-01188,2026-09-10T19:38:07,2026-09-10T19:39:07.794136,2026-09-10T19:52:59.350540,2026-09-10T19:54:39.128029,dinner,counter,2,false,
ORD-01189,2026-09-10T21:06:35,2026-09-10T21:06:56.804293,2026-09-10T21:12:59.059760,2026-09-10T21:14:05.223392,dinner,app,3,false,
ORD-01190,2026-09-10T20:55:32,2026-09-10T20:56:07.236652,2026-09-10T21:04:35.835442,2026-09-10T21:05:05.409704,dinner,app,3,false,
ORD-01191,2026-09-10T20:48:33,2026-09-10T20:48:54.082833,2026-09-10T20:55:25.962989,2026-09-10T20:56:53.651622,dinner,app,1,false,
ORD-01192,2026-09-10T19:35:15,2026-09-10T19:36:17.255779,2026-09-10T19:43:02.511112,2026-09-10T19:45:38.001690,dinner,counter,3,false,
ORD-01193,2026-09-10T19:18:04,2026-09-10T19:18:52.891588,2026-09-10T19:23:28.107018,2026-09-10T19:24:30.900421,dinner,app,4,false,
ORD-01194,2026-09-10T20:09:44,2026-09-10T20:11:04.305921,2026-09-10T20:21:02.573624,2026-09-10T20:23:40.381208,dinner,app,4,false,
ORD-01195,2026-09-10T19:50:43,2026-09-10T19:52:02.764913,2026-09-10T20:00:12.165332,2026-09-10T20:01:24.724014,dinner,counter,4,false,
ORD-01196,2026-09-10T20:16:18,2026-09-10T20:17:04.331425,2026-09-10T20:28:33.433608,2026-09-10T20:30:01.733772,dinner,app,1,false,
ORD-01197,2026-09-10T19:53:16,2026-09-10T19:54:36.991474,2026-09-10T20:06:13.228233,2026-09-10T20:07:35.496158,dinner,app,3,false,
ORD-01198,2026-09-10T21:24:06,2026-09-10T21:24:52.669783,2026-09-10T21:31:44.947619,2026-09-10T21:32:51.389274,dinner,app,4,false,payment
ORD-01199,2026-09-10T20:54:23,2026-09-10T20:55:43.481537,2026-09-10T21:04:30.518701,2026-09-10T21:05:56.282020,dinner,counter,4,false,
ORD-01200,2026-09-10T19:50:01,2026-09-10T19:51:23.919280,2026-09-10T20:02:22.403239,2026-09-10T20:06:15.460232,dinner,counter,2,false,
ORD-01201,2026-09-10T19:50:24,2026-09-10T19:50:54.564541,2026-09-10T20:00:30.668624,2026-09-10T20:04:03.961095,dinner,app,2,false,
ORD-01202,2026-09-10T19:04:02,2026-09-10T19:04:43.880504,2026-09-10T19:10:35.904792,2026-09-10T19:12:17.688481,dinner,app,1,false,
ORD-01203,2026-09-10T19:03:46,2026-09-10T19:04:27.646269,2026-09-10T19:14:39.934685,2026-09-10T19:15:04.543592,dinner,app,4,false,
ORD-01204,2026-09-10T21:16:59,2026-09-10T21:17:41.831471,2026-09-10T21:24:16.482745,2026-09-10T21:25:13.960565,dinner,app,2,false,
ORD-01205,2026-09-10T19:19:22,2026-09-10T19:20:09.107337,2026-09-10T19:24:45.707216,2026-09-10T19:26:33.511931,dinner,counter,2,false,
ORD-01206,2026-09-10T19:24:47,2026-09-10T19:25:29.166012,2026-09-10T19:33:21.933528,2026-09-10T19:34:59.029310,dinner,counter,4,false,
ORD-01207,2026-09-10T20:42:28,2026-09-10T20:43:19.369514,2026-09-10T20:48:58.852294,2026-09-10T20:51:01.970631,dinner,counter,4,false,
ORD-01208,2026-09-10T19:33:13,2026-09-10T19:34:32.201392,2026-09-10T19:48:54.379215,2026-09-10T19:51:07.028729,dinner,counter,4,false,kitchen_rework
ORD-01209,2026-09-10T20:54:15,2026-09-10T20:54:55.350627,2026-09-10T20:57:02.430976,2026-09-10T20:58:44.477229,dinner,counter,2,false,
ORD-01210,2026-09-10T19:10:42,2026-09-10T19:11:13.093309,2026-09-10T19:21:02.925231,2026-09-10T19:21:46.473372,dinner,counter,4,false,
ORD-01211,2026-09-10T19:55:41,2026-09-10T19:56:35.782054,2026-09-10T20:06:58.002973,2026-09-10T20:10:11.228747,dinner,counter,3,false,
ORD-01212,2026-09-10T21:28:52,2026-09-10T21:29:54.436436,2026-09-10T21:39:38.915350,2026-09-10T21:40:34.965201,dinner,counter,3,false,
ORD-01213,2026-09-10T19:54:26,2026-09-10T19:55:14.093388,2026-09-10T20:06:50.782630,2026-09-10T20:08:43.976910,dinner,counter,3,false,
ORD-01214,2026-09-10T20:06:04,2026-09-10T20:07:24.528180,2026-09-10T20:17:19.029950,2026-09-10T20:18:58.921118,dinner,app,1,false,
ORD-01215,2026-09-10T19:34:53,2026-09-10T19:35:29.016741,2026-09-10T19:46:43.957592,,dinner,counter,4,true,
ORD-01216,2026-09-10T20:30:58,2026-09-10T20:32:26.171409,2026-09-10T20:44:24.546222,2026-09-10T20:46:35.249156,dinner,counter,1,false,
ORD-01217,2026-09-10T19:05:00,2026-09-10T19:05:15.944698,2026-09-10T19:18:38.730051,2026-09-10T19:19:38.510877,dinner,counter,4,false,kitchen_rework
ORD-01218,2026-09-10T19:09:48,2026-09-10T19:10:42.664869,2026-09-10T19:18:01.341872,2026-09-10T19:18:43.695034,dinner,app,2,false,
ORD-01219,2026-09-10T19:13:54,2026-09-10T19:14:58.164086,2026-09-10T19:24:10.261717,2026-09-10T19:25:58.359698,dinner,app,3,false,
ORD-01220,2026-09-10T19:27:46,2026-09-10T19:28:12.836003,2026-09-10T19:32:12.934252,2026-09-10T19:34:45.068232,dinner,app,1,false,
ORD-01221,2026-09-10T19:38:26,2026-09-10T19:39:29.488984,2026-09-10T19:49:43.267262,2026-09-10T19:51:27.365019,dinner,counter,1,false,
ORD-01222,2026-09-10T21:10:50,2026-09-10T21:11:40.003957,2026-09-10T21:22:17.723845,2026-09-10T21:23:17.288570,dinner,counter,1,false,
ORD-01223,2026-09-10T19:28:01,2026-09-10T19:29:06.055943,2026-09-10T19:36:30.668662,2026-09-10T19:37:42.329601,dinner,counter,3,false,
ORD-01224,2026-09-10T21:08:56,2026-09-10T21:09:52.202250,2026-09-10T21:26:03.275234,2026-09-10T21:27:18.693987,dinner,app,1,false,kitchen_rework
ORD-01225,2026-09-10T20:59:47,2026-09-10T21:00:37.480952,2026-09-10T21:08:33.505607,2026-09-10T21:08:53.078942,dinner,app,3,false,
ORD-01226,2026-09-10T21:02:47,2026-09-10T21:03:38.892772,2026-09-10T21:07:29.121556,2026-09-10T21:08:14.636529,dinner,app,4,false,
ORD-01227,2026-09-10T19:16:19,2026-09-10T19:16:31,2026-09-10T19:20:06.254274,,dinner,counter,2,true,
ORD-01228,2026-09-10T21:16:51,2026-09-10T21:17:25.766298,2026-09-10T21:25:45.898530,2026-09-10T21:26:03.898530,dinner,counter,4,false,
ORD-01229,2026-09-10T19:14:08,2026-09-10T19:15:11.581941,2026-09-10T19:17:11.581941,2026-09-10T19:17:29.581941,dinner,counter,1,false,
ORD-01230,2026-09-10T21:28:53,2026-09-10T21:30:05.674919,2026-09-10T21:38:15.857869,2026-09-10T21:39:57.951770,dinner,counter,3,false,
ORD-01231,2026-09-10T20:03:45,2026-09-10T20:05:51.965548,2026-09-10T20:11:30.796600,2026-09-10T20:13:31.344222,dinner,counter,2,false,
ORD-01232,2026-09-10T21:11:15,2026-09-10T21:12:01.045864,2026-09-10T21:19:54.860902,2026-09-10T21:20:18.107952,dinner,counter,1,false,payment
ORD-01233,2026-09-10T19:37:42,2026-09-10T19:38:52.084178,2026-09-10T19:49:11.724435,2026-09-10T19:51:29.369053,dinner,counter,2,false,
ORD-01234,2026-09-10T19:59:35,2026-09-10T20:01:02.906233,2026-09-10T20:11:47.833065,2026-09-10T20:13:47.157143,dinner,counter,3,false,
ORD-01235,2026-09-10T20:11:21,2026-09-10T20:12:26.382348,2026-09-10T20:20:15.267390,2026-09-10T20:22:40.518470,dinner,app,3,false,
ORD-01236,2026-09-10T20:48:33,2026-09-10T20:49:48.460419,2026-09-10T20:58:11.473225,2026-09-10T20:59:32.136942,dinner,app,2,false,
ORD-01237,2026-09-10T20:25:25,2026-09-10T20:26:05.090921,2026-09-10T20:32:56.880179,2026-09-10T20:35:06.746197,dinner,counter,1,false,
ORD-01238,2026-09-10T20:37:13,2026-09-10T20:38:05.270805,2026-09-10T20:44:49.523294,2026-09-10T20:45:07.523294,dinner,counter,4,false,
ORD-01239,2026-09-10T20:15:59,2026-09-10T20:16:56.371124,2026-09-10T20:24:08.224611,2026-09-10T20:25:41.300729,dinner,app,4,false,
ORD-01240,2026-09-10T20:44:43,2026-09-10T20:45:25.943007,2026-09-10T20:55:13.601541,2026-09-10T20:56:32.552171,dinner,counter,3,false,
ORD-01241,2026-09-10T19:02:20,2026-09-10T19:03:57.963556,2026-09-10T19:13:49.846105,2026-09-10T19:15:07.290023,dinner,counter,4,false,
ORD-01242,2026-09-10T19:43:15,2026-09-10T19:44:46.358620,2026-09-10T20:00:20.360069,2026-09-10T20:02:48.423775,dinner,app,3,false,
ORD-01243,2026-09-10T19:10:48,2026-09-10T19:11:04.014497,2026-09-10T19:13:04.014497,2026-09-10T19:14:59.206614,dinner,app,2,false,
ORD-01244,2026-09-10T19:10:14,2026-09-10T19:10:26,2026-09-10T19:22:03.975535,2026-09-10T19:22:54.904390,dinner,app,1,false,
ORD-01245,2026-09-10T19:38:47,2026-09-10T19:40:28.356757,2026-09-10T19:51:17.369087,2026-09-10T19:53:34.394318,dinner,app,2,false,
ORD-01246,2026-09-10T19:08:01,2026-09-10T19:09:09.700043,2026-09-10T19:14:17.211481,2026-09-10T19:16:33.887410,dinner,counter,2,false,
ORD-01247,2026-09-10T20:31:51,2026-09-10T20:32:45.166668,2026-09-10T20:42:20.460033,2026-09-10T20:44:07.847762,dinner,app,4,false,
ORD-01248,2026-09-10T20:21:10,2026-09-10T20:22:26.751987,2026-09-10T20:36:15.780734,,dinner,app,3,true,
ORD-01249,2026-09-10T21:26:36,2026-09-10T21:27:12.879805,2026-09-10T21:31:32.982084,2026-09-10T21:33:28.847155,dinner,counter,4,false,
ORD-01250,2026-09-10T20:12:44,2026-09-10T20:14:22.082378,2026-09-10T20:23:12.863714,2026-09-10T20:25:20.406188,dinner,counter,4,false,
ORD-01251,2026-09-10T21:24:37,2026-09-10T21:25:34.083381,2026-09-10T21:30:33.760620,2026-09-10T21:31:20.436311,dinner,app,1,false,
ORD-01252,2026-09-10T19:34:37,2026-09-10T19:35:07.137262,2026-09-10T19:39:40.986985,2026-09-10T19:41:24.121024,dinner,counter,3,false,
ORD-01253,2026-09-10T19:52:58,2026-09-10T19:53:51.164451,2026-09-10T20:09:08.410525,2026-09-10T20:11:48.235201,dinner,app,3,false,
ORD-01254,2026-09-10T21:06:00,2026-09-10T21:06:39.338072,2026-09-10T21:16:31.586527,2026-09-10T21:17:41.026818,dinner,app,2,false,
ORD-01255,2026-09-10T20:52:56,2026-09-10T20:53:43.703914,2026-09-10T20:58:53.642364,2026-09-10T21:00:15.470475,dinner,counter,1,false,
ORD-01256,2026-09-10T21:05:39,2026-09-10T21:06:41.053553,2026-09-10T21:14:21.207043,,dinner,counter,1,true,
ORD-01257,2026-09-10T21:29:34,2026-09-10T21:30:19.830744,2026-09-10T21:42:00.940427,2026-09-10T21:43:26.635902,dinner,counter,2,false,
ORD-01258,2026-09-10T20:09:49,2026-09-10T20:11:23.623679,2026-09-10T20:23:29.209476,2026-09-10T20:25:17.054675,dinner,counter,2,false,
ORD-01259,2026-09-10T20:06:13,2026-09-10T20:08:31.392957,2026-09-10T20:17:59.479354,2026-09-10T20:20:52.897205,dinner,counter,4,false,
ORD-01260,2026-09-10T19:38:28,2026-09-10T19:40:08.696813,2026-09-10T19:47:48.553462,2026-09-10T19:48:06.553462,dinner,app,2,false,
ORD-01261,2026-09-10T20:40:14,2026-09-10T20:41:27.425209,2026-09-10T20:52:50.648436,2026-09-10T20:54:46.262227,dinner,counter,4,false,
ORD-01262,2026-09-10T20:24:30,2026-09-10T20:26:05.898149,2026-09-10T20:34:56.665217,2026-09-10T20:37:13.176474,dinner,app,4,false,
ORD-01263,2026-09-10T20:19:40,2026-09-10T20:21:08.859785,2026-09-10T20:31:57.791326,2026-09-10T20:35:10.766913,dinner,app,1,false,
ORD-01264,2026-09-10T19:11:39,2026-09-10T19:12:39.693177,2026-09-10T19:20:14.189444,2026-09-10T19:21:40.479606,dinner,app,3,false,
ORD-01265,2026-09-10T20:41:28,2026-09-10T20:42:49.844290,2026-09-10T20:45:45.911377,2026-09-10T20:46:03.911377,dinner,counter,1,false,
ORD-01266,2026-09-10T19:45:45,2026-09-10T19:47:07.748258,2026-09-10T19:56:24.150817,,dinner,app,1,true,
ORD-01267,2026-09-10T21:04:45,2026-09-10T21:06:12.778489,2026-09-10T21:15:01.955485,2026-09-10T21:15:31.763492,dinner,app,3,false,
ORD-01268,2026-09-10T21:26:39,2026-09-10T21:28:07.189368,2026-09-10T21:33:10.769001,2026-09-10T21:34:29.847422,dinner,app,2,false,
ORD-01269,2026-09-10T19:24:05,2026-09-10T19:25:03.323163,2026-09-10T19:31:57.652997,2026-09-10T19:32:27.925805,dinner,app,1,false,
ORD-01270,2026-09-10T19:16:09,2026-09-10T19:16:47.353112,2026-09-10T19:27:10.528530,2026-09-10T19:28:55.828920,dinner,counter,4,false,
ORD-01271,2026-09-10T21:22:10,2026-09-10T21:23:01.247601,2026-09-10T21:25:01.247601,2026-09-10T21:26:18.015692,dinner,app,3,false,
ORD-01272,2026-09-10T20:23:38,2026-09-10T20:25:21.926579,2026-09-10T20:36:18.342998,2026-09-10T20:38:54.163152,dinner,counter,2,false,
ORD-01273,2026-09-10T19:46:49,2026-09-10T19:48:26.321171,2026-09-10T20:02:51.093480,2026-09-10T20:06:25.278339,dinner,counter,4,false,
ORD-01274,2026-09-10T20:26:00,2026-09-10T20:27:38.854147,2026-09-10T20:38:04.911571,2026-09-10T20:40:23.472012,dinner,counter,4,false,
ORD-01275,2026-09-10T20:06:10,2026-09-10T20:07:29.056137,2026-09-10T20:18:20.282469,2026-09-10T20:20:05.691023,dinner,app,2,false,
ORD-01276,2026-09-10T19:26:44,2026-09-10T19:27:55.679567,2026-09-10T19:38:33.343534,2026-09-10T19:38:51.343534,dinner,app,1,false,
ORD-01277,2026-09-10T21:09:25,2026-09-10T21:09:56.334300,2026-09-10T21:14:00.198682,2026-09-10T21:15:21.159235,dinner,app,2,false,
ORD-01278,2026-09-10T20:41:26,2026-09-10T20:42:01.116833,2026-09-10T20:48:14.454463,2026-09-10T20:48:32.454463,dinner,counter,4,false,
ORD-01279,2026-09-10T21:26:39,2026-09-10T21:27:06.671613,2026-09-10T21:33:48.389756,2026-09-10T21:35:33.975304,dinner,app,4,false,
ORD-01280,2026-09-10T20:54:14,2026-09-10T20:54:59.028335,2026-09-10T21:01:38.478809,2026-09-10T21:01:56.478809,dinner,counter,2,false,
ORD-01281,2026-09-10T19:34:22,2026-09-10T19:36:14.613825,2026-09-10T19:43:13.307064,2026-09-10T19:43:54.492092,dinner,app,4,false,
ORD-01282,2026-09-10T19:41:01,2026-09-10T19:42:03.595397,2026-09-10T19:52:18.309524,,dinner,counter,1,true,
ORD-01283,2026-09-10T20:32:45,2026-09-10T20:33:09.412942,2026-09-10T20:39:13.081642,2026-09-10T20:39:51.344941,dinner,counter,3,false,
ORD-01284,2026-09-10T21:10:59,2026-09-10T21:12:20.981292,2026-09-10T21:18:03.359115,2026-09-10T21:20:23.309873,dinner,app,4,false,
ORD-01285,2026-09-10T21:17:27,2026-09-10T21:18:42.910851,2026-09-10T21:36:37.515764,2026-09-10T21:37:18.436745,dinner,app,3,false,kitchen_rework
ORD-01286,2026-09-10T19:28:12,2026-09-10T19:29:37.953900,2026-09-10T19:36:04.416758,2026-09-10T19:37:12.318138,dinner,counter,4,false,
ORD-01287,2026-09-10T20:57:58,2026-09-10T20:59:06.962397,2026-09-10T21:04:13.292553,2026-09-10T21:05:24.260205,dinner,counter,2,false,
ORD-01288,2026-09-10T20:42:08,2026-09-10T20:43:10.840479,2026-09-10T20:51:53.659428,2026-09-10T20:52:44.027581,dinner,app,1,false,
ORD-01289,2026-09-10T20:52:51,2026-09-10T20:53:58.830735,2026-09-10T21:01:30.334594,2026-09-10T21:02:34.710289,dinner,counter,4,false,
ORD-01290,2026-09-10T19:53:23,2026-09-10T19:54:25.021201,2026-09-10T19:59:08.572074,2026-09-10T20:00:09.331678,dinner,app,3,false,
ORD-01291,2026-09-10T21:26:56,2026-09-10T21:27:47.014662,2026-09-10T21:38:02.302372,2026-09-10T21:38:37.211465,dinner,counter,2,false,
ORD-01292,2026-09-10T19:44:06,2026-09-10T19:46:05.667179,2026-09-10T19:58:03.800960,2026-09-10T19:59:26.567780,dinner,app,2,false,
ORD-01293,2026-09-10T20:40:43,2026-09-10T20:41:10.299319,2026-09-10T20:48:55.279277,2026-09-10T20:49:53.841278,dinner,counter,2,false,
ORD-01294,2026-09-10T20:20:15,2026-09-10T20:22:05.487783,2026-09-10T20:32:37.735512,2026-09-10T20:34:36.634965,dinner,app,4,false,
ORD-01295,2026-09-10T19:40:59,2026-09-10T19:42:14.552023,2026-09-10T19:55:04.787564,2026-09-10T19:57:34.321469,dinner,app,2,false,
ORD-01296,2026-09-10T19:43:38,2026-09-10T19:45:39.027089,2026-09-10T19:53:26.083747,2026-09-10T19:56:21.073833,dinner,app,4,false,
ORD-01297,2026-09-10T20:01:41,2026-09-10T20:03:17.603864,2026-09-10T20:16:55.352430,2026-09-10T20:18:24.108378,dinner,app,3,false,
ORD-01298,2026-09-10T19:23:43,2026-09-10T19:23:55,2026-09-10T19:29:09.522116,2026-09-10T19:30:20.239145,dinner,counter,3,false,
ORD-01299,2026-09-10T20:33:13,2026-09-10T20:34:42.705712,2026-09-10T20:41:22.044457,2026-09-10T20:43:23.212160,dinner,counter,4,false,
ORD-01300,2026-09-10T20:21:11,2026-09-10T20:22:18.486237,2026-09-10T20:31:08.441570,2026-09-10T20:33:23.479956,dinner,counter,2,false,
ORD-01301,2026-09-11T08:32:34,2026-09-11T08:34:11.194162,2026-09-11T08:48:15.697469,2026-09-11T08:50:34.089726,breakfast,app,4,false,
ORD-01302,2026-09-11T08:32:44,2026-09-11T08:33:05.678965,2026-09-11T08:44:55.296035,2026-09-11T08:47:42.725557,breakfast,app,1,false,
ORD-01303,2026-09-11T09:00:55,2026-09-11T09:01:57.759212,2026-09-11T09:14:27.702845,2026-09-11T09:16:04.464496,breakfast,app,3,false,
ORD-01304,2026-09-11T08:44:43,2026-09-11T08:45:58.211141,2026-09-11T08:53:52.226498,2026-09-11T08:56:08.566483,breakfast,app,3,false,
ORD-01305,2026-09-11T09:07:43,2026-09-11T09:08:58.074301,2026-09-11T09:18:30.434266,2026-09-11T09:20:30.931778,breakfast,counter,3,false,
ORD-01306,2026-09-11T09:03:45,2026-09-11T09:05:09.236307,2026-09-11T09:12:53.899718,2026-09-11T09:15:32.266675,breakfast,app,2,false,
ORD-01307,2026-09-11T09:19:55,2026-09-11T09:21:12.235791,2026-09-11T09:30:57.725722,2026-09-11T09:33:08.378481,breakfast,app,2,false,
ORD-01308,2026-09-11T09:19:10,2026-09-11T09:20:43.309345,2026-09-11T09:26:18.998223,2026-09-11T09:27:09.171864,breakfast,counter,1,false,
ORD-01309,2026-09-11T08:13:49,2026-09-11T08:14:09.578415,2026-09-11T08:20:27.972336,2026-09-11T08:21:46.395677,breakfast,counter,4,false,
ORD-01310,2026-09-11T09:42:04,2026-09-11T09:42:27.057751,2026-09-11T09:44:27.057751,2026-09-11T09:45:09.339658,breakfast,app,3,false,
ORD-01311,2026-09-11T09:18:23,2026-09-11T09:19:10.419843,2026-09-11T09:35:24.777757,2026-09-11T09:38:20.493818,breakfast,app,3,false,
ORD-01312,2026-09-11T08:05:31,2026-09-11T08:06:34.084367,2026-09-11T08:13:40.555584,2026-09-11T08:13:58.555584,breakfast,counter,4,false,
ORD-01313,2026-09-11T09:22:54,2026-09-11T09:24:00.679483,2026-09-11T09:30:24.400302,2026-09-11T09:32:44.146064,breakfast,app,4,false,
ORD-01314,2026-09-11T09:56:18,2026-09-11T09:56:30,2026-09-11T10:05:36.722711,2026-09-11T10:06:49.606856,breakfast,app,4,false,
ORD-01315,2026-09-11T09:08:04,2026-09-11T09:09:33.161840,2026-09-11T09:24:04.386600,2026-09-11T09:24:46.374083,breakfast,counter,2,false,
ORD-01316,2026-09-11T09:36:54,2026-09-11T09:37:15.891902,2026-09-11T09:40:27.671134,2026-09-11T09:41:23.856573,breakfast,app,1,false,
ORD-01317,2026-09-11T09:10:24,2026-09-11T09:12:06.647952,2026-09-11T09:17:03.209651,2026-09-11T09:19:13.598266,breakfast,app,3,false,
ORD-01318,2026-09-11T09:16:26,2026-09-11T09:17:47.054960,2026-09-11T09:30:56.582234,2026-09-11T09:33:31.312888,breakfast,app,2,false,
ORD-01319,2026-09-11T08:50:45,2026-09-11T08:51:32.614768,2026-09-11T09:03:52.645290,2026-09-11T09:05:28.321951,breakfast,counter,2,false,
ORD-01320,2026-09-11T09:28:07,2026-09-11T09:29:08.348802,2026-09-11T09:39:30.986142,2026-09-11T09:41:57.782668,breakfast,counter,3,false,
ORD-01321,2026-09-11T09:05:26,2026-09-11T09:06:35.506739,2026-09-11T09:10:54.541049,2026-09-11T09:12:06.137609,breakfast,counter,4,false,
ORD-01322,2026-09-11T09:49:25,2026-09-11T09:50:25.981107,2026-09-11T09:52:25.981107,2026-09-11T09:54:15.446371,breakfast,app,4,false,
ORD-01323,2026-09-11T08:23:15,2026-09-11T08:24:35.480337,2026-09-11T08:26:35.480337,2026-09-11T08:27:52.444316,breakfast,app,3,false,
ORD-01324,2026-09-11T08:56:53,2026-09-11T08:59:11.726116,2026-09-11T09:10:27.351787,2026-09-11T09:12:09.899185,breakfast,app,2,false,
ORD-01325,2026-09-11T08:57:09,2026-09-11T08:58:36.342006,2026-09-11T09:07:02.091919,2026-09-11T09:09:00.300275,breakfast,counter,3,false,stockout
ORD-01326,2026-09-11T08:03:03,2026-09-11T08:03:15,2026-09-11T08:10:37.916022,2026-09-11T08:13:15.665343,breakfast,counter,1,false,stockout
ORD-01327,2026-09-11T09:17:20,2026-09-11T09:18:45.183331,2026-09-11T09:31:53.308323,2026-09-11T09:34:43.736979,breakfast,counter,2,false,
ORD-01328,2026-09-11T08:51:57,2026-09-11T08:53:44.739029,2026-09-11T09:08:08.159326,2026-09-11T09:09:28.054280,breakfast,counter,2,false,
ORD-01329,2026-09-11T08:42:36,2026-09-11T08:43:39.326384,2026-09-11T08:53:36.918931,2026-09-11T08:55:04.552533,breakfast,counter,4,false,
ORD-01330,2026-09-11T09:19:09,2026-09-11T09:20:38.156688,2026-09-11T09:29:08.808052,2026-09-11T09:31:26.757576,breakfast,counter,4,false,
ORD-01331,2026-09-11T09:16:58,2026-09-11T09:18:36.471799,2026-09-11T09:23:15.272422,2026-09-11T09:24:49.316278,breakfast,app,2,false,
ORD-01332,2026-09-11T09:31:51,2026-09-11T09:32:52.031717,2026-09-11T09:34:52.031717,2026-09-11T09:36:18.185555,breakfast,app,2,false,
ORD-01333,2026-09-11T09:18:33,2026-09-11T09:20:25.550073,2026-09-11T09:30:40.332623,2026-09-11T09:31:21.460293,breakfast,app,1,false,
ORD-01334,2026-09-11T08:24:04,2026-09-11T08:25:00.038126,2026-09-11T08:29:37.871476,2026-09-11T08:30:45.897299,breakfast,app,4,false,
ORD-01335,2026-09-11T09:02:50,2026-09-11T09:04:02.987137,2026-09-11T09:13:40.656842,2026-09-11T09:16:26.125200,breakfast,counter,4,false,
ORD-01336,2026-09-11T09:47:56,2026-09-11T09:49:02.372613,2026-09-11T10:02:10.820246,2026-09-11T10:03:13.674910,breakfast,counter,3,false,
ORD-01337,2026-09-11T08:16:07,2026-09-11T08:17:12.073113,2026-09-11T08:20:27.805064,2026-09-11T08:21:32.964926,breakfast,counter,2,false,
ORD-01338,2026-09-11T08:17:57,2026-09-11T08:18:50.917880,2026-09-11T08:27:28.460749,2026-09-11T08:29:08.472137,breakfast,app,3,false,
ORD-01339,2026-09-11T08:28:04,2026-09-11T08:28:54.503585,2026-09-11T08:36:12.287066,2026-09-11T08:36:30.287066,breakfast,counter,1,false,
ORD-01340,2026-09-11T08:27:26,2026-09-11T08:28:44.053783,2026-09-11T08:33:10.744162,2026-09-11T08:33:43.253072,breakfast,app,2,false,
ORD-01341,2026-09-11T08:59:52,2026-09-11T09:01:24.634561,2026-09-11T09:09:18.385202,2026-09-11T09:13:00.743450,breakfast,app,3,false,
ORD-01342,2026-09-11T09:26:22,2026-09-11T09:27:37.520939,2026-09-11T09:36:16.710191,2026-09-11T09:38:35.915299,breakfast,counter,1,false,
ORD-01343,2026-09-11T09:36:33,2026-09-11T09:37:14.254493,2026-09-11T09:45:53.261617,2026-09-11T09:47:48.183488,breakfast,counter,4,false,
ORD-01344,2026-09-11T08:47:18,2026-09-11T08:48:09.758906,2026-09-11T09:07:28.816189,2026-09-11T09:10:23.008683,breakfast,app,4,false,kitchen_rework
ORD-01345,2026-09-11T08:23:53,2026-09-11T08:25:00.842543,2026-09-11T08:32:29.420292,2026-09-11T08:33:28.848607,breakfast,app,2,false,
ORD-01346,2026-09-11T08:40:15,2026-09-11T08:41:49.080476,2026-09-11T08:55:03.597921,2026-09-11T08:57:42.225662,breakfast,counter,3,false,
ORD-01347,2026-09-11T09:58:16,2026-09-11T09:59:15.914807,2026-09-11T10:03:45.277350,2026-09-11T10:05:05.766404,breakfast,app,2,false,
ORD-01348,2026-09-11T08:32:17,2026-09-11T08:33:23.190446,2026-09-11T08:41:19.936669,2026-09-11T08:43:22.278156,breakfast,app,3,false,
ORD-01349,2026-09-11T08:01:45,2026-09-11T08:02:13.717202,2026-09-11T08:04:40.817868,2026-09-11T08:05:46.932791,breakfast,app,2,false,
ORD-01350,2026-09-11T09:43:54,2026-09-11T09:44:48.335977,2026-09-11T09:48:41.101973,2026-09-11T09:50:11.488119,breakfast,app,1,false,
ORD-01351,2026-09-11T09:14:37,2026-09-11T09:15:17.635460,2026-09-11T09:29:19.142021,2026-09-11T09:30:00.152118,breakfast,app,1,false,
ORD-01352,2026-09-11T09:07:14,2026-09-11T09:09:08.907282,2026-09-11T09:15:17.453173,2026-09-11T09:16:57.422475,breakfast,counter,1,false,
ORD-01353,2026-09-11T09:27:04,2026-09-11T09:28:40.836770,2026-09-11T09:37:40.497792,2026-09-11T09:39:06.357578,breakfast,counter,2,false,
ORD-01354,2026-09-11T08:32:00,2026-09-11T08:33:15.976653,2026-09-11T08:40:17.266286,2026-09-11T08:42:17.649240,breakfast,app,2,false,
ORD-01355,2026-09-11T09:26:42,2026-09-11T09:27:48.084256,2026-09-11T09:38:22.657246,2026-09-11T09:40:37.188824,breakfast,app,4,false,
ORD-01356,2026-09-11T08:21:15,2026-09-11T08:22:07.717983,2026-09-11T08:30:00.303004,2026-09-11T08:31:04.603284,breakfast,counter,2,false,
ORD-01357,2026-09-11T08:32:48,2026-09-11T08:34:05.564528,2026-09-11T08:44:58.665090,2026-09-11T08:46:32.579549,breakfast,app,3,false,
ORD-01358,2026-09-11T09:34:06,2026-09-11T09:34:59.661710,2026-09-11T09:41:28.890818,2026-09-11T09:43:38.455695,breakfast,counter,4,false,
ORD-01359,2026-09-11T08:45:29,2026-09-11T08:45:50.094149,2026-09-11T09:01:20.732280,2026-09-11T09:03:57.120045,breakfast,app,4,false,
ORD-01360,2026-09-11T09:52:09,2026-09-11T09:53:01.139590,2026-09-11T09:58:01.526822,2026-09-11T09:59:57.423901,breakfast,app,1,false,payment
ORD-01361,2026-09-11T09:19:21,2026-09-11T09:20:48.540846,2026-09-11T09:29:48.763160,2026-09-11T09:32:36.879657,breakfast,app,3,false,
ORD-01362,2026-09-11T09:06:38,2026-09-11T09:07:16.582675,2026-09-11T09:19:36.220286,2026-09-11T09:21:22.488667,breakfast,counter,3,false,
ORD-01363,2026-09-11T08:44:42,2026-09-11T08:46:06.168304,2026-09-11T09:01:39.202451,2026-09-11T09:03:03.694088,breakfast,app,1,false,
ORD-01364,2026-09-11T09:49:09,2026-09-11T09:50:32.172783,2026-09-11T09:57:00.744015,2026-09-11T09:58:06.881400,breakfast,counter,1,false,
ORD-01365,2026-09-11T09:40:31,2026-09-11T09:40:56.335407,2026-09-11T09:51:14.285760,2026-09-11T09:52:01.273454,breakfast,counter,4,false,
ORD-01366,2026-09-11T08:28:05,2026-09-11T08:29:02.511243,2026-09-11T08:31:03.934765,2026-09-11T08:31:42.665044,breakfast,app,1,false,
ORD-01367,2026-09-11T09:06:34,2026-09-11T09:08:08.829132,2026-09-11T09:17:25.177143,2026-09-11T09:18:09.263028,breakfast,counter,4,false,
ORD-01368,2026-09-11T09:35:51,2026-09-11T09:37:00.841797,2026-09-11T09:42:45.235839,2026-09-11T09:43:17.772101,breakfast,counter,4,false,
ORD-01369,2026-09-11T08:53:36,2026-09-11T08:55:10.567071,2026-09-11T09:07:18.356998,2026-09-11T09:10:04.593082,breakfast,app,4,false,
ORD-01370,2026-09-11T08:49:47,2026-09-11T08:51:25.138045,2026-09-11T09:03:18.334113,2026-09-11T09:04:16.387988,breakfast,app,2,false,
ORD-01371,2026-09-11T09:48:47,2026-09-11T09:49:39.581285,2026-09-11T09:59:16.164611,2026-09-11T10:00:36.596063,breakfast,counter,1,false,
ORD-01372,2026-09-11T09:26:13,2026-09-11T09:27:26.806899,2026-09-11T09:34:12.553669,2026-09-11T09:36:37.325559,breakfast,app,2,false,
ORD-01373,2026-09-11T08:16:05,2026-09-11T08:16:43.479353,2026-09-11T08:23:14.978712,2026-09-11T08:25:13.715634,breakfast,counter,1,false,
ORD-01374,2026-09-11T09:45:48,2026-09-11T09:46:20.743113,2026-09-11T09:57:24.996962,2026-09-11T09:58:05.472293,breakfast,app,1,false,
ORD-01375,2026-09-11T09:45:46,2026-09-11T09:47:04.678774,2026-09-11T09:49:04.678774,2026-09-11T09:51:42.040083,breakfast,app,3,false,
ORD-01376,2026-09-11T08:41:36,2026-09-11T08:42:51.553125,2026-09-11T08:52:43.100701,2026-09-11T08:54:44.792177,breakfast,counter,1,false,
ORD-01377,2026-09-11T08:48:20,2026-09-11T08:49:21.413695,2026-09-11T09:01:30.209160,2026-09-11T09:04:28.748651,breakfast,counter,2,false,
ORD-01378,2026-09-11T09:15:14,2026-09-11T09:16:29.736301,2026-09-11T09:25:41.397295,2026-09-11T09:27:34.371699,breakfast,app,2,false,
ORD-01379,2026-09-11T08:03:30,2026-09-11T08:04:48.361551,2026-09-11T08:12:01.214232,2026-09-11T08:12:19.214232,breakfast,app,3,false,
ORD-01380,2026-09-11T08:18:23,2026-09-11T08:18:52.295141,2026-09-11T08:29:06.255822,2026-09-11T08:32:04.514171,breakfast,app,1,false,
ORD-01381,2026-09-11T08:39:41,2026-09-11T08:40:33.232307,2026-09-11T08:50:42.271643,2026-09-11T08:52:31.408691,breakfast,counter,3,false,
ORD-01382,2026-09-11T09:13:56,2026-09-11T09:14:40.919202,2026-09-11T09:29:35.595948,2026-09-11T09:32:56.032102,breakfast,app,2,false,stockout
ORD-01383,2026-09-11T09:44:30,2026-09-11T09:45:17.417291,2026-09-11T09:47:17.417291,2026-09-11T09:49:33.041901,breakfast,app,4,false,
ORD-01384,2026-09-11T09:34:13,2026-09-11T09:35:03.421393,2026-09-11T09:41:00.861380,2026-09-11T09:41:35.575718,breakfast,app,4,false,
ORD-01385,2026-09-11T08:40:26,2026-09-11T08:41:25.695061,2026-09-11T08:51:50.623817,2026-09-11T08:53:37.790376,breakfast,app,3,false,
ORD-01386,2026-09-11T13:42:14,2026-09-11T13:42:52.333545,2026-09-11T13:48:56.424583,2026-09-11T13:50:52.677771,lunch,app,4,false,
ORD-01387,2026-09-11T13:04:49,2026-09-11T13:06:10.688131,2026-09-11T13:13:12.102320,2026-09-11T13:14:38.380471,lunch,app,1,false,
ORD-01388,2026-09-11T12:11:05,2026-09-11T12:11:36.881846,2026-09-11T12:19:51.813626,2026-09-11T12:21:52.199471,lunch,app,4,false,
ORD-01389,2026-09-11T12:29:59,2026-09-11T12:31:04.350507,2026-09-11T12:38:06.948700,2026-09-11T12:39:12.095818,lunch,app,2,false,
ORD-01390,2026-09-11T13:22:44,2026-09-11T13:23:58.709446,2026-09-11T13:31:36.435490,2026-09-11T13:33:10.092021,lunch,app,4,false,
ORD-01391,2026-09-11T14:05:50,2026-09-11T14:07:36.999906,2026-09-11T14:15:37.630062,2026-09-11T14:16:22.409554,lunch,counter,1,false,
ORD-01392,2026-09-11T12:31:30,2026-09-11T12:32:23.642284,2026-09-11T12:45:52.330415,2026-09-11T12:47:42.943459,lunch,app,1,false,
ORD-01393,2026-09-11T13:48:26,2026-09-11T13:49:57.511955,2026-09-11T13:58:03.687355,2026-09-11T13:58:49.855442,lunch,app,1,false,
ORD-01394,2026-09-11T12:56:03,2026-09-11T12:56:36.126998,2026-09-11T13:14:45.452332,2026-09-11T13:16:46.996217,lunch,app,3,false,kitchen_rework
ORD-01395,2026-09-11T13:36:06,2026-09-11T13:36:49.496557,2026-09-11T13:44:54.720487,2026-09-11T13:45:12.720487,lunch,counter,1,false,
ORD-01396,2026-09-11T13:44:38,2026-09-11T13:46:05.918338,2026-09-11T13:52:56.566144,2026-09-11T13:54:24.629251,lunch,app,2,false,
ORD-01397,2026-09-11T12:14:07,2026-09-11T12:15:47.011412,2026-09-11T12:23:07.962041,2026-09-11T12:24:33.316492,lunch,app,3,false,
ORD-01398,2026-09-11T14:02:29,2026-09-11T14:03:44.200908,2026-09-11T14:09:28.080050,2026-09-11T14:09:55.909169,lunch,app,2,false,
ORD-01399,2026-09-11T12:28:01,2026-09-11T12:28:29.485281,2026-09-11T12:37:37.269550,2026-09-11T12:38:22.455260,lunch,counter,2,false,
ORD-01400,2026-09-11T14:10:01,2026-09-11T14:10:22.595250,2026-09-11T14:14:07.315207,2026-09-11T14:15:06.841004,lunch,app,4,false,
ORD-01401,2026-09-11T13:41:25,2026-09-11T13:42:23.617649,2026-09-11T13:48:53.142145,2026-09-11T13:50:36.945669,lunch,app,1,false,
ORD-01402,2026-09-11T12:46:24,2026-09-11T12:48:19.928815,2026-09-11T13:00:47.394572,2026-09-11T13:02:23.173039,lunch,counter,4,false,
ORD-01403,2026-09-11T12:59:53,2026-09-11T13:01:50.949657,2026-09-11T13:12:04.641637,2026-09-11T13:13:25.236575,lunch,counter,3,false,
ORD-01404,2026-09-11T13:59:00,2026-09-11T14:00:15.761336,2026-09-11T14:02:15.761336,2026-09-11T14:04:58.089158,lunch,counter,4,false,
ORD-01405,2026-09-11T13:44:35,2026-09-11T13:45:22.838746,2026-09-11T13:49:47.835069,2026-09-11T13:51:35.225173,lunch,counter,1,false,
ORD-01406,2026-09-11T13:32:23,2026-09-11T13:32:54.278534,2026-09-11T13:37:33.065280,2026-09-11T13:38:52.136564,lunch,counter,1,false,
ORD-01407,2026-09-11T12:25:12,2026-09-11T12:25:57.998558,2026-09-11T12:32:31.384093,2026-09-11T12:33:45.955984,lunch,counter,3,false,
ORD-01408,2026-09-11T13:32:49,2026-09-11T13:33:52.159824,2026-09-11T13:40:04.025906,2026-09-11T13:41:55.615143,lunch,counter,1,false,
ORD-01409,2026-09-11T12:27:26,2026-09-11T12:28:44.466393,2026-09-11T12:32:30.210130,2026-09-11T12:32:48.210130,lunch,counter,1,false,
ORD-01410,2026-09-11T14:24:29,2026-09-11T14:25:36.284480,2026-09-11T14:29:56.953145,2026-09-11T14:31:17.454067,lunch,app,2,false,
ORD-01411,2026-09-11T13:21:56,2026-09-11T13:22:45.290569,2026-09-11T13:31:16.583982,2026-09-11T13:34:29.199223,lunch,counter,4,false,
ORD-01412,2026-09-11T12:28:01,2026-09-11T12:28:50.232138,2026-09-11T12:39:44.731610,2026-09-11T12:40:02.731610,lunch,app,1,false,
ORD-01413,2026-09-11T12:11:47,2026-09-11T12:11:59,2026-09-11T12:20:16.791409,2026-09-11T12:22:12.469718,lunch,app,1,false,
ORD-01414,2026-09-11T12:28:54,2026-09-11T12:29:38.135022,2026-09-11T12:34:23.795006,2026-09-11T12:34:41.795006,lunch,counter,1,false,
ORD-01415,2026-09-11T12:00:16,2026-09-11T12:01:19.510126,2026-09-11T12:11:22.135814,2026-09-11T12:11:40.135814,lunch,counter,2,false,
ORD-01416,2026-09-11T12:20:21,2026-09-11T12:20:52.335171,2026-09-11T12:31:26.072713,2026-09-11T12:33:49.582824,lunch,app,4,false,
ORD-01417,2026-09-11T12:24:07,2026-09-11T12:24:41.638930,2026-09-11T12:27:45.240286,2026-09-11T12:28:03.240286,lunch,counter,4,false,
ORD-01418,2026-09-11T13:55:28,2026-09-11T13:56:17.537942,2026-09-11T13:59:15.860006,2026-09-11T14:00:23.862962,lunch,app,3,false,
ORD-01419,2026-09-11T13:07:33,2026-09-11T13:09:18.980769,2026-09-11T13:20:43.677776,2026-09-11T13:21:36.662269,lunch,app,2,false,
ORD-01420,2026-09-11T12:06:53,2026-09-11T12:07:31.479496,2026-09-11T12:12:35.806144,2026-09-11T12:14:05.998242,lunch,counter,3,false,
ORD-01421,2026-09-11T13:34:31,2026-09-11T13:35:04.257561,2026-09-11T13:45:35.353374,2026-09-11T13:46:10.538471,lunch,counter,4,false,
ORD-01422,2026-09-11T14:24:55,2026-09-11T14:26:28.869543,2026-09-11T14:32:48.547988,2026-09-11T14:33:44.188330,lunch,counter,3,false,
ORD-01423,2026-09-11T14:07:23,2026-09-11T14:08:12.445167,2026-09-11T14:20:07.960441,2026-09-11T14:20:25.960441,lunch,counter,4,false,
ORD-01424,2026-09-11T12:02:42,2026-09-11T12:03:23.087198,2026-09-11T12:11:04.561273,2026-09-11T12:12:40.870202,lunch,counter,3,false,
ORD-01425,2026-09-11T12:54:37,2026-09-11T12:55:54.726629,2026-09-11T13:03:12.517233,2026-09-11T13:05:54.669121,lunch,app,1,false,
ORD-01426,2026-09-11T13:27:40,2026-09-11T13:28:50.774482,2026-09-11T13:38:33.459661,2026-09-11T13:41:16.619464,lunch,counter,1,false,
ORD-01427,2026-09-11T13:23:39,2026-09-11T13:25:15.732269,2026-09-11T13:38:02.893847,2026-09-11T13:40:46.212474,lunch,app,3,false,
ORD-01428,2026-09-11T12:58:30,2026-09-11T12:59:50.603529,2026-09-11T13:15:07.729332,2026-09-11T13:18:32.561869,lunch,counter,1,false,
ORD-01429,2026-09-11T14:22:58,2026-09-11T14:24:16.061097,2026-09-11T14:28:01.021373,2026-09-11T14:29:03.039830,lunch,counter,2,false,
ORD-01430,2026-09-11T12:06:02,2026-09-11T12:06:58.072361,2026-09-11T12:18:03.231543,2026-09-11T12:18:21.231543,lunch,app,3,false,
ORD-01431,2026-09-11T13:21:44,2026-09-11T13:22:39.106345,2026-09-11T13:29:36.816384,2026-09-11T13:33:06.570485,lunch,app,2,false,
ORD-01432,2026-09-11T12:26:23,2026-09-11T12:26:47.293649,2026-09-11T12:36:58.843730,2026-09-11T12:37:16.843730,lunch,app,3,false,
ORD-01433,2026-09-11T12:03:07,2026-09-11T12:03:56.881428,2026-09-11T12:10:41.234237,2026-09-11T12:13:18.342306,lunch,app,3,false,
ORD-01434,2026-09-11T14:16:22,2026-09-11T14:17:22.177434,2026-09-11T14:20:33.658461,2026-09-11T14:21:38.131455,lunch,counter,3,false,
ORD-01435,2026-09-11T13:52:00,2026-09-11T13:52:38.109107,2026-09-11T13:59:18.707575,2026-09-11T14:00:40.943263,lunch,counter,2,false,
ORD-01436,2026-09-11T12:36:32,2026-09-11T12:37:38.798629,2026-09-11T12:47:45.357963,2026-09-11T12:51:05.768242,lunch,app,4,false,
ORD-01437,2026-09-11T13:54:38,2026-09-11T13:55:00.410078,2026-09-11T14:04:16.180044,2026-09-11T14:06:05.682812,lunch,counter,3,false,
ORD-01438,2026-09-11T12:08:45,2026-09-11T12:08:57,2026-09-11T12:11:40.130527,2026-09-11T12:12:50.159111,lunch,counter,4,false,
ORD-01439,2026-09-11T13:34:45,2026-09-11T13:35:19.161094,2026-09-11T13:44:51.315411,2026-09-11T13:45:48.189772,lunch,counter,2,false,
ORD-01440,2026-09-11T14:27:35,2026-09-11T14:28:13.782094,2026-09-11T14:30:13.782094,2026-09-11T14:31:22.400005,lunch,app,2,false,
ORD-01441,2026-09-11T12:09:28,2026-09-11T12:09:40,2026-09-11T12:16:16.608506,2026-09-11T12:19:27.515808,lunch,app,2,false,
ORD-01442,2026-09-11T13:25:53,2026-09-11T13:27:09.885666,2026-09-11T13:37:28.066630,2026-09-11T13:40:23.271500,lunch,app,3,false,
ORD-01443,2026-09-11T13:10:18,2026-09-11T13:11:13.234244,2026-09-11T13:17:38.389846,2026-09-11T13:19:59.424099,lunch,app,3,false,
ORD-01444,2026-09-11T12:45:21,2026-09-11T12:46:42.798430,2026-09-11T12:55:51.688460,2026-09-11T12:58:43.083549,lunch,app,4,false,
ORD-01445,2026-09-11T14:19:18,2026-09-11T14:20:38.065990,2026-09-11T14:29:39.260635,2026-09-11T14:29:57.260635,lunch,app,4,false,
ORD-01446,2026-09-11T13:27:31,2026-09-11T13:28:46.185476,2026-09-11T13:37:21.665744,2026-09-11T13:41:09.362391,lunch,counter,2,false,
ORD-01447,2026-09-11T14:21:18,2026-09-11T14:21:52.241655,2026-09-11T14:29:35.813514,2026-09-11T14:31:55.937891,lunch,counter,4,false,
ORD-01448,2026-09-11T12:16:25,2026-09-11T12:17:10.525018,2026-09-11T12:23:22.692485,2026-09-11T12:25:39.008114,lunch,app,3,false,
ORD-01449,2026-09-11T14:13:59,2026-09-11T14:14:11,2026-09-11T14:26:05.604092,2026-09-11T14:28:27.990241,lunch,app,3,false,
ORD-01450,2026-09-11T13:05:25,2026-09-11T13:07:31.527714,2026-09-11T13:19:14.826231,2026-09-11T13:21:16.479984,lunch,counter,2,false,
ORD-01451,2026-09-11T14:13:51,2026-09-11T14:14:49.834375,2026-09-11T14:21:42.936154,2026-09-11T14:22:40.981435,lunch,counter,4,false,
ORD-01452,2026-09-11T13:52:17,2026-09-11T13:52:49.252118,2026-09-11T13:59:54.476071,2026-09-11T14:00:41.607455,lunch,app,3,false,
ORD-01453,2026-09-11T12:24:20,2026-09-11T12:25:26.841669,2026-09-11T12:34:17.136886,2026-09-11T12:35:07.610987,lunch,app,3,false,
ORD-01454,2026-09-11T14:04:18,2026-09-11T14:04:53.932430,2026-09-11T14:08:55.921392,2026-09-11T14:10:52.284997,lunch,counter,3,false,
ORD-01455,2026-09-11T12:15:26,2026-09-11T12:16:35.419118,2026-09-11T12:22:10.592961,2026-09-11T12:23:18.894843,lunch,counter,2,false,
ORD-01456,2026-09-11T14:09:27,2026-09-11T14:09:39,2026-09-11T14:22:17.603262,2026-09-11T14:23:30.283896,lunch,app,4,false,
ORD-01457,2026-09-11T13:52:18,2026-09-11T13:52:39.296087,2026-09-11T14:00:16.364969,,lunch,app,2,true,
ORD-01458,2026-09-11T12:26:05,2026-09-11T12:27:09.790839,2026-09-11T12:34:47.446781,2026-09-11T12:36:59.725915,lunch,app,4,false,
ORD-01459,2026-09-11T13:27:19,2026-09-11T13:27:48.811920,2026-09-11T13:37:17.784786,2026-09-11T13:39:39.463252,lunch,app,1,false,
ORD-01460,2026-09-11T13:13:15,2026-09-11T13:14:42.371310,2026-09-11T13:23:10.013426,2026-09-11T13:26:19.526909,lunch,counter,1,false,
ORD-01461,2026-09-11T13:31:09,2026-09-11T13:31:21,2026-09-11T13:38:39.080791,2026-09-11T13:40:32.753802,lunch,app,4,false,
ORD-01462,2026-09-11T14:00:40,2026-09-11T14:02:26.510991,2026-09-11T14:08:29.044512,2026-09-11T14:08:47.044512,lunch,app,3,false,
ORD-01463,2026-09-11T13:52:51,2026-09-11T13:53:46.756953,2026-09-11T14:01:38.157621,2026-09-11T14:02:15.912155,lunch,counter,2,false,
ORD-01464,2026-09-11T13:29:16,2026-09-11T13:29:57.223781,2026-09-11T13:42:05.133096,2026-09-11T13:43:24.244978,lunch,counter,3,false,
ORD-01465,2026-09-11T12:45:40,2026-09-11T12:47:16.055786,2026-09-11T13:02:22.341754,2026-09-11T13:04:54.371358,lunch,app,3,false,
ORD-01466,2026-09-11T13:02:46,2026-09-11T13:04:38.607005,2026-09-11T13:10:08.465892,,lunch,counter,2,true,payment
ORD-01467,2026-09-11T13:09:55,2026-09-11T13:10:58.011096,2026-09-11T13:23:08.154740,2026-09-11T13:26:36.530189,lunch,counter,1,false,stockout
ORD-01468,2026-09-11T14:29:21,2026-09-11T14:30:33.377494,2026-09-11T14:40:38.718057,2026-09-11T14:41:07.989277,lunch,counter,4,false,stockout
ORD-01469,2026-09-11T14:09:02,2026-09-11T14:10:03.312408,2026-09-11T14:14:15.020937,2026-09-11T14:14:33.020937,lunch,counter,3,false,
ORD-01470,2026-09-11T13:12:08,2026-09-11T13:13:15.625270,2026-09-11T13:22:21.863014,2026-09-11T13:24:39.266625,lunch,counter,1,false,
ORD-01471,2026-09-11T12:03:52,2026-09-11T12:04:04,2026-09-11T12:11:58.033180,2026-09-11T12:13:00.357713,lunch,counter,1,false,
ORD-01472,2026-09-11T13:15:22,2026-09-11T13:16:34.281299,2026-09-11T13:30:56.125567,2026-09-11T13:31:55.188258,lunch,counter,1,false,
ORD-01473,2026-09-11T13:46:22,2026-09-11T13:46:38.895902,2026-09-11T13:54:15.320542,2026-09-11T13:56:36.265076,lunch,counter,4,false,
ORD-01474,2026-09-11T13:36:55,2026-09-11T13:37:53.874017,2026-09-11T13:43:32.025929,2026-09-11T13:44:17.386720,lunch,app,1,false,payment
ORD-01475,2026-09-11T12:46:31,2026-09-11T12:48:11.283195,2026-09-11T12:57:20.064949,2026-09-11T12:58:55.306039,lunch,counter,1,false,stockout
ORD-01476,2026-09-11T13:02:00,2026-09-11T13:02:54.212253,2026-09-11T13:13:08.325836,2026-09-11T13:15:02.725869,lunch,counter,3,false,
ORD-01477,2026-09-11T12:26:17,2026-09-11T12:26:56.474491,2026-09-11T12:31:20.581858,2026-09-11T12:32:23.150311,lunch,app,3,false,
ORD-01478,2026-09-11T13:03:09,2026-09-11T13:05:07.586490,2026-09-11T13:14:58.272196,2026-09-11T13:16:40.284413,lunch,app,4,false,
ORD-01479,2026-09-11T12:41:17,2026-09-11T12:42:06.510059,2026-09-11T12:53:00.035704,2026-09-11T12:54:40.088294,lunch,counter,3,false,
ORD-01480,2026-09-11T12:34:23,2026-09-11T12:36:04.119687,2026-09-11T12:42:59.355535,,lunch,counter,2,true,
ORD-01481,2026-09-11T13:55:48,2026-09-11T13:56:58.426807,2026-09-11T14:07:41.131385,2026-09-11T14:08:48.947723,lunch,counter,4,false,
ORD-01482,2026-09-11T12:21:11,2026-09-11T12:21:47.889045,2026-09-11T12:30:36.514176,2026-09-11T12:30:54.514176,lunch,counter,1,false,
ORD-01483,2026-09-11T13:52:53,2026-09-11T13:54:04.748092,2026-09-11T14:01:37.685168,2026-09-11T14:02:13.051194,lunch,counter,3,false,
ORD-01484,2026-09-11T14:07:48,2026-09-11T14:08:49.042220,2026-09-11T14:19:24.080388,2026-09-11T14:19:55.659128,lunch,app,1,false,
ORD-01485,2026-09-11T13:16:38,2026-09-11T13:18:00.148402,2026-09-11T13:25:45.039656,2026-09-11T13:28:02.248124,lunch,app,2,false,stockout
ORD-01486,2026-09-11T13:41:11,2026-09-11T13:41:51.247162,2026-09-11T13:45:59.905038,2026-09-11T13:47:47.273237,lunch,counter,3,false,
ORD-01487,2026-09-11T14:18:01,2026-09-11T14:18:15.282223,2026-09-11T14:26:12.345666,2026-09-11T14:28:22.870478,lunch,app,1,false,
ORD-01488,2026-09-11T13:28:06,2026-09-11T13:29:35.391428,2026-09-11T13:41:12.978653,2026-09-11T13:43:12.964947,lunch,app,2,false,
ORD-01489,2026-09-11T13:54:51,2026-09-11T13:55:03,2026-09-11T14:03:45.154201,2026-09-11T14:04:12.652449,lunch,counter,3,false,
ORD-01490,2026-09-11T12:56:57,2026-09-11T12:58:32.508914,2026-09-11T13:03:02.661650,2026-09-11T13:05:39.078641,lunch,app,4,false,
ORD-01491,2026-09-11T14:13:05,2026-09-11T14:14:23.257357,2026-09-11T14:22:25.975236,2026-09-11T14:23:51.317769,lunch,counter,2,false,
ORD-01492,2026-09-11T12:05:51,2026-09-11T12:06:08.350895,2026-09-11T12:09:30.254252,2026-09-11T12:11:53.564865,lunch,counter,1,false,
ORD-01493,2026-09-11T13:36:02,2026-09-11T13:37:19.608728,2026-09-11T13:45:59.666500,2026-09-11T13:47:33.136216,lunch,counter,1,false,
ORD-01494,2026-09-11T12:20:16,2026-09-11T12:21:35.228469,2026-09-11T12:34:42.744084,2026-09-11T12:36:48.502570,lunch,app,1,false,
ORD-01495,2026-09-11T14:12:28,2026-09-11T14:13:51.879977,2026-09-11T14:16:56.913572,2026-09-11T14:17:49.594543,lunch,counter,1,false,
ORD-01496,2026-09-11T12:22:35,2026-09-11T12:23:46.931218,2026-09-11T12:28:56.905539,,lunch,counter,1,true,
ORD-01497,2026-09-11T13:21:09,2026-09-11T13:22:46.123226,2026-09-11T13:35:58.023811,2026-09-11T13:37:01.789123,lunch,app,4,false,
ORD-01498,2026-09-11T13:33:41,2026-09-11T13:35:06.703757,2026-09-11T13:46:38.998078,2026-09-11T13:47:19.835321,lunch,counter,3,false,
ORD-01499,2026-09-11T14:04:36,2026-09-11T14:04:53.718982,2026-09-11T14:15:00.144407,2026-09-11T14:17:09.730702,lunch,app,3,false,payment
ORD-01500,2026-09-11T12:35:21,2026-09-11T12:36:18.099387,2026-09-11T12:47:22.724527,2026-09-11T12:48:34.358665,lunch,app,1,false,
ORD-01501,2026-09-11T13:46:13,2026-09-11T13:46:51.443349,2026-09-11T13:59:00.170010,2026-09-11T14:00:43.496882,lunch,counter,4,false,
ORD-01502,2026-09-11T12:31:02,2026-09-11T12:31:51.001726,2026-09-11T12:41:11.776165,2026-09-11T12:44:06.947507,lunch,app,4,false,
ORD-01503,2026-09-11T14:18:17,2026-09-11T14:18:33.927472,2026-09-11T14:25:46.162184,2026-09-11T14:27:36.671557,lunch,counter,4,false,
ORD-01504,2026-09-11T12:05:05,2026-09-11T12:05:17,2026-09-11T12:08:05.222195,2026-09-11T12:09:09.033434,lunch,counter,1,false,
ORD-01505,2026-09-11T13:45:49,2026-09-11T13:46:27.685234,2026-09-11T13:54:55.853591,2026-09-11T13:55:13.853591,lunch,counter,3,false,
ORD-01506,2026-09-11T14:12:14,2026-09-11T14:13:13.616089,2026-09-11T14:15:33.702341,2026-09-11T14:16:52.048979,lunch,counter,3,false,
ORD-01507,2026-09-11T14:11:11,2026-09-11T14:11:59.341854,2026-09-11T14:19:57.793074,2026-09-11T14:21:32.204664,lunch,counter,3,false,
ORD-01508,2026-09-11T13:23:34,2026-09-11T13:24:39.991867,2026-09-11T13:31:21.665880,2026-09-11T13:34:51.862591,lunch,counter,4,false,
ORD-01509,2026-09-11T12:04:49,2026-09-11T12:05:10.373873,2026-09-11T12:11:24.527377,2026-09-11T12:11:42.527377,lunch,counter,3,false,
ORD-01510,2026-09-11T12:39:34,2026-09-11T12:41:47.464663,2026-09-11T12:53:43.962168,2026-09-11T12:56:52.908640,lunch,counter,2,false,
ORD-01511,2026-09-11T20:54:57,2026-09-11T20:55:44.310148,2026-09-11T21:01:08.962815,2026-09-11T21:02:04.164567,dinner,counter,1,false,
ORD-01512,2026-09-11T20:38:53,2026-09-11T20:39:36.086665,2026-09-11T20:47:30.777897,2026-09-11T20:49:23.882285,dinner,counter,2,false,payment
ORD-01513,2026-09-11T21:16:36,2026-09-11T21:17:49.656753,2026-09-11T21:32:16.198785,2026-09-11T21:34:43.257676,dinner,app,1,false,
ORD-01514,2026-09-11T19:51:55,2026-09-11T19:52:40.968656,2026-09-11T20:03:16.847234,2026-09-11T20:06:05.198257,dinner,counter,4,false,
ORD-01515,2026-09-11T21:20:21,2026-09-11T21:21:20.891691,2026-09-11T21:31:19.552081,2026-09-11T21:31:37.552081,dinner,counter,2,false,
ORD-01516,2026-09-11T20:37:21,2026-09-11T20:38:04.728108,2026-09-11T20:41:46.119334,2026-09-11T20:43:25.301144,dinner,counter,1,false,
ORD-01517,2026-09-11T19:18:01,2026-09-11T19:19:02.593424,2026-09-11T19:25:23.221296,2026-09-11T19:25:56.197370,dinner,counter,4,false,
ORD-01518,2026-09-11T20:57:16,2026-09-11T20:58:03.689691,2026-09-11T21:03:31.296324,2026-09-11T21:05:12.727701,dinner,counter,2,false,stockout
ORD-01519,2026-09-11T20:43:31,2026-09-11T20:44:17.610227,2026-09-11T20:53:09.193020,2026-09-11T20:55:32.639051,dinner,counter,1,false,
ORD-01520,2026-09-11T19:12:20,2026-09-11T19:12:32,2026-09-11T19:18:19.281826,2026-09-11T19:18:37.281826,dinner,counter,3,false,
ORD-01521,2026-09-11T20:35:35,2026-09-11T20:36:28.255565,2026-09-11T20:43:03.451577,2026-09-11T20:44:06.666805,dinner,app,3,false,
ORD-01522,2026-09-11T19:48:41,2026-09-11T19:50:11.369272,2026-09-11T20:01:57.365521,2026-09-11T20:03:36.872525,dinner,counter,4,false,
ORD-01523,2026-09-11T19:15:46,2026-09-11T19:16:51.776770,2026-09-11T19:21:52.566816,2026-09-11T19:22:58.240265,dinner,counter,1,false,
ORD-01524,2026-09-11T20:57:13,2026-09-11T20:58:15.427701,2026-09-11T21:05:29.139940,2026-09-11T21:05:50.235229,dinner,app,4,false,
ORD-01525,2026-09-11T20:44:47,2026-09-11T20:45:59.442111,2026-09-11T20:51:10.082699,2026-09-11T20:51:28.082699,dinner,app,3,false,
ORD-01526,2026-09-11T20:24:17,2026-09-11T20:25:33.384287,2026-09-11T20:38:30.758825,2026-09-11T20:42:23.454366,dinner,app,1,false,
ORD-01527,2026-09-11T21:12:14,2026-09-11T21:13:05.210353,2026-09-11T21:21:33.660410,2026-09-11T21:22:43.080113,dinner,counter,4,false,
ORD-01528,2026-09-11T19:23:41,2026-09-11T19:24:50.181847,2026-09-11T19:29:36.173300,2026-09-11T19:31:03.050112,dinner,counter,2,false,
ORD-01529,2026-09-11T21:14:29,2026-09-11T21:15:23.465328,2026-09-11T21:22:10.726294,2026-09-11T21:23:02.437850,dinner,app,3,false,
ORD-01530,2026-09-11T20:22:29,2026-09-11T20:23:58.308690,2026-09-11T20:34:50.237993,2026-09-11T20:38:24.920577,dinner,counter,2,false,
ORD-01531,2026-09-11T19:11:29,2026-09-11T19:12:36.756948,2026-09-11T19:20:33.210704,2026-09-11T19:21:01.760607,dinner,app,3,false,
ORD-01532,2026-09-11T19:28:16,2026-09-11T19:28:35.049900,2026-09-11T19:35:16.331184,2026-09-11T19:37:58.984328,dinner,app,4,false,
ORD-01533,2026-09-11T20:27:11,2026-09-11T20:28:13.979537,2026-09-11T20:34:05.114604,2026-09-11T20:36:10.016310,dinner,counter,4,false,
ORD-01534,2026-09-11T19:18:56,2026-09-11T19:19:43.473083,2026-09-11T19:25:31.792317,2026-09-11T19:27:07.796309,dinner,app,3,false,
ORD-01535,2026-09-11T20:47:21,2026-09-11T20:47:33,2026-09-11T20:49:33,2026-09-11T20:49:51,dinner,app,3,false,
ORD-01536,2026-09-11T19:52:39,2026-09-11T19:54:22.272750,2026-09-11T20:05:08.518328,2026-09-11T20:07:14.193053,dinner,counter,4,false,stockout
ORD-01537,2026-09-11T19:22:24,2026-09-11T19:23:03.295671,2026-09-11T19:31:13.291753,2026-09-11T19:32:13.532925,dinner,counter,1,false,
ORD-01538,2026-09-11T21:04:57,2026-09-11T21:06:20.714539,2026-09-11T21:11:17.591716,2026-09-11T21:11:35.591716,dinner,app,4,false,
ORD-01539,2026-09-11T20:07:17,2026-09-11T20:08:50.546392,2026-09-11T20:21:55.904577,2026-09-11T20:24:00.117082,dinner,counter,3,false,
ORD-01540,2026-09-11T21:29:33,2026-09-11T21:30:22.739617,2026-09-11T21:44:04.730888,2026-09-11T21:44:22.730888,dinner,counter,2,false,kitchen_rework
ORD-01541,2026-09-11T20:05:48,2026-09-11T20:07:05.756185,2026-09-11T20:15:53.684330,2026-09-11T20:17:23.364868,dinner,app,3,false,
ORD-01542,2026-09-11T19:32:15,2026-09-11T19:33:40.795371,2026-09-11T19:39:19.436111,2026-09-11T19:42:16.549670,dinner,app,3,false,
ORD-01543,2026-09-11T20:37:18,2026-09-11T20:38:22.060682,2026-09-11T20:48:51.103498,2026-09-11T20:49:44.190456,dinner,app,3,false,
ORD-01544,2026-09-11T19:19:32,2026-09-11T19:20:47.590710,2026-09-11T19:31:48.378241,2026-09-11T19:32:32.015131,dinner,app,2,false,
ORD-01545,2026-09-11T20:04:05,2026-09-11T20:05:20.481118,2026-09-11T20:17:56.182519,2026-09-11T20:20:25.783808,dinner,counter,2,false,
ORD-01546,2026-09-11T20:20:43,2026-09-11T20:22:21.917991,2026-09-11T20:39:47.335012,2026-09-11T20:42:39.212393,dinner,counter,3,false,
ORD-01547,2026-09-11T20:29:51,2026-09-11T20:32:15.235753,2026-09-11T20:41:50.011209,2026-09-11T20:44:25.461201,dinner,app,2,false,
ORD-01548,2026-09-11T19:27:44,2026-09-11T19:28:21.027592,2026-09-11T19:30:54.892174,2026-09-11T19:32:21.897678,dinner,counter,4,false,
ORD-01549,2026-09-11T19:57:36,2026-09-11T19:59:16.683786,2026-09-11T20:07:29.764103,2026-09-11T20:08:35.431460,dinner,counter,3,false,
ORD-01550,2026-09-11T19:16:32,2026-09-11T19:17:17.997857,2026-09-11T19:25:10.988816,2026-09-11T19:25:44.598731,dinner,app,2,false,
ORD-01551,2026-09-11T19:30:21,2026-09-11T19:31:28.087146,2026-09-11T19:43:00.585483,2026-09-11T19:45:00.550443,dinner,app,3,false,
ORD-01552,2026-09-11T21:09:38,2026-09-11T21:10:27.966614,2026-09-11T21:22:10.144294,2026-09-11T21:23:53.351528,dinner,counter,2,false,kitchen_rework
ORD-01553,2026-09-11T20:27:18,2026-09-11T20:28:51.801581,2026-09-11T20:37:57.446837,2026-09-11T20:40:42.141612,dinner,app,4,false,
ORD-01554,2026-09-11T19:19:49,2026-09-11T19:20:34.374163,2026-09-11T19:32:09.494219,2026-09-11T19:33:10.524038,dinner,app,2,false,
ORD-01555,2026-09-11T19:31:27,2026-09-11T19:32:10.309488,2026-09-11T19:44:43.607775,2026-09-11T19:45:45.921149,dinner,counter,2,false,
ORD-01556,2026-09-11T20:34:30,2026-09-11T20:35:22.529193,2026-09-11T20:42:20.799698,2026-09-11T20:42:38.799698,dinner,app,2,false,
ORD-01557,2026-09-11T20:27:40,2026-09-11T20:29:17.418680,2026-09-11T20:39:20.145723,2026-09-11T20:41:11.254292,dinner,app,2,false,
ORD-01558,2026-09-11T19:09:13,2026-09-11T19:09:25,2026-09-11T19:13:44.534109,2026-09-11T19:14:26.905361,dinner,counter,1,false,
ORD-01559,2026-09-11T20:25:02,2026-09-11T20:26:26.543920,2026-09-11T20:32:12.804068,2026-09-11T20:34:21.723847,dinner,app,4,false,payment
ORD-01560,2026-09-11T20:52:56,2026-09-11T20:53:38.177106,2026-09-11T21:01:10.075834,2026-09-11T21:01:28.075834,dinner,counter,4,false,
ORD-01561,2026-09-11T19:22:24,2026-09-11T19:22:54.592950,2026-09-11T19:35:14.961672,2026-09-11T19:35:32.961672,dinner,counter,1,false,
ORD-01562,2026-09-11T20:59:54,2026-09-11T21:00:06,2026-09-11T21:05:14.040129,2026-09-11T21:06:11.065219,dinner,counter,1,false,
ORD-01563,2026-09-11T20:32:11,2026-09-11T20:33:15.261130,2026-09-11T20:44:05.740901,2026-09-11T20:45:47.547204,dinner,counter,3,false,
ORD-01564,2026-09-11T21:18:34,2026-09-11T21:18:55.034861,2026-09-11T21:25:27.240781,2026-09-11T21:26:01.643158,dinner,app,1,false,
ORD-01565,2026-09-11T19:13:06,2026-09-11T19:14:47.566747,2026-09-11T19:21:57.176204,2026-09-11T19:22:31.347818,dinner,counter,2,false,
ORD-01566,2026-09-11T20:02:59,2026-09-11T20:04:04.819287,2026-09-11T20:16:24.697835,2026-09-11T20:18:46.941132,dinner,counter,2,false,
ORD-01567,2026-09-11T20:18:35,2026-09-11T20:19:17.957317,2026-09-11T20:33:02.354913,2026-09-11T20:35:23.870441,dinner,counter,1,false,
ORD-01568,2026-09-11T20:54:21,2026-09-11T20:54:53.869340,2026-09-11T21:00:46.749470,2026-09-11T21:02:09.066012,dinner,counter,2,false,
ORD-01569,2026-09-11T20:06:06,2026-09-11T20:07:07.446247,2026-09-11T20:20:11.412132,2026-09-11T20:22:22.542399,dinner,app,4,false,payment
ORD-01570,2026-09-11T20:41:47,2026-09-11T20:42:05.843167,2026-09-11T20:51:47.196934,2026-09-11T20:53:55.269455,dinner,app,3,false,
ORD-01571,2026-09-11T19:41:19,2026-09-11T19:42:20.225847,2026-09-11T19:56:05.451245,2026-09-11T19:58:35.931269,dinner,counter,3,false,
ORD-01572,2026-09-11T19:03:04,2026-09-11T19:03:59.760538,2026-09-11T19:11:48.175925,2026-09-11T19:13:20.628632,dinner,counter,1,false,
ORD-01573,2026-09-11T20:12:05,2026-09-11T20:13:52.233325,2026-09-11T20:21:23.246418,2026-09-11T20:24:35.436512,dinner,counter,1,false,
ORD-01574,2026-09-11T19:09:36,2026-09-11T19:10:37.671446,2026-09-11T19:14:32.855016,,dinner,app,4,true,
ORD-01575,2026-09-11T20:11:04,2026-09-11T20:12:06.063924,2026-09-11T20:22:14.347189,2026-09-11T20:23:30.294078,dinner,counter,3,false,
ORD-01576,2026-09-11T21:26:46,2026-09-11T21:27:22.872929,2026-09-11T21:37:37.147976,2026-09-11T21:38:49.100058,dinner,counter,2,false,
ORD-01577,2026-09-11T20:19:36,2026-09-11T20:20:57.969367,2026-09-11T20:41:22.226582,2026-09-11T20:43:47.020987,dinner,counter,3,false,kitchen_rework
ORD-01578,2026-09-11T20:05:03,2026-09-11T20:06:01.565397,2026-09-11T20:16:26.015616,2026-09-11T20:19:11.043504,dinner,counter,1,false,
ORD-01579,2026-09-11T19:34:09,2026-09-11T19:35:26.063094,2026-09-11T19:48:34.184792,2026-09-11T19:49:39.418410,dinner,counter,3,false,
ORD-01580,2026-09-11T20:19:33,2026-09-11T20:20:15.301171,2026-09-11T20:24:55.573321,2026-09-11T20:26:17.786845,dinner,counter,2,false,
ORD-01581,2026-09-11T20:57:58,2026-09-11T20:59:09.727086,2026-09-11T21:14:06.647131,,dinner,app,2,true,kitchen_rework
ORD-01582,2026-09-11T19:08:35,2026-09-11T19:09:44.446954,2026-09-11T19:16:19.451539,2026-09-11T19:18:07.665828,dinner,counter,1,false,
ORD-01583,2026-09-11T19:00:22,2026-09-11T19:00:34,2026-09-11T19:03:50.111747,2026-09-11T19:05:10.032292,dinner,app,4,false,
ORD-01584,2026-09-11T19:45:14,2026-09-11T19:47:08.459052,2026-09-11T19:53:48.470258,2026-09-11T19:54:59.545190,dinner,app,3,false,
ORD-01585,2026-09-11T20:29:08,2026-09-11T20:31:02.489223,2026-09-11T20:36:46.762567,2026-09-11T20:39:44.647815,dinner,counter,2,false,
ORD-01586,2026-09-11T20:15:45,2026-09-11T20:16:56.553779,2026-09-11T20:28:11.989927,2026-09-11T20:29:04.467441,dinner,app,3,false,
ORD-01587,2026-09-11T20:21:11,2026-09-11T20:22:09.472121,2026-09-11T20:36:05.440536,2026-09-11T20:37:40.164774,dinner,counter,4,false,
ORD-01588,2026-09-11T19:03:57,2026-09-11T19:04:59.963750,2026-09-11T19:19:18.270118,2026-09-11T19:20:18.064402,dinner,app,2,false,kitchen_rework
ORD-01589,2026-09-11T19:03:23,2026-09-11T19:04:22.645287,2026-09-11T19:08:14.295449,2026-09-11T19:10:08.838387,dinner,app,4,false,
ORD-01590,2026-09-11T19:39:21,2026-09-11T19:41:09.968070,2026-09-11T19:52:52.710125,2026-09-11T19:55:53.873613,dinner,app,2,false,
ORD-01591,2026-09-11T19:00:59,2026-09-11T19:01:53.282760,2026-09-11T19:08:34.337108,2026-09-11T19:10:14.205037,dinner,app,3,false,
ORD-01592,2026-09-11T19:25:19,2026-09-11T19:26:13.896124,2026-09-11T19:33:38.682822,2026-09-11T19:34:49.174787,dinner,counter,4,false,
ORD-01593,2026-09-11T19:34:30,2026-09-11T19:36:06.906452,2026-09-11T19:45:16.245671,2026-09-11T19:47:33.317699,dinner,app,1,false,
ORD-01594,2026-09-11T20:01:20,2026-09-11T20:02:45.355744,2026-09-11T20:10:50.415132,2026-09-11T20:14:19.063828,dinner,app,3,false,
ORD-01595,2026-09-11T20:18:37,2026-09-11T20:20:05.373820,2026-09-11T20:29:23.845646,2026-09-11T20:30:42.304331,dinner,app,2,false,
ORD-01596,2026-09-11T19:00:41,2026-09-11T19:01:20.369027,2026-09-11T19:04:47.729431,2026-09-11T19:06:04.120733,dinner,app,2,false,
ORD-01597,2026-09-11T20:26:27,2026-09-11T20:27:44.368871,2026-09-11T20:36:29.793751,2026-09-11T20:38:17.316861,dinner,app,2,false,
ORD-01598,2026-09-11T20:03:53,2026-09-11T20:05:21.687985,2026-09-11T20:14:41.354112,2026-09-11T20:16:47.094967,dinner,app,2,false,
ORD-01599,2026-09-11T20:16:52,2026-09-11T20:18:18.886608,2026-09-11T20:29:15.790135,2026-09-11T20:32:56.458136,dinner,app,3,false,
ORD-01600,2026-09-11T19:58:59,2026-09-11T20:00:08.220599,2026-09-11T20:08:56.822871,2026-09-11T20:10:34.104583,dinner,app,2,false,
ORD-01601,2026-09-11T19:46:54,2026-09-11T19:47:44.943664,2026-09-11T19:56:58.236460,2026-09-11T20:00:22.647617,dinner,app,2,false,
ORD-01602,2026-09-11T20:31:31,2026-09-11T20:31:56.596481,2026-09-11T20:37:33.985566,2026-09-11T20:40:01.800858,dinner,app,1,false,
ORD-01603,2026-09-11T21:03:15,2026-09-11T21:03:42.077423,2026-09-11T21:11:17.826608,2026-09-11T21:14:59.584772,dinner,counter,3,false,
ORD-01604,2026-09-11T19:43:28,2026-09-11T19:45:41.716517,2026-09-11T19:55:39.367877,2026-09-11T19:58:35.592898,dinner,app,3,false,
ORD-01605,2026-09-11T20:13:41,2026-09-11T20:15:29.047291,2026-09-11T20:23:38.110449,2026-09-11T20:25:08.356372,dinner,counter,1,false,
ORD-01606,2026-09-11T21:14:43,2026-09-11T21:15:35.281798,2026-09-11T21:22:06.783277,2026-09-11T21:23:40.857129,dinner,app,4,false,
ORD-01607,2026-09-11T20:41:46,2026-09-11T20:42:16.565694,2026-09-11T20:46:34.883534,2026-09-11T20:48:35.785629,dinner,counter,3,false,
ORD-01608,2026-09-11T19:28:37,2026-09-11T19:29:04.240938,2026-09-11T19:36:37.234982,2026-09-11T19:38:04.790297,dinner,counter,2,false,
ORD-01609,2026-09-11T19:58:48,2026-09-11T20:00:19.472982,2026-09-11T20:09:20.594735,2026-09-11T20:12:16.531019,dinner,app,4,false,
ORD-01610,2026-09-11T21:04:51,2026-09-11T21:05:03,2026-09-11T21:14:54.560664,2026-09-11T21:15:30.181220,dinner,counter,1,false,
ORD-01611,2026-09-11T21:22:01,2026-09-11T21:23:21.209944,2026-09-11T21:28:22.420884,2026-09-11T21:29:21.902165,dinner,app,3,false,
ORD-01612,2026-09-11T19:50:57,2026-09-11T19:51:57.002378,2026-09-11T20:04:29.504654,2026-09-11T20:07:07.427667,dinner,app,4,false,
ORD-01613,2026-09-11T21:05:32,2026-09-11T21:06:38.361639,2026-09-11T21:11:17.217443,2026-09-11T21:12:55.386372,dinner,app,4,false,
ORD-01614,2026-09-11T19:26:29,2026-09-11T19:27:09.020487,2026-09-11T19:32:30.995974,2026-09-11T19:34:07.625458,dinner,counter,4,false,
ORD-01615,2026-09-11T19:50:57,2026-09-11T19:52:03.857668,2026-09-11T20:03:04.576776,2026-09-11T20:06:00.747106,dinner,counter,2,false,
ORD-01616,2026-09-11T19:10:47,2026-09-11T19:11:56.910324,2026-09-11T19:17:34.442262,2026-09-11T19:18:43.402268,dinner,app,1,false,
ORD-01617,2026-09-11T19:36:11,2026-09-11T19:37:06.815267,2026-09-11T19:49:46.533141,2026-09-11T19:51:42.916277,dinner,app,2,false,
ORD-01618,2026-09-11T20:07:18,2026-09-11T20:08:21.915003,2026-09-11T20:12:36.070796,,dinner,app,2,true,
ORD-01619,2026-09-11T19:40:30,2026-09-11T19:41:56.872764,2026-09-11T19:55:38.855267,2026-09-11T19:58:32.833495,dinner,counter,3,false,
ORD-01620,2026-09-11T19:19:11,2026-09-11T19:20:29.455291,2026-09-11T19:30:10.666965,2026-09-11T19:30:28.666965,dinner,app,4,false,
ORD-01621,2026-09-11T21:03:00,2026-09-11T21:03:40.326447,2026-09-11T21:15:44.906408,2026-09-11T21:16:22.760840,dinner,counter,1,false,
ORD-01622,2026-09-11T21:22:08,2026-09-11T21:23:01.154213,2026-09-11T21:28:32.587944,2026-09-11T21:30:03.362985,dinner,app,3,false,
ORD-01623,2026-09-11T19:42:09,2026-09-11T19:43:44.687518,2026-09-11T19:53:54.545562,2026-09-11T19:57:42.057279,dinner,app,1,false,
ORD-01624,2026-09-11T21:05:30,2026-09-11T21:05:42,2026-09-11T21:13:21.777174,2026-09-11T21:13:51.770142,dinner,counter,3,false,
ORD-01625,2026-09-11T19:34:45,2026-09-11T19:36:08.163264,2026-09-11T19:46:45.272640,2026-09-11T19:49:50.196859,dinner,app,2,false,
ORD-01626,2026-09-12T08:32:58,2026-09-12T08:33:56.276113,2026-09-12T08:47:36.869177,2026-09-12T08:49:54.207226,breakfast,app,3,false,
ORD-01627,2026-09-12T09:48:30,2026-09-12T09:50:11.147479,2026-09-12T09:58:07.666622,2026-09-12T10:00:20.477702,breakfast,counter,3,false,stockout
ORD-01628,2026-09-12T08:40:00,2026-09-12T08:41:42.443051,2026-09-12T08:53:15.637371,2026-09-12T08:56:10.706663,breakfast,counter,4,false,
ORD-01629,2026-09-12T09:49:40,2026-09-12T09:50:19.960183,2026-09-12T09:54:44.836495,2026-09-12T09:56:10.440727,breakfast,app,4,false,stockout
ORD-01630,2026-09-12T09:20:09,2026-09-12T09:21:18.976939,2026-09-12T09:31:08.957778,2026-09-12T09:32:20.242625,breakfast,counter,2,false,
ORD-01631,2026-09-12T08:06:38,2026-09-12T08:07:22.249963,2026-09-12T08:16:24.195295,2026-09-12T08:18:38.179591,breakfast,counter,3,false,
ORD-01632,2026-09-12T09:20:10,2026-09-12T09:21:38.449502,2026-09-12T09:40:29.862628,2026-09-12T09:43:13.751269,breakfast,app,4,false,kitchen_rework
ORD-01633,2026-09-12T08:25:36,2026-09-12T08:25:48,2026-09-12T08:31:48.769917,2026-09-12T08:32:30.815813,breakfast,app,3,false,
ORD-01634,2026-09-12T08:24:41,2026-09-12T08:26:15.504170,2026-09-12T08:31:13.524430,2026-09-12T08:33:56.665769,breakfast,counter,3,false,
ORD-01635,2026-09-12T08:00:43,2026-09-12T08:01:22.175686,2026-09-12T08:16:43.422711,2026-09-12T08:19:05.738977,breakfast,counter,2,false,kitchen_rework
ORD-01636,2026-09-12T08:41:05,2026-09-12T08:42:38.526315,2026-09-12T08:52:07.618954,2026-09-12T08:55:06.133868,breakfast,app,4,false,
ORD-01637,2026-09-12T08:17:44,2026-09-12T08:18:23.383203,2026-09-12T08:20:23.383203,2026-09-12T08:21:51.141512,breakfast,counter,3,false,
ORD-01638,2026-09-12T08:13:58,2026-09-12T08:14:56.036291,2026-09-12T08:21:57.605312,2026-09-12T08:22:15.605312,breakfast,app,4,false,
ORD-01639,2026-09-12T08:15:22,2026-09-12T08:15:45.247491,2026-09-12T08:18:31.058514,2026-09-12T08:20:24.381165,breakfast,app,3,false,
ORD-01640,2026-09-12T09:21:40,2026-09-12T09:22:25.422344,2026-09-12T09:36:31.521219,2026-09-12T09:37:25.376165,breakfast,counter,2,false,
ORD-01641,2026-09-12T08:19:52,2026-09-12T08:20:50.180611,2026-09-12T08:30:01.937578,2026-09-12T08:30:19.937578,breakfast,counter,4,false,stockout
ORD-01642,2026-09-12T09:31:31,2026-09-12T09:32:28.330674,2026-09-12T09:34:28.330674,2026-09-12T09:35:41.882306,breakfast,app,1,false,stockout
ORD-01643,2026-09-12T09:26:04,2026-09-12T09:27:24.575512,2026-09-12T09:35:29.466944,2026-09-12T09:38:16.582160,breakfast,counter,2,false,
ORD-01644,2026-09-12T09:09:19,2026-09-12T09:10:39.309193,2026-09-12T09:24:06.242341,2026-09-12T09:27:17.441682,breakfast,app,3,false,
ORD-01645,2026-09-12T09:51:35,2026-09-12T09:52:16.422275,2026-09-12T09:59:40.176031,2026-09-12T10:01:41.124829,breakfast,counter,3,false,
ORD-01646,2026-09-12T08:41:58,2026-09-12T08:43:09.576025,2026-09-12T08:55:52.137292,2026-09-12T08:57:54.736268,breakfast,counter,3,false,
ORD-01647,2026-09-12T08:58:51,2026-09-12T08:59:49.341033,2026-09-12T09:11:00.510085,2026-09-12T09:12:47.930977,breakfast,counter,2,false,
ORD-01648,2026-09-12T08:46:41,2026-09-12T08:47:23.528211,2026-09-12T08:55:29.375557,2026-09-12T08:59:21.918181,breakfast,counter,1,false,
ORD-01649,2026-09-12T08:13:12,2026-09-12T08:13:44.439673,2026-09-12T08:21:43.809142,2026-09-12T08:22:01.809142,breakfast,app,1,false,
ORD-01650,2026-09-12T08:04:00,2026-09-12T08:04:57.340211,2026-09-12T08:11:13.714568,2026-09-12T08:13:55.166627,breakfast,counter,2,false,
ORD-01651,2026-09-12T09:02:20,2026-09-12T09:03:33.974002,2026-09-12T09:15:45.813762,,breakfast,counter,2,true,
ORD-01652,2026-09-12T09:28:34,2026-09-12T09:29:43.073359,2026-09-12T09:41:43.995026,2026-09-12T09:44:57.676228,breakfast,app,4,false,
ORD-01653,2026-09-12T09:50:32,2026-09-12T09:51:32.484244,2026-09-12T10:05:09.981086,2026-09-12T10:07:01.199128,breakfast,counter,2,false,
ORD-01654,2026-09-12T09:15:39,2026-09-12T09:17:08.794169,2026-09-12T09:24:54.372260,2026-09-12T09:26:38.506811,breakfast,app,2,false,payment
ORD-01655,2026-09-12T08:19:50,2026-09-12T08:20:04.306879,2026-09-12T08:27:11.425276,2026-09-12T08:29:37.877847,breakfast,app,3,false,
ORD-01656,2026-09-12T08:31:24,2026-09-12T08:33:31.781001,2026-09-12T08:41:48.805344,2026-09-12T08:45:15.289625,breakfast,counter,3,false,
ORD-01657,2026-09-12T08:39:26,2026-09-12T08:40:37.486926,2026-09-12T08:49:25.811059,2026-09-12T08:51:21.384204,breakfast,app,1,false,
ORD-01658,2026-09-12T09:23:08,2026-09-12T09:23:55.635801,2026-09-12T09:36:37.424370,2026-09-12T09:38:23.525647,breakfast,counter,1,false,
ORD-01659,2026-09-12T08:27:35,2026-09-12T08:28:29.418071,2026-09-12T08:38:53.019322,2026-09-12T08:39:50.908035,breakfast,counter,4,false,
ORD-01660,2026-09-12T09:18:31,2026-09-12T09:20:13.742616,2026-09-12T09:31:20.095484,2026-09-12T09:32:15.789880,breakfast,counter,2,false,
ORD-01661,2026-09-12T08:37:27,2026-09-12T08:38:24.414768,2026-09-12T08:51:44.024509,2026-09-12T08:54:45.277756,breakfast,counter,1,false,
ORD-01662,2026-09-12T09:40:05,2026-09-12T09:41:10.249238,2026-09-12T09:45:26.234534,2026-09-12T09:46:49.936609,breakfast,counter,1,false,
ORD-01663,2026-09-12T08:18:24,2026-09-12T08:19:28.181815,2026-09-12T08:28:01.668818,2026-09-12T08:29:47.222590,breakfast,counter,2,false,
ORD-01664,2026-09-12T08:55:57,2026-09-12T08:57:39.424975,2026-09-12T09:03:05.551743,2026-09-12T09:04:28.209848,breakfast,counter,2,false,
ORD-01665,2026-09-12T09:12:13,2026-09-12T09:14:09.106795,2026-09-12T09:20:30.368540,2026-09-12T09:22:27.690390,breakfast,app,3,false,
ORD-01666,2026-09-12T08:17:28,2026-09-12T08:17:49.113439,2026-09-12T08:19:49.113439,2026-09-12T08:21:08.011025,breakfast,app,3,false,
ORD-01667,2026-09-12T08:51:09,2026-09-12T08:53:13.173819,2026-09-12T09:04:35.999902,2026-09-12T09:07:53.629564,breakfast,counter,1,false,
ORD-01668,2026-09-12T08:33:30,2026-09-12T08:35:02.974190,2026-09-12T08:50:34.757189,2026-09-12T08:51:47.332711,breakfast,app,1,false,
ORD-01669,2026-09-12T08:37:18,2026-09-12T08:38:51.042777,2026-09-12T08:45:39.862737,2026-09-12T08:48:17.248819,breakfast,counter,3,false,
ORD-01670,2026-09-12T08:57:56,2026-09-12T08:58:58.384116,2026-09-12T09:10:32.564475,2026-09-12T09:12:32.530531,breakfast,app,2,false,
ORD-01671,2026-09-12T09:12:28,2026-09-12T09:13:38.791817,2026-09-12T09:22:24.971766,2026-09-12T09:25:40.810292,breakfast,counter,1,false,
ORD-01672,2026-09-12T09:52:15,2026-09-12T09:52:31.679346,2026-09-12T09:58:38.841934,2026-09-12T10:01:42.774395,breakfast,counter,4,false,
ORD-01673,2026-09-12T09:43:52,2026-09-12T09:45:06.190823,2026-09-12T09:49:26.193538,2026-09-12T09:52:20.767103,breakfast,counter,1,false,
ORD-01674,2026-09-12T08:37:07,2026-09-12T08:38:12.801772,2026-09-12T08:46:38.008632,2026-09-12T08:48:23.556454,breakfast,app,4,false,
ORD-01675,2026-09-12T08:54:20,2026-09-12T08:55:27.969866,2026-09-12T09:02:03.702678,2026-09-12T09:03:55.102592,breakfast,app,4,false,
ORD-01676,2026-09-12T09:47:50,2026-09-12T09:48:49.403580,2026-09-12T09:55:27.376994,2026-09-12T09:58:34.844704,breakfast,counter,3,false,
ORD-01677,2026-09-12T09:59:42,2026-09-12T10:01:09.551407,2026-09-12T10:12:50.034428,2026-09-12T10:14:17.066756,breakfast,app,1,false,
ORD-01678,2026-09-12T09:07:02,2026-09-12T09:07:43.276166,2026-09-12T09:18:59.724994,2026-09-12T09:21:16.785801,breakfast,counter,3,false,
ORD-01679,2026-09-12T09:59:15,2026-09-12T09:59:59.114246,2026-09-12T10:06:46.426321,2026-09-12T10:08:52.235480,breakfast,counter,3,false,
ORD-01680,2026-09-12T09:01:01,2026-09-12T09:01:37.623818,2026-09-12T09:10:20.649635,2026-09-12T09:12:12.841989,breakfast,counter,1,false,
ORD-01681,2026-09-12T09:12:07,2026-09-12T09:13:38.877241,2026-09-12T09:22:37.148202,2026-09-12T09:24:43.009526,breakfast,app,1,false,
ORD-01682,2026-09-12T09:00:57,2026-09-12T09:01:57.537069,2026-09-12T09:11:47.782667,2026-09-12T09:14:17.116728,breakfast,counter,3,false,
ORD-01683,2026-09-12T09:07:35,2026-09-12T09:09:25.757655,2026-09-12T09:21:11.275412,2026-09-12T09:22:19.547855,breakfast,counter,3,false,
ORD-01684,2026-09-12T09:11:22,2026-09-12T09:12:24.303027,2026-09-12T09:20:45.541101,2026-09-12T09:21:54.492057,breakfast,app,3,false,
ORD-01685,2026-09-12T09:58:59,2026-09-12T10:00:02.160643,2026-09-12T10:05:57.552370,2026-09-12T10:07:38.276378,breakfast,counter,4,false,
ORD-01686,2026-09-12T08:44:47,2026-09-12T08:46:05.429217,2026-09-12T08:56:43.732523,2026-09-12T08:57:59.372123,breakfast,counter,3,false,
ORD-01687,2026-09-12T08:30:32,2026-09-12T08:32:45.072547,2026-09-12T08:45:22.983579,2026-09-12T08:46:13.449106,breakfast,counter,2,false,
ORD-01688,2026-09-12T09:22:19,2026-09-12T09:23:33.093371,2026-09-12T09:29:52.401109,2026-09-12T09:33:05.055215,breakfast,app,1,false,
ORD-01689,2026-09-12T08:27:43,2026-09-12T08:28:20.184711,2026-09-12T08:32:46.780267,2026-09-12T08:33:47.364519,breakfast,counter,1,false,
ORD-01690,2026-09-12T09:36:40,2026-09-12T09:37:00.310065,2026-09-12T09:46:07.897098,2026-09-12T09:47:27.695220,breakfast,counter,1,false,
ORD-01691,2026-09-12T08:27:14,2026-09-12T08:28:46.588135,2026-09-12T08:34:35.828863,2026-09-12T08:35:43.904966,breakfast,counter,4,false,
ORD-01692,2026-09-12T08:25:29,2026-09-12T08:26:29.906304,2026-09-12T08:34:33.977623,2026-09-12T08:35:11.149484,breakfast,app,2,false,
ORD-01693,2026-09-12T09:54:06,2026-09-12T09:54:18,2026-09-12T10:04:23.000799,2026-09-12T10:06:05.722987,breakfast,counter,3,false,
ORD-01694,2026-09-12T09:17:54,2026-09-12T09:18:59.457023,2026-09-12T09:25:53.083507,2026-09-12T09:26:11.083507,breakfast,app,2,false,
ORD-01695,2026-09-12T09:57:46,2026-09-12T09:58:27.373427,2026-09-12T10:03:22.836693,2026-09-12T10:03:43.036885,breakfast,app,1,false,
ORD-01696,2026-09-12T08:52:53,2026-09-12T08:54:07.908321,2026-09-12T08:59:37.731320,2026-09-12T09:01:37.872903,breakfast,counter,1,false,
ORD-01697,2026-09-12T09:36:20,2026-09-12T09:37:08.384848,2026-09-12T09:42:47.033462,2026-09-12T09:45:01.177498,breakfast,counter,3,false,
ORD-01698,2026-09-12T09:21:09,2026-09-12T09:22:49.977505,2026-09-12T09:33:25.946387,,breakfast,app,4,true,
ORD-01699,2026-09-12T09:11:35,2026-09-12T09:12:37.947243,2026-09-12T09:20:31.786305,2026-09-12T09:22:59.987075,breakfast,app,3,false,
ORD-01700,2026-09-12T08:09:18,2026-09-12T08:09:56.989337,2026-09-12T08:14:52.318822,2026-09-12T08:15:10.318822,breakfast,counter,4,false,
ORD-01701,2026-09-12T08:55:31,2026-09-12T08:56:33.668563,2026-09-12T09:07:26.840841,2026-09-12T09:08:35.911415,breakfast,app,3,false,
ORD-01702,2026-09-12T08:36:10,2026-09-12T08:38:12.357109,2026-09-12T08:46:46.797272,,breakfast,app,4,true,
ORD-01703,2026-09-12T08:33:24,2026-09-12T08:34:59.915015,2026-09-12T08:45:38.058966,2026-09-12T08:48:06.537242,breakfast,counter,1,false,
ORD-01704,2026-09-12T09:28:07,2026-09-12T09:29:25.810500,2026-09-12T09:41:47.403217,2026-09-12T09:44:42.965015,breakfast,app,1,false,
ORD-01705,2026-09-12T09:13:12,2026-09-12T09:14:15.152477,2026-09-12T09:25:02.162867,2026-09-12T09:27:01.124595,breakfast,counter,4,false,
ORD-01706,2026-09-12T08:34:28,2026-09-12T08:35:50.261259,2026-09-12T08:50:26.203782,2026-09-12T08:52:30.725628,breakfast,counter,3,false,kitchen_rework
ORD-01707,2026-09-12T09:20:19,2026-09-12T09:21:57.227399,2026-09-12T09:34:13.554180,2026-09-12T09:36:40.568548,breakfast,app,4,false,
ORD-01708,2026-09-12T08:17:34,2026-09-12T08:17:56.601849,2026-09-12T08:28:42.182724,2026-09-12T08:29:12.578239,breakfast,counter,2,false,
ORD-01709,2026-09-12T08:45:40,2026-09-12T08:46:50.554961,2026-09-12T08:57:53.233991,2026-09-12T08:59:38.664006,breakfast,counter,1,false,
ORD-01710,2026-09-12T09:44:55,2026-09-12T09:45:46.717119,2026-09-12T09:55:00.465731,2026-09-12T09:56:06.296316,breakfast,counter,3,false,
ORD-01711,2026-09-12T13:33:27,2026-09-12T13:34:34.822399,2026-09-12T13:41:50.302433,2026-09-12T13:42:40.957808,lunch,counter,1,false,
ORD-01712,2026-09-12T12:11:21,2026-09-12T12:12:13.110677,2026-09-12T12:14:13.110677,2026-09-12T12:16:17.037589,lunch,app,4,false,
ORD-01713,2026-09-12T13:25:53,2026-09-12T13:27:43.869260,2026-09-12T13:38:49.711843,2026-09-12T13:39:41.402921,lunch,counter,2,false,
ORD-01714,2026-09-12T12:20:03,2026-09-12T12:21:08.840277,2026-09-12T12:29:53.108681,2026-09-12T12:30:11.108681,lunch,app,1,false,
ORD-01715,2026-09-12T13:54:12,2026-09-12T13:55:37.583757,2026-09-12T14:07:01.042554,2026-09-12T14:07:19.042554,lunch,counter,1,false,
ORD-01716,2026-09-12T12:41:28,2026-09-12T12:42:42.459917,2026-09-12T12:49:23.999677,2026-09-12T12:51:21.613738,lunch,app,4,false,
ORD-01717,2026-09-12T13:45:01,2026-09-12T13:45:57.877017,2026-09-12T13:55:43.066610,2026-09-12T13:56:19.720723,lunch,app,1,false,
ORD-01718,2026-09-12T12:18:03,2026-09-12T12:18:31.400228,2026-09-12T12:28:02.877827,2026-09-12T12:28:30.290060,lunch,app,2,false,
ORD-01719,2026-09-12T12:11:18,2026-09-12T12:12:36.290132,2026-09-12T12:16:27.834031,,lunch,counter,1,true,
ORD-01720,2026-09-12T12:40:51,2026-09-12T12:41:41.606822,2026-09-12T12:49:47.033329,2026-09-12T12:51:26.323477,lunch,counter,3,false,
ORD-01721,2026-09-12T14:10:25,2026-09-12T14:11:18.700928,2026-09-12T14:23:50.997415,2026-09-12T14:25:26.282748,lunch,app,3,false,kitchen_rework
ORD-01722,2026-09-12T12:41:48,2026-09-12T12:42:57.098108,2026-09-12T12:52:22.035903,2026-09-12T12:55:02.189858,lunch,app,4,false,
ORD-01723,2026-09-12T12:45:03,2026-09-12T12:46:19.512567,2026-09-12T12:57:38.458157,2026-09-12T12:59:33.674013,lunch,counter,2,false,
ORD-01724,2026-09-12T12:03:20,2026-09-12T12:04:24.717229,2026-09-12T12:10:05.025256,2026-09-12T12:11:35.602172,lunch,counter,4,false,
ORD-01725,2026-09-12T12:26:12,2026-09-12T12:27:28.161561,2026-09-12T12:32:54.182677,2026-09-12T12:35:38.204955,lunch,counter,1,false,
ORD-01726,2026-09-12T13:15:55,2026-09-12T13:16:42.875578,2026-09-12T13:25:25.007831,2026-09-12T13:27:51.458771,lunch,counter,4,false,
ORD-01727,2026-09-12T12:09:49,2026-09-12T12:10:30.752881,2026-09-12T12:16:33.845340,2026-09-12T12:16:51.845340,lunch,counter,4,false,
ORD-01728,2026-09-12T14:14:48,2026-09-12T14:15:50.095891,2026-09-12T14:22:08.507299,2026-09-12T14:24:41.321400,lunch,counter,3,false,
ORD-01729,2026-09-12T13:29:22,2026-09-12T13:30:46.950380,2026-09-12T13:42:32.946771,2026-09-12T13:44:24.607835,lunch,counter,3,false,
ORD-01730,2026-09-12T13:08:28,2026-09-12T13:09:28.595047,2026-09-12T13:15:20.483341,2026-09-12T13:17:14.464046,lunch,counter,1,false,
ORD-01731,2026-09-12T14:11:00,2026-09-12T14:11:12,2026-09-12T14:19:42.703525,2026-09-12T14:20:34.731540,lunch,counter,1,false,
ORD-01732,2026-09-12T13:39:42,2026-09-12T13:39:54,2026-09-12T13:45:21.469403,2026-09-12T13:46:49.402762,lunch,counter,1,false,
ORD-01733,2026-09-12T14:15:53,2026-09-12T14:17:01.143599,2026-09-12T14:22:24.839621,2026-09-12T14:23:24.467390,lunch,app,1,false,
ORD-01734,2026-09-12T13:25:19,2026-09-12T13:27:12.397073,2026-09-12T13:38:42.103918,2026-09-12T13:40:33.624423,lunch,app,1,false,
ORD-01735,2026-09-12T12:46:42,2026-09-12T12:48:48.060759,2026-09-12T12:55:12.814748,2026-09-12T12:57:59.712526,lunch,app,2,false,
ORD-01736,2026-09-12T13:35:34,2026-09-12T13:37:21.634063,2026-09-12T13:42:24.632247,2026-09-12T13:42:59.441730,lunch,counter,4,false,
ORD-01737,2026-09-12T14:10:17,2026-09-12T14:10:56.181143,2026-09-12T14:18:33.369697,2026-09-12T14:20:04.083378,lunch,app,4,false,
ORD-01738,2026-09-12T14:27:14,2026-09-12T14:27:38.386487,2026-09-12T14:34:06.146732,2026-09-12T14:34:24.146732,lunch,counter,4,false,
ORD-01739,2026-09-12T13:14:58,2026-09-12T13:16:14.475399,2026-09-12T13:27:38.589372,2026-09-12T13:29:17.363340,lunch,app,1,false,
ORD-01740,2026-09-12T14:17:59,2026-09-12T14:18:50.401498,2026-09-12T14:34:15.036809,2026-09-12T14:35:44.249440,lunch,counter,4,false,
ORD-01741,2026-09-12T13:57:26,2026-09-12T13:58:39.953744,2026-09-12T14:04:30.699421,2026-09-12T14:06:58.728124,lunch,counter,2,false,
ORD-01742,2026-09-12T14:15:35,2026-09-12T14:16:18.112197,2026-09-12T14:22:33.841740,2026-09-12T14:24:54.348634,lunch,app,4,false,payment
ORD-01743,2026-09-12T14:18:28,2026-09-12T14:19:45.787435,2026-09-12T14:25:42.318476,2026-09-12T14:26:00.318476,lunch,app,3,false,payment
ORD-01744,2026-09-12T12:07:52,2026-09-12T12:08:04,2026-09-12T12:14:51.078570,2026-09-12T12:15:28.511527,lunch,counter,1,false,
ORD-01745,2026-09-12T13:21:20,2026-09-12T13:22:07.640728,2026-09-12T13:30:44.526219,2026-09-12T13:32:21.137555,lunch,app,3,false,
ORD-01746,2026-09-12T13:09:24,2026-09-12T13:10:43.180631,2026-09-12T13:17:09.076575,2026-09-12T13:19:32.490751,lunch,app,3,false,
ORD-01747,2026-09-12T13:15:46,2026-09-12T13:16:17.821356,2026-09-12T13:23:55.644604,2026-09-12T13:27:05.539560,lunch,app,1,false,
ORD-01748,2026-09-12T14:13:46,2026-09-12T14:13:58,2026-09-12T14:20:29.114195,2026-09-12T14:22:05.506988,lunch,counter,4,false,
ORD-01749,2026-09-12T12:36:41,2026-09-12T12:37:56.671093,2026-09-12T12:46:23.494739,2026-09-12T12:47:53.277165,lunch,app,1,false,
ORD-01750,2026-09-12T13:49:12,2026-09-12T13:50:43.989817,2026-09-12T14:01:10.174642,2026-09-12T14:03:35.009896,lunch,app,2,false,
ORD-01751,2026-09-12T13:04:20,2026-09-12T13:05:39.523383,2026-09-12T13:14:43.036790,2026-09-12T13:16:34.828103,lunch,counter,3,false,
ORD-01752,2026-09-12T14:05:07,2026-09-12T14:05:54.899474,2026-09-12T14:16:01.967700,2026-09-12T14:17:07.357127,lunch,app,2,false,
ORD-01753,2026-09-12T13:53:20,2026-09-12T13:55:03.542801,2026-09-12T14:04:36.623716,2026-09-12T14:05:22.827265,lunch,app,1,false,
ORD-01754,2026-09-12T13:15:20,2026-09-12T13:16:39.484765,2026-09-12T13:29:10.893443,2026-09-12T13:30:39.079533,lunch,app,4,false,
ORD-01755,2026-09-12T12:37:23,2026-09-12T12:38:39.647276,2026-09-12T12:44:56.623463,2026-09-12T12:47:59.225555,lunch,counter,1,false,
ORD-01756,2026-09-12T12:33:05,2026-09-12T12:34:22.776171,2026-09-12T12:41:05.106756,2026-09-12T12:42:29.388422,lunch,counter,1,false,
ORD-01757,2026-09-12T12:20:59,2026-09-12T12:22:08.840676,2026-09-12T12:30:55.613583,2026-09-12T12:31:13.613583,lunch,app,2,false,
ORD-01758,2026-09-12T13:02:56,2026-09-12T13:04:40.427767,2026-09-12T13:18:13.928339,2026-09-12T13:20:30.346783,lunch,app,3,false,
ORD-01759,2026-09-12T12:25:21,2026-09-12T12:26:07.553299,2026-09-12T12:36:38.878797,2026-09-12T12:38:48.788445,lunch,app,1,false,
ORD-01760,2026-09-12T12:32:40,2026-09-12T12:33:54.485519,2026-09-12T12:40:53.238680,2026-09-12T12:43:43.821243,lunch,app,2,false,
ORD-01761,2026-09-12T13:54:59,2026-09-12T13:55:11,2026-09-12T14:00:50.732169,2026-09-12T14:02:56.298435,lunch,counter,2,false,
ORD-01762,2026-09-12T13:30:17,2026-09-12T13:31:10.163532,2026-09-12T13:38:43.765756,2026-09-12T13:40:38.640460,lunch,counter,3,false,
ORD-01763,2026-09-12T12:40:08,2026-09-12T12:40:51.733872,2026-09-12T12:54:09.334903,2026-09-12T12:55:36.630332,lunch,counter,1,false,
ORD-01764,2026-09-12T12:53:02,2026-09-12T12:54:03.596341,2026-09-12T13:03:07.504222,2026-09-12T13:05:58.294294,lunch,counter,4,false,
ORD-01765,2026-09-12T12:11:43,2026-09-12T12:12:19.587077,2026-09-12T12:22:42.000769,2026-09-12T12:24:06.161685,lunch,app,2,false,
ORD-01766,2026-09-12T13:44:57,2026-09-12T13:45:55.234838,2026-09-12T13:56:27.367210,2026-09-12T13:58:00.259503,lunch,app,3,false,
ORD-01767,2026-09-12T14:17:18,2026-09-12T14:18:04.442104,2026-09-12T14:20:10.539483,2026-09-12T14:21:46.081905,lunch,counter,2,false,
ORD-01768,2026-09-12T13:49:15,2026-09-12T13:49:54.758524,2026-09-12T13:57:37.010396,,lunch,app,3,true,
ORD-01769,2026-09-12T12:37:04,2026-09-12T12:37:51.359107,2026-09-12T12:43:13.528801,2026-09-12T12:44:32.138406,lunch,app,1,false,
ORD-01770,2026-09-12T13:01:31,2026-09-12T13:02:07.537588,2026-09-12T13:16:48.409389,2026-09-12T13:18:29.069559,lunch,app,4,false,
ORD-01771,2026-09-12T13:22:50,2026-09-12T13:24:14.445632,2026-09-12T13:29:30.393424,2026-09-12T13:31:31.359735,lunch,counter,4,false,
ORD-01772,2026-09-12T13:14:30,2026-09-12T13:16:32.405611,2026-09-12T13:31:58.408848,2026-09-12T13:33:44.039176,lunch,counter,4,false,
ORD-01773,2026-09-12T12:18:22,2026-09-12T12:18:54.559048,2026-09-12T12:23:23.923916,2026-09-12T12:25:46.353794,lunch,app,2,false,
ORD-01774,2026-09-12T13:26:20,2026-09-12T13:27:40.852768,2026-09-12T13:39:28.099732,2026-09-12T13:41:51.503236,lunch,counter,2,false,
ORD-01775,2026-09-12T12:29:28,2026-09-12T12:30:05.678244,2026-09-12T12:35:53.090544,2026-09-12T12:37:37.525484,lunch,counter,1,false,
ORD-01776,2026-09-12T14:21:32,2026-09-12T14:21:54.906087,2026-09-12T14:30:16.729758,2026-09-12T14:31:20.215651,lunch,app,1,false,
ORD-01777,2026-09-12T12:57:06,2026-09-12T12:58:39.587622,2026-09-12T13:07:39.965236,2026-09-12T13:10:05.186510,lunch,counter,3,false,
ORD-01778,2026-09-12T14:06:55,2026-09-12T14:08:22.224660,2026-09-12T14:13:18.663408,2026-09-12T14:13:45.487738,lunch,app,3,false,
ORD-01779,2026-09-12T12:22:10,2026-09-12T12:23:08.647068,2026-09-12T12:28:07.011604,2026-09-12T12:30:16.130727,lunch,app,3,false,
ORD-01780,2026-09-12T12:48:53,2026-09-12T12:50:22.203942,2026-09-12T12:58:34.759598,2026-09-12T13:00:51.902385,lunch,counter,2,false,
ORD-01781,2026-09-12T12:58:33,2026-09-12T13:00:15.973186,2026-09-12T13:07:55.201151,2026-09-12T13:09:49.344284,lunch,counter,1,false,
ORD-01782,2026-09-12T12:43:35,2026-09-12T12:45:25.685556,2026-09-12T12:51:54.578340,2026-09-12T12:53:55.106851,lunch,app,1,false,
ORD-01783,2026-09-12T13:17:34,2026-09-12T13:18:30.526535,2026-09-12T13:25:42.301228,2026-09-12T13:28:12.301862,lunch,counter,1,false,
ORD-01784,2026-09-12T12:51:00,2026-09-12T12:52:12.800371,2026-09-12T13:02:51.691915,2026-09-12T13:05:11.684916,lunch,app,4,false,
ORD-01785,2026-09-12T12:45:48,2026-09-12T12:47:15.377670,2026-09-12T12:58:47.300036,2026-09-12T13:02:14.489783,lunch,app,4,false,
ORD-01786,2026-09-12T12:22:00,2026-09-12T12:22:30.285200,2026-09-12T12:30:52.134179,2026-09-12T12:33:13.619922,lunch,counter,3,false,
ORD-01787,2026-09-12T12:25:45,2026-09-12T12:26:38.963481,2026-09-12T12:37:30.087175,2026-09-12T12:38:41.069367,lunch,app,4,false,
ORD-01788,2026-09-12T14:04:53,2026-09-12T14:05:51.769089,2026-09-12T14:14:08.842836,2026-09-12T14:15:19.727393,lunch,app,4,false,
ORD-01789,2026-09-12T12:29:04,2026-09-12T12:29:21.651344,2026-09-12T12:31:51.023166,2026-09-12T12:33:47.366754,lunch,counter,1,false,
ORD-01790,2026-09-12T12:28:03,2026-09-12T12:28:50.724478,2026-09-12T12:34:53.830607,2026-09-12T12:36:17.027544,lunch,app,3,false,
ORD-01791,2026-09-12T14:07:28,2026-09-12T14:07:53.849447,2026-09-12T14:09:53.849447,2026-09-12T14:10:57.645579,lunch,counter,3,false,
ORD-01792,2026-09-12T12:38:13,2026-09-12T12:39:56.380746,2026-09-12T12:47:23.376639,2026-09-12T12:49:25.164462,lunch,app,1,false,
ORD-01793,2026-09-12T13:43:48,2026-09-12T13:45:11.050568,2026-09-12T13:55:48.493252,2026-09-12T13:57:45.688463,lunch,counter,2,false,
ORD-01794,2026-09-12T13:38:40,2026-09-12T13:39:50.927712,2026-09-12T13:48:29.099836,2026-09-12T13:51:05.671544,lunch,counter,3,false,
ORD-01795,2026-09-12T12:49:35,2026-09-12T12:50:28.952032,2026-09-12T12:57:31.495295,2026-09-12T12:59:33.379211,lunch,app,1,false,
ORD-01796,2026-09-12T13:45:45,2026-09-12T13:46:33.357086,2026-09-12T13:53:54.071005,2026-09-12T13:55:28.124819,lunch,app,1,false,
ORD-01797,2026-09-12T12:57:13,2026-09-12T12:58:35.238285,2026-09-12T13:02:24.963813,2026-09-12T13:04:20.061360,lunch,counter,2,false,
ORD-01798,2026-09-12T14:06:24,2026-09-12T14:07:13.014267,2026-09-12T14:14:17.212354,2026-09-12T14:15:37.561507,lunch,counter,3,false,
ORD-01799,2026-09-12T13:40:08,2026-09-12T13:41:14.103031,2026-09-12T13:51:20.402225,2026-09-12T13:52:53.903239,lunch,app,1,false,
ORD-01800,2026-09-12T13:12:46,2026-09-12T13:13:51.397716,2026-09-12T13:24:00.999363,2026-09-12T13:25:10.542810,lunch,counter,1,false,
ORD-01801,2026-09-12T13:28:05,2026-09-12T13:29:53.236901,2026-09-12T13:43:47.713197,,lunch,counter,3,true,
ORD-01802,2026-09-12T12:49:57,2026-09-12T12:50:54.799151,2026-09-12T13:01:57.102987,2026-09-12T13:04:23.302172,lunch,app,3,false,
ORD-01803,2026-09-12T12:04:37,2026-09-12T12:05:38.430609,2026-09-12T12:15:15.813191,2026-09-12T12:16:28.161927,lunch,counter,1,false,
ORD-01804,2026-09-12T12:23:24,2026-09-12T12:24:11.083893,2026-09-12T12:30:09.733337,2026-09-12T12:31:21.979376,lunch,app,1,false,
ORD-01805,2026-09-12T13:48:02,2026-09-12T13:48:14,2026-09-12T13:50:14,2026-09-12T13:50:32,lunch,counter,2,false,
ORD-01806,2026-09-12T13:50:50,2026-09-12T13:51:33.558420,2026-09-12T14:01:25.463296,2026-09-12T14:02:13.857139,lunch,counter,1,false,
ORD-01807,2026-09-12T13:52:40,2026-09-12T13:53:27.590531,2026-09-12T13:57:24.086320,2026-09-12T13:59:11.447828,lunch,counter,4,false,
ORD-01808,2026-09-12T13:58:02,2026-09-12T13:58:15.351392,2026-09-12T14:10:17.375561,2026-09-12T14:10:45.069589,lunch,counter,4,false,kitchen_rework
ORD-01809,2026-09-12T12:31:55,2026-09-12T12:33:37.507806,2026-09-12T12:53:38.656480,2026-09-12T12:56:14.339279,lunch,app,4,false,kitchen_rework
ORD-01810,2026-09-12T12:03:12,2026-09-12T12:04:04.382151,2026-09-12T12:16:20.497699,2026-09-12T12:17:59.204775,lunch,counter,3,false,
ORD-01811,2026-09-12T13:52:14,2026-09-12T13:52:30.442055,2026-09-12T13:55:38.812711,2026-09-12T13:56:15.897725,lunch,counter,3,false,
ORD-01812,2026-09-12T13:28:04,2026-09-12T13:28:44.175001,2026-09-12T13:39:48.726790,2026-09-12T13:42:06.826960,lunch,counter,2,false,
ORD-01813,2026-09-12T13:58:17,2026-09-12T13:58:35.734807,2026-09-12T14:05:09.347357,2026-09-12T14:06:14.058138,lunch,app,2,false,
ORD-01814,2026-09-12T12:23:46,2026-09-12T12:24:31.161225,2026-09-12T12:28:07.145599,2026-09-12T12:28:42.858910,lunch,counter,2,false,
ORD-01815,2026-09-12T13:46:51,2026-09-12T13:47:14.112042,2026-09-12T13:55:25.296602,,lunch,app,4,true,payment
ORD-01816,2026-09-12T12:13:44,2026-09-12T12:14:34.805367,2026-09-12T12:23:18.564290,2026-09-12T12:24:12.410811,lunch,counter,4,false,
ORD-01817,2026-09-12T12:36:11,2026-09-12T12:37:16.572908,2026-09-12T12:48:48.888562,2026-09-12T12:51:29.699929,lunch,counter,3,false,
ORD-01818,2026-09-12T12:15:01,2026-09-12T12:16:00.468458,2026-09-12T12:20:36.040509,2026-09-12T12:22:06.119017,lunch,counter,4,false,
ORD-01819,2026-09-12T14:19:33,2026-09-12T14:20:51.070836,2026-09-12T14:23:58.792368,2026-09-12T14:25:12.420819,lunch,counter,1,false,stockout
ORD-01820,2026-09-12T14:05:10,2026-09-12T14:05:25.552942,2026-09-12T14:12:30.808623,2026-09-12T14:13:13.784449,lunch,counter,3,false,
ORD-01821,2026-09-12T12:27:51,2026-09-12T12:28:41.035245,2026-09-12T12:35:45.290836,2026-09-12T12:36:47.935798,lunch,app,4,false,
ORD-01822,2026-09-12T14:26:25,2026-09-12T14:27:44.772757,2026-09-12T14:38:36.394142,2026-09-12T14:40:14.456060,lunch,app,2,false,
ORD-01823,2026-09-12T12:23:28,2026-09-12T12:24:21.709171,2026-09-12T12:33:10.685998,2026-09-12T12:34:26.007493,lunch,counter,3,false,
ORD-01824,2026-09-12T12:48:53,2026-09-12T12:50:06.331395,2026-09-12T13:00:56.569229,2026-09-12T13:01:15.529211,lunch,counter,4,false,
ORD-01825,2026-09-12T14:16:03,2026-09-12T14:16:54.986668,2026-09-12T14:23:47.579035,2026-09-12T14:25:56.173783,lunch,counter,2,false,
ORD-01826,2026-09-12T13:23:31,2026-09-12T13:25:01.061500,2026-09-12T13:38:37.883322,2026-09-12T13:40:54.364934,lunch,app,3,false,
ORD-01827,2026-09-12T13:48:14,2026-09-12T13:48:51.434238,2026-09-12T13:55:49.944834,2026-09-12T13:57:40.976773,lunch,counter,4,false,
ORD-01828,2026-09-12T13:30:15,2026-09-12T13:31:08.134010,2026-09-12T13:43:08.080962,2026-09-12T13:44:46.327550,lunch,app,4,false,
ORD-01829,2026-09-12T14:16:48,2026-09-12T14:17:00,2026-09-12T14:23:45.747892,2026-09-12T14:24:03.747892,lunch,counter,4,false,
ORD-01830,2026-09-12T13:13:12,2026-09-12T13:13:56.366082,2026-09-12T13:22:16.974043,2026-09-12T13:25:07.616712,lunch,app,4,false,
ORD-01831,2026-09-12T13:49:22,2026-09-12T13:50:38.415193,2026-09-12T13:55:05.901331,2026-09-12T13:56:41.706540,lunch,counter,3,false,
ORD-01832,2026-09-12T14:08:04,2026-09-12T14:09:06.530645,2026-09-12T14:16:34.020090,2026-09-12T14:17:14.517237,lunch,app,4,false,
ORD-01833,2026-09-12T13:12:06,2026-09-12T13:13:07.237273,2026-09-12T13:24:40.154963,2026-09-12T13:26:56.487535,lunch,app,3,false,
ORD-01834,2026-09-12T12:48:53,2026-09-12T12:50:22.036432,2026-09-12T12:57:01.711348,2026-09-12T12:58:52.594483,lunch,counter,4,false,
ORD-01835,2026-09-12T13:07:13,2026-09-12T13:08:07.926508,2026-09-12T13:20:49.659086,2026-09-12T13:23:30.987536,lunch,app,2,false,
ORD-01836,2026-09-12T19:04:55,2026-09-12T19:05:23.289660,2026-09-12T19:16:17.569877,2026-09-12T19:17:04.803806,dinner,counter,4,false,
ORD-01837,2026-09-12T20:46:48,2026-09-12T20:47:36.488885,2026-09-12T20:58:34.007373,2026-09-12T21:01:11.118277,dinner,app,2,false,
ORD-01838,2026-09-12T19:50:21,2026-09-12T19:51:49.333652,2026-09-12T20:10:04.303519,2026-09-12T20:11:56.629442,dinner,app,2,false,
ORD-01839,2026-09-12T21:23:33,2026-09-12T21:24:15.589686,2026-09-12T21:29:54.361001,2026-09-12T21:31:07.618840,dinner,counter,3,false,
ORD-01840,2026-09-12T19:09:51,2026-09-12T19:11:13.906163,2026-09-12T19:13:13.906163,2026-09-12T19:14:15.088930,dinner,counter,4,false,
ORD-01841,2026-09-12T20:31:45,2026-09-12T20:32:15.683195,2026-09-12T20:38:40.050942,2026-09-12T20:39:33.789990,dinner,app,1,false,
ORD-01842,2026-09-12T20:00:12,2026-09-12T20:01:36.236434,2026-09-12T20:04:35.427247,2026-09-12T20:05:36.880930,dinner,counter,1,false,
ORD-01843,2026-09-12T19:07:12,2026-09-12T19:07:40.819321,2026-09-12T19:13:33.222835,2026-09-12T19:15:13.631311,dinner,counter,2,false,
ORD-01844,2026-09-12T21:22:06,2026-09-12T21:22:48.249488,2026-09-12T21:32:16.678905,2026-09-12T21:33:17.896726,dinner,counter,1,false,
ORD-01845,2026-09-12T20:03:03,2026-09-12T20:05:02.444971,2026-09-12T20:13:26.974687,2026-09-12T20:15:40.019301,dinner,app,2,false,
ORD-01846,2026-09-12T20:00:25,2026-09-12T20:02:35.701689,2026-09-12T20:10:51.553045,2026-09-12T20:14:44.563536,dinner,app,3,false,
ORD-01847,2026-09-12T20:31:15,2026-09-12T20:31:59.949381,2026-09-12T20:36:05.014209,2026-09-12T20:36:23.014209,dinner,counter,3,false,
ORD-01848,2026-09-12T19:54:26,2026-09-12T19:55:55.020870,2026-09-12T20:09:21.123581,,dinner,app,2,true,
ORD-01849,2026-09-12T20:39:12,2026-09-12T20:39:57.550659,2026-09-12T20:48:17.886879,2026-09-12T20:48:35.886879,dinner,counter,2,false,
ORD-01850,2026-09-12T19:20:43,2026-09-12T19:21:20.899745,2026-09-12T19:30:27.061916,2026-09-12T19:31:24.182061,dinner,app,2,false,
ORD-01851,2026-09-12T19:51:00,2026-09-12T19:51:48.896180,2026-09-12T19:57:34.626268,2026-09-12T19:59:49.132057,dinner,app,2,false,
ORD-01852,2026-09-12T19:22:30,2026-09-12T19:23:34.468940,2026-09-12T19:25:52.734572,2026-09-12T19:28:08.421686,dinner,counter,4,false,
ORD-01853,2026-09-12T21:25:33,2026-09-12T21:26:18.584785,2026-09-12T21:33:34.308135,2026-09-12T21:35:03.694309,dinner,app,1,false,
ORD-01854,2026-09-12T21:24:17,2026-09-12T21:25:04.629155,2026-09-12T21:35:52.581092,2026-09-12T21:38:00.082671,dinner,counter,2,false,
ORD-01855,2026-09-12T19:49:42,2026-09-12T19:51:16.589915,2026-09-12T20:02:58.936780,2026-09-12T20:06:46.051130,dinner,app,3,false,
ORD-01856,2026-09-12T20:44:52,2026-09-12T20:45:39.248833,2026-09-12T20:51:03.625755,2026-09-12T20:52:11.344722,dinner,app,3,false,
ORD-01857,2026-09-12T20:43:44,2026-09-12T20:43:56,2026-09-12T20:54:01.657374,2026-09-12T20:55:22.635382,dinner,counter,4,false,
ORD-01858,2026-09-12T19:12:30,2026-09-12T19:13:48.284896,2026-09-12T19:24:31.664295,2026-09-12T19:25:32.877222,dinner,counter,3,false,
ORD-01859,2026-09-12T19:47:07,2026-09-12T19:48:17.829912,2026-09-12T19:55:18.116545,2026-09-12T19:56:59.753669,dinner,counter,1,false,
ORD-01860,2026-09-12T21:08:24,2026-09-12T21:09:22.656171,2026-09-12T21:15:51.065131,2026-09-12T21:16:38.351441,dinner,app,3,false,
ORD-01861,2026-09-12T21:12:28,2026-09-12T21:13:00.943650,2026-09-12T21:22:09.638614,2026-09-12T21:24:23.894994,dinner,counter,4,false,
ORD-01862,2026-09-12T20:25:42,2026-09-12T20:27:12.600611,2026-09-12T20:35:46.528486,2026-09-12T20:38:23.679027,dinner,app,4,false,
ORD-01863,2026-09-12T20:56:48,2026-09-12T20:57:56.510114,2026-09-12T21:05:55.217888,2026-09-12T21:07:28.239613,dinner,app,3,false,
ORD-01864,2026-09-12T20:13:07,2026-09-12T20:14:06.485107,2026-09-12T20:23:44.506590,2026-09-12T20:25:55.117677,dinner,app,4,false,
ORD-01865,2026-09-12T21:20:40,2026-09-12T21:21:20.968297,2026-09-12T21:25:21.662015,2026-09-12T21:25:57.155269,dinner,app,1,false,
ORD-01866,2026-09-12T21:05:50,2026-09-12T21:06:46.929406,2026-09-12T21:16:18.131190,2026-09-12T21:17:21.896776,dinner,counter,1,false,
ORD-01867,2026-09-12T19:16:59,2026-09-12T19:18:01.787337,2026-09-12T19:20:07.226900,2026-09-12T19:22:26.385776,dinner,counter,1,false,payment
ORD-01868,2026-09-12T20:34:40,2026-09-12T20:35:31.069254,2026-09-12T20:45:48.400413,2026-09-12T20:46:10.467459,dinner,counter,1,false,
ORD-01869,2026-09-12T20:07:58,2026-09-12T20:09:22.131579,2026-09-12T20:16:21.253229,2026-09-12T20:17:41.188908,dinner,counter,3,false,
ORD-01870,2026-09-12T20:10:54,2026-09-12T20:12:15.966851,2026-09-12T20:25:01.695868,2026-09-12T20:28:18.868844,dinner,counter,2,false,
ORD-01871,2026-09-12T19:48:46,2026-09-12T19:50:41.030153,2026-09-12T20:00:03.461147,2026-09-12T20:00:52.887476,dinner,counter,4,false,
ORD-01872,2026-09-12T19:06:49,2026-09-12T19:07:05.837500,2026-09-12T19:10:14.389083,2026-09-12T19:12:40.831756,dinner,app,2,false,
ORD-01873,2026-09-12T19:39:31,2026-09-12T19:40:29.354795,2026-09-12T19:49:05.920610,2026-09-12T19:52:21.063058,dinner,app,3,false,
ORD-01874,2026-09-12T20:11:15,2026-09-12T20:13:21.746502,2026-09-12T20:27:37.333617,2026-09-12T20:30:58.326106,dinner,app,2,false,
ORD-01875,2026-09-12T19:45:21,2026-09-12T19:46:45.352264,2026-09-12T19:57:07.528517,2026-09-12T20:00:00.126512,dinner,app,4,false,
ORD-01876,2026-09-12T19:31:16,2026-09-12T19:33:18.377920,2026-09-12T19:39:01.415474,2026-09-12T19:40:23.025210,dinner,app,4,false,
ORD-01877,2026-09-12T20:18:22,2026-09-12T20:19:50.551243,2026-09-12T20:26:20.414455,2026-09-12T20:29:27.164779,dinner,counter,3,false,
ORD-01878,2026-09-12T19:36:18,2026-09-12T19:38:02.195269,2026-09-12T19:51:06.711117,2026-09-12T19:54:01.962627,dinner,counter,2,false,
ORD-01879,2026-09-12T19:43:56,2026-09-12T19:46:10.237017,2026-09-12T19:51:46.030721,2026-09-12T19:55:06.334556,dinner,app,1,false,
ORD-01880,2026-09-12T21:26:04,2026-09-12T21:26:35.976580,2026-09-12T21:32:55.449272,2026-09-12T21:33:40.906464,dinner,app,2,false,
ORD-01881,2026-09-12T19:39:39,2026-09-12T19:41:05.376664,2026-09-12T19:46:33.432859,2026-09-12T19:48:39.596378,dinner,app,2,false,
ORD-01882,2026-09-12T21:06:19,2026-09-12T21:07:21.839072,2026-09-12T21:12:10.630972,2026-09-12T21:13:24.651271,dinner,app,4,false,
ORD-01883,2026-09-12T19:09:18,2026-09-12T19:10:28.131173,2026-09-12T19:21:57.935249,2026-09-12T19:23:39.595175,dinner,counter,1,false,
ORD-01884,2026-09-12T20:01:13,2026-09-12T20:02:50.735992,2026-09-12T20:15:22.167231,2026-09-12T20:17:36.261969,dinner,counter,3,false,
ORD-01885,2026-09-12T21:04:59,2026-09-12T21:05:41.504026,2026-09-12T21:23:49.878682,2026-09-12T21:24:42.420688,dinner,app,3,false,kitchen_rework
ORD-01886,2026-09-12T19:45:51,2026-09-12T19:47:19.585432,2026-09-12T19:54:24.979001,2026-09-12T19:57:13.755319,dinner,counter,2,false,
ORD-01887,2026-09-12T21:06:13,2026-09-12T21:06:54.573676,2026-09-12T21:08:54.573676,2026-09-12T21:10:05.140551,dinner,counter,3,false,
ORD-01888,2026-09-12T20:44:56,2026-09-12T20:46:08.175325,2026-09-12T20:53:19.540385,2026-09-12T20:56:00.988355,dinner,app,1,false,
ORD-01889,2026-09-12T19:57:00,2026-09-12T19:59:14.740000,2026-09-12T20:18:20.221057,2026-09-12T20:20:58.239004,dinner,counter,1,false,kitchen_rework
ORD-01890,2026-09-12T20:46:34,2026-09-12T20:47:42.275443,2026-09-12T20:56:14.053023,2026-09-12T20:58:18.399871,dinner,app,3,false,
ORD-01891,2026-09-12T20:22:48,2026-09-12T20:24:25.935865,2026-09-12T20:34:37.298012,2026-09-12T20:36:30.939100,dinner,app,3,false,
ORD-01892,2026-09-12T20:28:47,2026-09-12T20:30:46.238933,2026-09-12T20:41:51.550431,,dinner,app,4,true,
ORD-01893,2026-09-12T19:50:25,2026-09-12T19:51:52.451842,2026-09-12T20:04:37.523790,2026-09-12T20:07:31.418769,dinner,counter,3,false,
ORD-01894,2026-09-12T19:06:38,2026-09-12T19:07:21.761859,2026-09-12T19:10:53.137702,2026-09-12T19:11:11.137702,dinner,counter,3,false,
ORD-01895,2026-09-12T19:03:20,2026-09-12T19:03:40.352641,2026-09-12T19:15:33.530841,2026-09-12T19:17:17.286737,dinner,counter,4,false,
ORD-01896,2026-09-12T19:12:37,2026-09-12T19:13:31.561278,2026-09-12T19:18:09.727380,,dinner,counter,4,true,
ORD-01897,2026-09-12T19:18:13,2026-09-12T19:18:51.323891,2026-09-12T19:31:38.766692,2026-09-12T19:32:29.655346,dinner,app,4,false,
ORD-01898,2026-09-12T21:19:28,2026-09-12T21:20:58.416458,2026-09-12T21:27:22.730316,2026-09-12T21:28:10.234535,dinner,counter,3,false,
ORD-01899,2026-09-12T21:07:05,2026-09-12T21:07:57.081604,2026-09-12T21:11:34.943603,2026-09-12T21:13:20.640304,dinner,app,3,false,
ORD-01900,2026-09-12T19:13:01,2026-09-12T19:13:17.619221,2026-09-12T19:15:17.619221,2026-09-12T19:16:52.023593,dinner,app,3,false,
ORD-01901,2026-09-12T21:16:59,2026-09-12T21:17:51.657702,2026-09-12T21:23:55.117276,2026-09-12T21:24:53.152275,dinner,counter,3,false,
ORD-01902,2026-09-12T20:01:44,2026-09-12T20:03:16.288613,2026-09-12T20:16:16.085179,2026-09-12T20:19:21.870027,dinner,app,3,false,
ORD-01903,2026-09-12T20:51:23,2026-09-12T20:52:34.785747,2026-09-12T20:56:40.513157,2026-09-12T20:58:17.570049,dinner,counter,4,false,
ORD-01904,2026-09-12T20:35:11,2026-09-12T20:36:11.520642,2026-09-12T20:43:12.390400,2026-09-12T20:45:25.257523,dinner,counter,1,false,
ORD-01905,2026-09-12T19:27:29,2026-09-12T19:28:22.385503,2026-09-12T19:38:41.594950,2026-09-12T19:39:55.875902,dinner,counter,2,false,
ORD-01906,2026-09-12T19:22:39,2026-09-12T19:23:11.708485,2026-09-12T19:31:47.957464,2026-09-12T19:32:24.511400,dinner,counter,1,false,
ORD-01907,2026-09-12T21:10:43,2026-09-12T21:11:56.608389,2026-09-12T21:14:27.757112,2026-09-12T21:15:07.101486,dinner,counter,2,false,
ORD-01908,2026-09-12T21:17:52,2026-09-12T21:18:49.311399,2026-09-12T21:20:49.311399,2026-09-12T21:21:51.840434,dinner,app,2,false,
ORD-01909,2026-09-12T19:30:54,2026-09-12T19:32:33.764655,2026-09-12T19:44:03.080255,2026-09-12T19:46:52.126597,dinner,counter,4,false,
ORD-01910,2026-09-12T21:04:27,2026-09-12T21:05:28.149812,2026-09-12T21:14:49.617642,2026-09-12T21:15:07.617642,dinner,app,2,false,
ORD-01911,2026-09-12T19:02:54,2026-09-12T19:04:03.459987,2026-09-12T19:12:55.911806,2026-09-12T19:15:16.351181,dinner,counter,1,false,
ORD-01912,2026-09-12T19:30:31,2026-09-12T19:31:51.476272,2026-09-12T19:41:07.149632,2026-09-12T19:43:17.852299,dinner,app,4,false,
ORD-01913,2026-09-12T21:14:31,2026-09-12T21:15:35.900997,2026-09-12T21:23:59.498478,2026-09-12T21:26:02.395460,dinner,counter,1,false,
ORD-01914,2026-09-12T19:03:15,2026-09-12T19:03:46.592257,2026-09-12T19:08:20.319090,2026-09-12T19:09:02.637925,dinner,counter,1,false,
ORD-01915,2026-09-12T20:53:54,2026-09-12T20:54:51.573185,2026-09-12T21:00:47.724268,2026-09-12T21:01:10.368155,dinner,app,3,false,
ORD-01916,2026-09-12T20:52:11,2026-09-12T20:53:11.923210,2026-09-12T20:56:27.026347,2026-09-12T20:58:59.705013,dinner,counter,2,false,
ORD-01917,2026-09-12T21:06:47,2026-09-12T21:07:16.729246,2026-09-12T21:12:39.764737,2026-09-12T21:12:57.764737,dinner,counter,4,false,
ORD-01918,2026-09-12T20:34:44,2026-09-12T20:34:59.794472,2026-09-12T20:40:46.723349,2026-09-12T20:41:04.723349,dinner,app,4,false,
ORD-01919,2026-09-12T19:54:22,2026-09-12T19:56:01.024023,2026-09-12T20:04:08.451928,2026-09-12T20:08:25.685636,dinner,counter,1,false,
ORD-01920,2026-09-12T20:51:17,2026-09-12T20:51:52.727560,2026-09-12T21:01:48.557328,2026-09-12T21:04:27.942741,dinner,app,4,false,
ORD-01921,2026-09-12T21:14:51,2026-09-12T21:15:17.449340,2026-09-12T21:24:25.959369,2026-09-12T21:27:06.010100,dinner,counter,1,false,
ORD-01922,2026-09-12T20:30:26,2026-09-12T20:31:42.707188,2026-09-12T20:47:51.249460,2026-09-12T20:50:48.354880,dinner,counter,2,false,
ORD-01923,2026-09-12T19:32:32,2026-09-12T19:34:15.942531,2026-09-12T19:40:58.623226,2026-09-12T19:42:45.042097,dinner,app,2,false,
ORD-01924,2026-09-12T20:18:49,2026-09-12T20:19:31.946028,2026-09-12T20:27:54.837349,2026-09-12T20:30:46.148319,dinner,counter,2,false,
ORD-01925,2026-09-12T21:21:12,2026-09-12T21:21:41.674558,2026-09-12T21:30:11.454143,2026-09-12T21:32:23.102940,dinner,app,1,false,
ORD-01926,2026-09-12T21:27:41,2026-09-12T21:29:32.171055,2026-09-12T21:36:14.410829,2026-09-12T21:37:31.701067,dinner,counter,2,false,
ORD-01927,2026-09-12T19:39:34,2026-09-12T19:40:49.019118,2026-09-12T19:53:15.727970,2026-09-12T19:53:37.463892,dinner,counter,4,false,
ORD-01928,2026-09-12T19:45:17,2026-09-12T19:46:32.919390,2026-09-12T19:55:26.510116,2026-09-12T19:56:11.358922,dinner,counter,4,false,
ORD-01929,2026-09-12T19:00:13,2026-09-12T19:01:38.796432,2026-09-12T19:12:42.131761,2026-09-12T19:13:00.131761,dinner,app,4,false,
ORD-01930,2026-09-12T21:27:54,2026-09-12T21:28:25.977046,2026-09-12T21:38:07.452476,2026-09-12T21:38:25.452476,dinner,app,2,false,
ORD-01931,2026-09-12T21:15:29,2026-09-12T21:16:38.411993,2026-09-12T21:23:41.168192,2026-09-12T21:25:47.728941,dinner,counter,1,false,
ORD-01932,2026-09-12T19:17:40,2026-09-12T19:18:46.114659,2026-09-12T19:26:51.939011,2026-09-12T19:28:37.047164,dinner,app,3,false,
ORD-01933,2026-09-12T19:04:52,2026-09-12T19:05:55.878834,2026-09-12T19:15:12.382327,2026-09-12T19:15:31.904507,dinner,counter,3,false,
ORD-01934,2026-09-12T19:16:51,2026-09-12T19:18:05.913017,2026-09-12T19:23:07.665598,2026-09-12T19:24:24.071685,dinner,app,3,false,
ORD-01935,2026-09-12T20:27:59,2026-09-12T20:29:02.734874,2026-09-12T20:38:40.781881,2026-09-12T20:40:46.303075,dinner,app,2,false,
ORD-01936,2026-09-12T20:03:58,2026-09-12T20:05:30.358831,2026-09-12T20:13:11.066407,2026-09-12T20:16:16.982737,dinner,counter,4,false,
ORD-01937,2026-09-12T19:38:39,2026-09-12T19:39:26.345786,2026-09-12T19:45:48.881435,2026-09-12T19:46:46.216352,dinner,app,4,false,
ORD-01938,2026-09-12T19:55:30,2026-09-12T19:57:21.524994,2026-09-12T20:06:18.967445,2026-09-12T20:09:13.297144,dinner,app,3,false,
ORD-01939,2026-09-12T19:40:17,2026-09-12T19:41:43.291966,2026-09-12T19:57:14.446312,2026-09-12T19:59:37.751601,dinner,counter,2,false,
ORD-01940,2026-09-12T19:47:24,2026-09-12T19:48:37.376454,2026-09-12T19:59:17.167564,2026-09-12T20:02:00.685192,dinner,app,1,false,
ORD-01941,2026-09-12T19:15:12,2026-09-12T19:15:47.403285,2026-09-12T19:24:54.232634,,dinner,counter,1,true,
ORD-01942,2026-09-12T19:26:15,2026-09-12T19:26:33.322727,2026-09-12T19:35:32.336981,,dinner,app,3,true,
ORD-01943,2026-09-12T21:22:24,2026-09-12T21:23:06.488346,2026-09-12T21:25:06.488346,2026-09-12T21:25:38.592921,dinner,app,4,false,
ORD-01944,2026-09-12T20:37:57,2026-09-12T20:38:40.401271,2026-09-12T20:46:32.299488,2026-09-12T20:49:27.698852,dinner,app,3,false,
ORD-01945,2026-09-12T20:27:26,2026-09-12T20:28:59.242423,2026-09-12T20:38:54.794638,2026-09-12T20:41:19.088094,dinner,app,3,false,
ORD-01946,2026-09-12T20:29:05,2026-09-12T20:30:59.058768,2026-09-12T20:39:50.558952,2026-09-12T20:42:01.455593,dinner,app,4,false,
ORD-01947,2026-09-12T20:36:32,2026-09-12T20:38:02.394894,2026-09-12T20:42:58.195415,2026-09-12T20:44:13.747729,dinner,counter,2,false,
ORD-01948,2026-09-12T21:06:35,2026-09-12T21:07:45.672596,2026-09-12T21:19:31.596121,2026-09-12T21:19:49.596121,dinner,app,4,false,
ORD-01949,2026-09-12T19:03:22,2026-09-12T19:03:34,2026-09-12T19:10:35.218580,2026-09-12T19:11:48.674786,dinner,app,2,false,
ORD-01950,2026-09-12T19:48:37,2026-09-12T19:50:07.422042,2026-09-12T19:55:46.098263,2026-09-12T19:58:39.803241,dinner,counter,1,false,
ORD-01951,2026-09-13T08:59:18,2026-09-13T09:00:51.258269,2026-09-13T09:10:23.761330,2026-09-13T09:12:21.549869,breakfast,app,3,false,
ORD-01952,2026-09-13T09:22:50,2026-09-13T09:23:44.506722,2026-09-13T09:36:13.797854,2026-09-13T09:39:24.023208,breakfast,app,3,false,
ORD-01953,2026-09-13T09:46:06,2026-09-13T09:47:26.678257,2026-09-13T09:53:42.327864,2026-09-13T09:54:00.327864,breakfast,app,4,false,
ORD-01954,2026-09-13T09:47:31,2026-09-13T09:48:27.899800,2026-09-13T09:51:36.317342,2026-09-13T09:52:28.224823,breakfast,app,1,false,
ORD-01955,2026-09-13T09:18:27,2026-09-13T09:19:22.804513,2026-09-13T09:30:23.941041,2026-09-13T09:32:23.830276,breakfast,counter,1,false,
ORD-01956,2026-09-13T09:54:54,2026-09-13T09:55:39.917166,2026-09-13T10:05:47.610764,2026-09-13T10:06:05.610764,breakfast,app,4,false,
ORD-01957,2026-09-13T09:04:48,2026-09-13T09:06:08.976107,2026-09-13T09:19:21.591814,2026-09-13T09:22:10.950443,breakfast,app,4,false,
ORD-01958,2026-09-13T08:48:50,2026-09-13T08:50:45.597881,2026-09-13T09:02:31.973523,2026-09-13T09:05:35.601378,breakfast,counter,1,false,
ORD-01959,2026-09-13T08:33:56,2026-09-13T08:34:44.854522,2026-09-13T08:45:21.468010,2026-09-13T08:46:32.644866,breakfast,app,1,false,
ORD-01960,2026-09-13T09:45:28,2026-09-13T09:46:05.499478,2026-09-13T09:56:11.846945,2026-09-13T09:56:43.829593,breakfast,app,4,false,
ORD-01961,2026-09-13T09:12:37,2026-09-13T09:14:16.293676,2026-09-13T09:25:23.536626,2026-09-13T09:29:12.611129,breakfast,counter,4,false,
ORD-01962,2026-09-13T08:41:09,2026-09-13T08:42:25.616964,2026-09-13T08:52:46.472883,,breakfast,app,2,true,
ORD-01963,2026-09-13T09:56:22,2026-09-13T09:57:15.538234,2026-09-13T10:02:28.263659,2026-09-13T10:03:25.976635,breakfast,app,4,false,
ORD-01964,2026-09-13T08:16:08,2026-09-13T08:17:20.390524,2026-09-13T08:26:43.771814,2026-09-13T08:27:47.253638,breakfast,app,3,false,
ORD-01965,2026-09-13T09:41:23,2026-09-13T09:41:57.208334,2026-09-13T09:51:31.340632,2026-09-13T09:52:37.283682,breakfast,counter,3,false,
ORD-01966,2026-09-13T08:50:20,2026-09-13T08:52:08.859755,2026-09-13T09:01:19.115571,2026-09-13T09:03:00.382811,breakfast,counter,3,false,payment
ORD-01967,2026-09-13T08:14:54,2026-09-13T08:16:04.093068,2026-09-13T08:23:15.676814,2026-09-13T08:25:05.670354,breakfast,counter,2,false,
ORD-01968,2026-09-13T08:35:15,2026-09-13T08:37:15.635218,2026-09-13T08:46:30.636419,2026-09-13T08:48:28.207085,breakfast,app,2,false,
ORD-01969,2026-09-13T08:37:16,2026-09-13T08:38:48.273178,2026-09-13T08:47:05.411223,2026-09-13T08:48:50.846615,breakfast,app,2,false,
ORD-01970,2026-09-13T08:32:36,2026-09-13T08:34:18.368288,2026-09-13T08:40:51.463986,,breakfast,app,4,true,
ORD-01971,2026-09-13T08:48:36,2026-09-13T08:49:43.058391,2026-09-13T09:02:08.520803,,breakfast,app,1,true,
ORD-01972,2026-09-13T08:43:55,2026-09-13T08:46:07.102634,2026-09-13T08:57:24.750669,2026-09-13T08:58:47.538461,breakfast,app,3,false,
ORD-01973,2026-09-13T08:42:48,2026-09-13T08:43:47.104683,2026-09-13T08:53:28.774375,2026-09-13T08:55:19.197315,breakfast,counter,1,false,
ORD-01974,2026-09-13T08:47:17,2026-09-13T08:48:57.509201,2026-09-13T08:57:55.659324,2026-09-13T08:59:24.044837,breakfast,counter,4,false,
ORD-01975,2026-09-13T09:35:24,2026-09-13T09:35:36,2026-09-13T09:46:23.585419,2026-09-13T09:47:25.240167,breakfast,app,2,false,
ORD-01976,2026-09-13T08:00:56,2026-09-13T08:01:31.034826,2026-09-13T08:13:37.864511,2026-09-13T08:16:00.590294,breakfast,counter,4,false,
ORD-01977,2026-09-13T08:54:30,2026-09-13T08:55:42.341223,2026-09-13T09:09:55.236413,2026-09-13T09:12:17.568626,breakfast,counter,3,false,
ORD-01978,2026-09-13T08:37:13,2026-09-13T08:38:49.251028,2026-09-13T08:45:23.459959,2026-09-13T08:48:14.142175,breakfast,app,1,false,
ORD-01979,2026-09-13T09:22:21,2026-09-13T09:23:37.997956,2026-09-13T09:32:59.381727,2026-09-13T09:37:02.227032,breakfast,counter,1,false,
ORD-01980,2026-09-13T08:09:41,2026-09-13T08:10:27.083965,2026-09-13T08:15:45.185575,2026-09-13T08:16:41.225430,breakfast,counter,1,false,
ORD-01981,2026-09-13T09:18:06,2026-09-13T09:19:44.413862,2026-09-13T09:31:10.963709,2026-09-13T09:33:53.967792,breakfast,counter,1,false,
ORD-01982,2026-09-13T08:51:40,2026-09-13T08:53:27.558487,2026-09-13T09:02:16.328390,2026-09-13T09:03:10.826161,breakfast,app,1,false,
ORD-01983,2026-09-13T08:13:11,2026-09-13T08:14:22.433282,2026-09-13T08:20:31.946459,2026-09-13T08:21:34.927990,breakfast,counter,2,false,
ORD-01984,2026-09-13T08:35:05,2026-09-13T08:35:45.487721,2026-09-13T08:48:10.898092,2026-09-13T08:49:41.751105,breakfast,counter,4,false,
ORD-01985,2026-09-13T08:30:54,2026-09-13T08:32:13.774482,2026-09-13T08:39:37.613345,2026-09-13T08:40:53.814291,breakfast,counter,2,false,
ORD-01986,2026-09-13T09:44:20,2026-09-13T09:45:10.508558,2026-09-13T09:53:35.720639,2026-09-13T09:54:46.983148,breakfast,app,4,false,
ORD-01987,2026-09-13T09:16:01,2026-09-13T09:17:28.056554,2026-09-13T09:27:20.357638,2026-09-13T09:28:16.035398,breakfast,app,2,false,
ORD-01988,2026-09-13T08:54:16,2026-09-13T08:55:27.372166,2026-09-13T09:01:44.826539,2026-09-13T09:03:17.553258,breakfast,counter,3,false,
ORD-01989,2026-09-13T09:04:04,2026-09-13T09:05:28.982504,2026-09-13T09:17:37.476911,2026-09-13T09:21:21.914422,breakfast,counter,4,false,
ORD-01990,2026-09-13T08:47:55,2026-09-13T08:49:10.431803,2026-09-13T08:57:14.547045,2026-09-13T08:59:13.560108,breakfast,app,4,false,
ORD-01991,2026-09-13T08:26:41,2026-09-13T08:27:49.655689,2026-09-13T08:34:16.619095,2026-09-13T08:35:54.615184,breakfast,app,3,false,payment
ORD-01992,2026-09-13T08:03:56,2026-09-13T08:05:19.812210,2026-09-13T08:11:25.984800,2026-09-13T08:13:04.279628,breakfast,counter,3,false,
ORD-01993,2026-09-13T08:34:19,2026-09-13T08:35:34.616357,2026-09-13T08:42:30.301754,2026-09-13T08:45:41.243636,breakfast,counter,1,false,
ORD-01994,2026-09-13T09:45:13,2026-09-13T09:45:55.559640,2026-09-13T09:55:32.516851,2026-09-13T09:55:50.516851,breakfast,app,1,false,
ORD-01995,2026-09-13T08:20:28,2026-09-13T08:21:22.725624,2026-09-13T08:27:58.791067,2026-09-13T08:28:59.598714,breakfast,app,1,false,
ORD-01996,2026-09-13T08:43:23,2026-09-13T08:44:52.326150,2026-09-13T08:55:18.554782,2026-09-13T08:57:15.307327,breakfast,app,3,false,
ORD-01997,2026-09-13T08:55:22,2026-09-13T08:56:10.813446,2026-09-13T09:06:54.444062,2026-09-13T09:09:14.927261,breakfast,app,1,false,
ORD-01998,2026-09-13T09:08:22,2026-09-13T09:09:39.964834,2026-09-13T09:20:13.982356,2026-09-13T09:22:05.881849,breakfast,app,1,false,stockout
ORD-01999,2026-09-13T09:42:14,2026-09-13T09:43:26.934015,2026-09-13T09:49:22.737307,2026-09-13T09:50:38.414939,breakfast,counter,4,false,
ORD-02000,2026-09-13T09:09:27,2026-09-13T09:10:51.190553,2026-09-13T09:28:03.745661,2026-09-13T09:30:38.088142,breakfast,counter,3,false,
ORD-02001,2026-09-13T09:10:03,2026-09-13T09:11:06.147918,2026-09-13T09:27:09.596058,2026-09-13T09:27:58.910900,breakfast,app,4,false,kitchen_rework
ORD-02002,2026-09-13T08:33:29,2026-09-13T08:35:06.269935,2026-09-13T08:48:22.206780,2026-09-13T08:49:58.080622,breakfast,counter,4,false,
ORD-02003,2026-09-13T09:33:56,2026-09-13T09:34:50.796574,2026-09-13T09:41:17.130140,2026-09-13T09:42:38.475972,breakfast,app,1,false,
ORD-02004,2026-09-13T08:20:24,2026-09-13T08:21:49.161067,2026-09-13T08:24:36.850449,2026-09-13T08:24:54.850449,breakfast,app,2,false,
ORD-02005,2026-09-13T08:05:15,2026-09-13T08:06:08.148475,2026-09-13T08:10:15.198135,2026-09-13T08:12:02.971061,breakfast,counter,3,false,
ORD-02006,2026-09-13T08:25:41,2026-09-13T08:26:57.638699,2026-09-13T08:32:07.854651,2026-09-13T08:34:35.582451,breakfast,counter,3,false,
ORD-02007,2026-09-13T08:43:59,2026-09-13T08:45:22.222090,2026-09-13T08:54:57.964077,2026-09-13T08:57:17.375262,breakfast,counter,3,false,
ORD-02008,2026-09-13T08:24:40,2026-09-13T08:25:33.507973,2026-09-13T08:36:11.045725,2026-09-13T08:38:13.685821,breakfast,app,1,false,
ORD-02009,2026-09-13T09:10:57,2026-09-13T09:12:09.172402,2026-09-13T09:22:44.418713,2026-09-13T09:25:29.786324,breakfast,app,1,false,
ORD-02010,2026-09-13T09:41:45,2026-09-13T09:43:11.364003,2026-09-13T09:56:11.424530,2026-09-13T09:57:27.321866,breakfast,counter,3,false,
ORD-02011,2026-09-13T08:21:43,2026-09-13T08:22:37.796217,2026-09-13T08:32:01.500943,2026-09-13T08:33:49.768095,breakfast,counter,1,false,
ORD-02012,2026-09-13T08:06:11,2026-09-13T08:06:40.165054,2026-09-13T08:13:00.257372,2026-09-13T08:15:10.984881,breakfast,counter,3,false,
ORD-02013,2026-09-13T09:58:17,2026-09-13T09:59:03.643383,2026-09-13T10:05:28.221579,2026-09-13T10:05:58.870597,breakfast,counter,4,false,
ORD-02014,2026-09-13T09:49:06,2026-09-13T09:49:22.435910,2026-09-13T09:56:04.880982,2026-09-13T09:56:22.880982,breakfast,app,3,false,
ORD-02015,2026-09-13T08:39:16,2026-09-13T08:40:51.321140,2026-09-13T08:50:32.467855,2026-09-13T08:53:05.799348,breakfast,counter,3,false,
ORD-02016,2026-09-13T08:13:56,2026-09-13T08:14:48.525393,2026-09-13T08:25:52.885062,2026-09-13T08:27:54.859794,breakfast,app,3,false,
ORD-02017,2026-09-13T08:02:52,2026-09-13T08:04:40.621593,2026-09-13T08:14:34.115477,2026-09-13T08:14:52.115477,breakfast,app,3,false,
ORD-02018,2026-09-13T09:55:29,2026-09-13T09:56:24.983469,2026-09-13T09:58:24.983469,2026-09-13T10:00:24.386980,breakfast,counter,4,false,
ORD-02019,2026-09-13T08:23:18,2026-09-13T08:24:29.004245,2026-09-13T08:30:08.846017,2026-09-13T08:31:31.369022,breakfast,app,4,false,
ORD-02020,2026-09-13T09:44:12,2026-09-13T09:44:24,2026-09-13T09:52:30.328776,2026-09-13T09:54:02.942198,breakfast,counter,1,false,payment
ORD-02021,2026-09-13T09:32:30,2026-09-13T09:33:44.810336,2026-09-13T09:45:44.910868,2026-09-13T09:47:25.182264,breakfast,app,4,false,
ORD-02022,2026-09-13T08:10:06,2026-09-13T08:10:30.571998,2026-09-13T08:15:38.939009,2026-09-13T08:17:14.210150,breakfast,app,2,false,
ORD-02023,2026-09-13T09:22:02,2026-09-13T09:23:56.705889,2026-09-13T09:35:41.937315,2026-09-13T09:38:31.816873,breakfast,app,3,false,
ORD-02024,2026-09-13T08:14:53,2026-09-13T08:15:41.022172,2026-09-13T08:22:27.257045,2026-09-13T08:24:18.228540,breakfast,counter,4,false,
ORD-02025,2026-09-13T09:12:05,2026-09-13T09:13:48.172519,2026-09-13T09:23:49.612125,2026-09-13T09:25:46.752099,breakfast,app,2,false,
ORD-02026,2026-09-13T08:59:12,2026-09-13T09:00:09.692317,2026-09-13T09:09:16.614984,2026-09-13T09:11:00.887081,breakfast,counter,3,false,
ORD-02027,2026-09-13T09:36:59,2026-09-13T09:38:13.666762,2026-09-13T09:47:51.583407,2026-09-13T09:48:54.371120,breakfast,app,1,false,
ORD-02028,2026-09-13T09:47:15,2026-09-13T09:48:04.491975,2026-09-13T09:54:06.593738,2026-09-13T09:56:02.893059,breakfast,counter,1,false,
ORD-02029,2026-09-13T09:01:58,2026-09-13T09:03:33.739465,2026-09-13T09:09:05.610990,2026-09-13T09:11:51.060807,breakfast,counter,2,false,stockout
ORD-02030,2026-09-13T08:00:18,2026-09-13T08:01:42.725060,2026-09-13T08:05:34.754256,2026-09-13T08:05:52.754256,breakfast,app,3,false,
ORD-02031,2026-09-13T08:31:57,2026-09-13T08:32:35.526821,2026-09-13T08:46:12.148391,2026-09-13T08:48:46.673552,breakfast,app,2,false,
ORD-02032,2026-09-13T09:07:22,2026-09-13T09:08:44.280414,2026-09-13T09:18:21.607767,2026-09-13T09:20:28.664497,breakfast,counter,1,false,
ORD-02033,2026-09-13T08:22:36,2026-09-13T08:23:26.301170,2026-09-13T08:31:04.695337,2026-09-13T08:33:09.002219,breakfast,app,4,false,
ORD-02034,2026-09-13T09:36:29,2026-09-13T09:38:22.258365,2026-09-13T09:44:46.620442,2026-09-13T09:46:01.897145,breakfast,app,2,false,
ORD-02035,2026-09-13T08:02:21,2026-09-13T08:03:01.857945,2026-09-13T08:09:29.773671,2026-09-13T08:12:06.208323,breakfast,counter,2,false,
ORD-02036,2026-09-13T12:57:34,2026-09-13T12:58:36.378040,2026-09-13T13:11:33.285768,2026-09-13T13:13:24.554135,lunch,counter,2,false,
ORD-02037,2026-09-13T13:45:58,2026-09-13T13:46:33.067443,2026-09-13T13:53:51.841128,2026-09-13T13:55:01.388207,lunch,app,3,false,
ORD-02038,2026-09-13T12:31:59,2026-09-13T12:33:37.227775,2026-09-13T12:39:10.320729,2026-09-13T12:40:51.376916,lunch,app,2,false,
ORD-02039,2026-09-13T12:02:15,2026-09-13T12:02:51.872189,2026-09-13T12:13:05.380799,2026-09-13T12:14:14.754995,lunch,counter,4,false,
ORD-02040,2026-09-13T14:24:29,2026-09-13T14:25:09.763890,2026-09-13T14:31:31.256955,2026-09-13T14:34:43.174959,lunch,app,3,false,
ORD-02041,2026-09-13T13:14:46,2026-09-13T13:15:36.371369,2026-09-13T13:23:28.991614,2026-09-13T13:25:39.826125,lunch,counter,4,false,
ORD-02042,2026-09-13T13:35:30,2026-09-13T13:36:19.126623,2026-09-13T13:38:23.096818,,lunch,counter,3,true,
ORD-02043,2026-09-13T12:19:20,2026-09-13T12:20:18.352023,2026-09-13T12:26:59.606190,2026-09-13T12:27:47.095433,lunch,app,3,false,
ORD-02044,2026-09-13T13:29:44,2026-09-13T13:30:50.919734,2026-09-13T13:41:37.586718,2026-09-13T13:44:28.554927,lunch,app,3,false,
ORD-02045,2026-09-13T14:17:38,2026-09-13T14:18:33.917466,2026-09-13T14:23:29.064133,2026-09-13T14:24:20.324318,lunch,app,2,false,
ORD-02046,2026-09-13T14:04:54,2026-09-13T14:05:36.668651,2026-09-13T14:10:48.294203,2026-09-13T14:11:20.787402,lunch,app,4,false,stockout
ORD-02047,2026-09-13T13:32:17,2026-09-13T13:33:17.833097,2026-09-13T13:44:46.635543,2026-09-13T13:45:43.364518,lunch,counter,3,false,
ORD-02048,2026-09-13T13:07:24,2026-09-13T13:08:19.237364,2026-09-13T13:15:47.305610,,lunch,app,4,true,
ORD-02049,2026-09-13T12:11:27,2026-09-13T12:13:01.911493,2026-09-13T12:19:17.359270,2026-09-13T12:20:51.870265,lunch,app,3,false,
ORD-02050,2026-09-13T13:27:50,2026-09-13T13:29:04.293629,2026-09-13T13:41:26.828445,2026-09-13T13:43:16.566576,lunch,counter,3,false,
ORD-02051,2026-09-13T13:19:11,2026-09-13T13:20:47.547912,2026-09-13T13:34:03.221584,2026-09-13T13:38:28.358243,lunch,counter,1,false,
ORD-02052,2026-09-13T13:08:41,2026-09-13T13:10:12.443978,2026-09-13T13:21:48.532430,,lunch,counter,4,true,
ORD-02053,2026-09-13T12:58:43,2026-09-13T12:59:35.093354,2026-09-13T13:12:55.472419,,lunch,app,3,true,
ORD-02054,2026-09-13T13:17:11,2026-09-13T13:18:13.285997,2026-09-13T13:27:56.512630,2026-09-13T13:30:01.515018,lunch,app,3,false,
ORD-02055,2026-09-13T12:24:20,2026-09-13T12:25:27.466800,2026-09-13T12:31:37.419042,2026-09-13T12:31:55.419042,lunch,counter,3,false,
ORD-02056,2026-09-13T12:06:22,2026-09-13T12:07:33.659799,2026-09-13T12:17:16.205743,2026-09-13T12:17:34.205743,lunch,app,1,false,
ORD-02057,2026-09-13T12:37:40,2026-09-13T12:39:25.500154,2026-09-13T12:51:53.742564,2026-09-13T12:53:38.509996,lunch,counter,2,false,
ORD-02058,2026-09-13T12:37:24,2026-09-13T12:39:05.315069,2026-09-13T12:51:33.173788,2026-09-13T12:55:55.338474,lunch,app,1,false,
ORD-02059,2026-09-13T12:57:21,2026-09-13T12:58:11.163787,2026-09-13T13:03:14.052990,2026-09-13T13:06:25.035009,lunch,counter,3,false,
ORD-02060,2026-09-13T12:32:17,2026-09-13T12:33:38.447307,2026-09-13T12:45:30.746090,2026-09-13T12:48:24.607533,lunch,counter,2,false,
ORD-02061,2026-09-13T13:17:08,2026-09-13T13:18:12.222313,2026-09-13T13:33:22.009063,2026-09-13T13:34:40.242302,lunch,counter,3,false,
ORD-02062,2026-09-13T14:00:11,2026-09-13T14:01:30.130239,2026-09-13T14:03:30.130239,2026-09-13T14:06:05.183630,lunch,app,3,false,
ORD-02063,2026-09-13T14:12:19,2026-09-13T14:12:32.130410,2026-09-13T14:20:24.188042,2026-09-13T14:21:24.518291,lunch,app,2,false,
ORD-02064,2026-09-13T13:02:54,2026-09-13T13:04:19.405674,2026-09-13T13:12:00.408089,2026-09-13T13:13:50.680650,lunch,app,1,false,
ORD-02065,2026-09-13T13:02:09,2026-09-13T13:03:58.562115,2026-09-13T13:20:59.494174,2026-09-13T13:22:46.698069,lunch,counter,2,false,
ORD-02066,2026-09-13T13:49:05,2026-09-13T13:50:16.569106,2026-09-13T14:00:21.422700,2026-09-13T14:00:54.348658,lunch,app,2,false,
ORD-02067,2026-09-13T13:38:36,2026-09-13T13:39:34.609341,2026-09-13T13:43:44.560191,2026-09-13T13:46:19.227318,lunch,counter,1,false,
ORD-02068,2026-09-13T12:39:03,2026-09-13T12:40:50.579196,2026-09-13T12:44:12.603712,2026-09-13T12:45:24.416628,lunch,counter,3,false,
ORD-02069,2026-09-13T14:19:01,2026-09-13T14:20:23.330293,2026-09-13T14:24:46.599978,2026-09-13T14:26:31.011625,lunch,counter,2,false,
ORD-02070,2026-09-13T14:09:15,2026-09-13T14:09:27,2026-09-13T14:18:36.890484,2026-09-13T14:19:12.585704,lunch,app,3,false,payment
ORD-02071,2026-09-13T13:43:00,2026-09-13T13:44:11.196703,2026-09-13T13:52:48.261093,2026-09-13T13:53:37.376902,lunch,app,1,false,
ORD-02072,2026-09-13T13:24:57,2026-09-13T13:25:48.278340,2026-09-13T13:36:37.939365,2026-09-13T13:38:11.938504,lunch,app,2,false,
ORD-02073,2026-09-13T13:20:24,2026-09-13T13:21:27.669845,2026-09-13T13:27:50.789388,2026-09-13T13:30:10.910789,lunch,app,3,false,
ORD-02074,2026-09-13T14:18:04,2026-09-13T14:19:04.340287,2026-09-13T14:23:20.863612,2026-09-13T14:24:04.488246,lunch,counter,3,false,
ORD-02075,2026-09-13T12:20:03,2026-09-13T12:21:00.116988,2026-09-13T12:31:08.196694,2026-09-13T12:32:01.624535,lunch,app,3,false,
ORD-02076,2026-09-13T13:43:31,2026-09-13T13:44:00.711589,2026-09-13T13:52:10.814785,2026-09-13T13:53:11.884865,lunch,app,1,false,
ORD-02077,2026-09-13T13:59:18,2026-09-13T14:00:06.901841,2026-09-13T14:05:48.913227,2026-09-13T14:06:29.760288,lunch,counter,3,false,
ORD-02078,2026-09-13T13:36:58,2026-09-13T13:38:03.532532,2026-09-13T13:42:09.486221,2026-09-13T13:44:01.929491,lunch,app,1,false,
ORD-02079,2026-09-13T12:26:07,2026-09-13T12:27:27.019403,2026-09-13T12:37:24.523849,2026-09-13T12:37:42.523849,lunch,app,4,false,
ORD-02080,2026-09-13T12:54:19,2026-09-13T12:55:22.464099,2026-09-13T13:03:54.790407,2026-09-13T13:05:54.923788,lunch,app,2,false,
ORD-02081,2026-09-13T12:23:17,2026-09-13T12:23:29,2026-09-13T12:33:20.062039,2026-09-13T12:34:34.346946,lunch,counter,2,false,
ORD-02082,2026-09-13T13:42:45,2026-09-13T13:43:50.528667,2026-09-13T13:52:42.173854,2026-09-13T13:54:45.006297,lunch,app,1,false,
ORD-02083,2026-09-13T14:13:09,2026-09-13T14:14:14.832305,2026-09-13T14:23:44.487180,2026-09-13T14:24:02.487180,lunch,app,3,false,
ORD-02084,2026-09-13T13:56:47,2026-09-13T13:57:38.831538,2026-09-13T14:04:20.801950,2026-09-13T14:06:27.186997,lunch,app,4,false,
ORD-02085,2026-09-13T13:27:55,2026-09-13T13:29:01.450371,2026-09-13T13:35:49.082495,2026-09-13T13:38:57.708683,lunch,app,2,false,
ORD-02086,2026-09-13T12:51:06,2026-09-13T12:52:02.799132,2026-09-13T13:02:25.603472,2026-09-13T13:04:09.697438,lunch,app,2,false,
ORD-02087,2026-09-13T13:38:20,2026-09-13T13:38:34.097115,2026-09-13T13:52:45.952163,2026-09-13T13:54:18.573537,lunch,app,2,false,
ORD-02088,2026-09-13T13:49:12,2026-09-13T13:50:01.838518,2026-09-13T13:58:08.784435,2026-09-13T13:59:10.110432,lunch,app,4,false,
ORD-02089,2026-09-13T12:46:52,2026-09-13T12:48:22.193037,2026-09-13T13:01:53.288341,2026-09-13T13:04:23.453214,lunch,counter,2,false,
ORD-02090,2026-09-13T13:09:03,2026-09-13T13:10:11.648268,2026-09-13T13:22:05.092555,2026-09-13T13:22:37.993208,lunch,app,3,false,
ORD-02091,2026-09-13T12:30:54,2026-09-13T12:32:26.898526,2026-09-13T12:41:34.821280,,lunch,counter,3,true,
ORD-02092,2026-09-13T12:10:32,2026-09-13T12:10:58.824142,2026-09-13T12:19:32.495483,2026-09-13T12:21:28.788721,lunch,counter,4,false,
ORD-02093,2026-09-13T12:06:03,2026-09-13T12:06:46.779569,2026-09-13T12:11:23.213813,2026-09-13T12:12:58.240469,lunch,app,4,false,
ORD-02094,2026-09-13T12:16:31,2026-09-13T12:17:01.011200,2026-09-13T12:19:01.011200,2026-09-13T12:21:44.156064,lunch,counter,4,false,
ORD-02095,2026-09-13T13:33:20,2026-09-13T13:34:00.726831,2026-09-13T13:42:01.904601,2026-09-13T13:44:12.550509,lunch,app,3,false,
ORD-02096,2026-09-13T14:10:04,2026-09-13T14:10:48.113697,2026-09-13T14:17:59.596067,2026-09-13T14:19:57.532798,lunch,counter,1,false,
ORD-02097,2026-09-13T14:12:53,2026-09-13T14:13:55.962205,2026-09-13T14:20:51.758027,2026-09-13T14:21:09.758027,lunch,app,1,false,
ORD-02098,2026-09-13T13:00:17,2026-09-13T13:00:55.729148,2026-09-13T13:09:40.918775,2026-09-13T13:12:52.853843,lunch,counter,3,false,
ORD-02099,2026-09-13T12:17:07,2026-09-13T12:17:57.445426,2026-09-13T12:27:48.994507,2026-09-13T12:29:48.485379,lunch,counter,1,false,
ORD-02100,2026-09-13T12:26:48,2026-09-13T12:27:34.952357,2026-09-13T12:34:19.939790,2026-09-13T12:36:35.886365,lunch,app,3,false,
ORD-02101,2026-09-13T14:25:59,2026-09-13T14:27:11.929143,2026-09-13T14:34:58.206059,2026-09-13T14:36:46.775893,lunch,app,3,false,
ORD-02102,2026-09-13T14:03:15,2026-09-13T14:03:52.837655,2026-09-13T14:16:07.529336,2026-09-13T14:17:14.155812,lunch,counter,3,false,kitchen_rework
ORD-02103,2026-09-13T13:28:53,2026-09-13T13:30:06.417755,2026-09-13T13:40:43.571785,2026-09-13T13:43:40.799927,lunch,counter,3,false,
ORD-02104,2026-09-13T13:27:29,2026-09-13T13:28:32.352822,2026-09-13T13:37:14.383503,2026-09-13T13:40:55.390276,lunch,app,4,false,
ORD-02105,2026-09-13T13:33:55,2026-09-13T13:34:49.832058,2026-09-13T13:46:00.866763,2026-09-13T13:47:31.229855,lunch,app,1,false,
ORD-02106,2026-09-13T12:22:05,2026-09-13T12:22:59.096805,2026-09-13T12:30:53.041508,2026-09-13T12:33:45.953027,lunch,counter,2,false,
ORD-02107,2026-09-13T14:13:33,2026-09-13T14:13:56.197681,2026-09-13T14:17:37.535491,2026-09-13T14:17:56.221083,lunch,counter,1,false,
ORD-02108,2026-09-13T13:33:10,2026-09-13T13:33:53.244009,2026-09-13T13:39:16.362483,2026-09-13T13:40:04.637596,lunch,app,1,false,
ORD-02109,2026-09-13T12:48:04,2026-09-13T12:49:56.026078,2026-09-13T13:01:07.606763,2026-09-13T13:03:07.540548,lunch,counter,4,false,
ORD-02110,2026-09-13T12:52:45,2026-09-13T12:54:51.144517,2026-09-13T13:04:05.818907,2026-09-13T13:06:51.483067,lunch,app,1,false,
ORD-02111,2026-09-13T14:13:56,2026-09-13T14:14:57.785616,2026-09-13T14:23:11.518364,2026-09-13T14:23:29.518364,lunch,counter,4,false,
ORD-02112,2026-09-13T14:09:35,2026-09-13T14:09:59.954455,2026-09-13T14:19:18.058670,2026-09-13T14:19:36.058670,lunch,app,3,false,
ORD-02113,2026-09-13T13:51:09,2026-09-13T13:52:13.481625,2026-09-13T13:57:29.415610,2026-09-13T13:58:39.015830,lunch,counter,2,false,
ORD-02114,2026-09-13T12:41:01,2026-09-13T12:42:44.671715,2026-09-13T12:51:28.154935,2026-09-13T12:52:26.200633,lunch,counter,2,false,stockout
ORD-02115,2026-09-13T14:11:26,2026-09-13T14:12:20.419935,2026-09-13T14:24:31.210530,2026-09-13T14:26:21.976344,lunch,counter,2,false,
ORD-02116,2026-09-13T14:25:17,2026-09-13T14:25:45.614723,2026-09-13T14:33:24.541219,2026-09-13T14:35:12.125385,lunch,counter,1,false,
ORD-02117,2026-09-13T12:30:26,2026-09-13T12:31:14.961522,2026-09-13T12:37:55.147935,2026-09-13T12:39:46.386659,lunch,app,1,false,
ORD-02118,2026-09-13T13:49:03,2026-09-13T13:49:51.362918,2026-09-13T14:00:12.376286,2026-09-13T14:02:05.906149,lunch,app,4,false,
ORD-02119,2026-09-13T14:16:12,2026-09-13T14:17:08.869921,2026-09-13T14:24:40.675406,2026-09-13T14:26:06.800661,lunch,counter,1,false,
ORD-02120,2026-09-13T12:55:58,2026-09-13T12:57:02.580926,2026-09-13T13:07:45.348008,2026-09-13T13:10:19.548874,lunch,counter,4,false,
ORD-02121,2026-09-13T13:06:03,2026-09-13T13:06:48.958426,2026-09-13T13:15:30.371250,2026-09-13T13:17:35.322185,lunch,counter,1,false,
ORD-02122,2026-09-13T13:36:45,2026-09-13T13:37:54.644572,2026-09-13T13:42:04.381723,2026-09-13T13:43:47.883480,lunch,app,3,false,
ORD-02123,2026-09-13T12:47:10,2026-09-13T12:48:44.426341,2026-09-13T12:56:09.663642,2026-09-13T12:59:48.318181,lunch,app,3,false,
ORD-02124,2026-09-13T14:28:26,2026-09-13T14:29:04.821004,2026-09-13T14:39:26.978416,2026-09-13T14:42:21.464138,lunch,counter,1,false,kitchen_rework
ORD-02125,2026-09-13T14:22:35,2026-09-13T14:22:47,2026-09-13T14:27:25.684675,2026-09-13T14:29:56.368958,lunch,app,2,false,
ORD-02126,2026-09-13T13:37:09,2026-09-13T13:38:25.856714,2026-09-13T13:45:21.708567,2026-09-13T13:45:59.248834,lunch,counter,4,false,
ORD-02127,2026-09-13T14:18:31,2026-09-13T14:18:43,2026-09-13T14:25:18.285022,2026-09-13T14:26:20.474176,lunch,counter,2,false,
ORD-02128,2026-09-13T13:07:30,2026-09-13T13:08:48.412281,2026-09-13T13:18:21.597016,2026-09-13T13:20:28.236133,lunch,counter,3,false,
ORD-02129,2026-09-13T12:34:44,2026-09-13T12:35:59.845069,2026-09-13T12:42:30.410742,2026-09-13T12:44:58.990618,lunch,counter,3,false,
ORD-02130,2026-09-13T13:35:41,2026-09-13T13:36:59.718463,2026-09-13T13:47:18.568251,2026-09-13T13:47:40.949439,lunch,counter,3,false,
ORD-02131,2026-09-13T13:09:38,2026-09-13T13:10:56.614513,2026-09-13T13:22:20.527812,2026-09-13T13:24:26.425207,lunch,counter,4,false,
ORD-02132,2026-09-13T12:50:02,2026-09-13T12:51:28.307470,2026-09-13T13:00:19.974296,2026-09-13T13:02:47.601836,lunch,counter,4,false,
ORD-02133,2026-09-13T13:29:29,2026-09-13T13:30:01.407630,2026-09-13T13:38:05.780423,2026-09-13T13:40:49.485659,lunch,app,2,false,
ORD-02134,2026-09-13T12:14:56,2026-09-13T12:16:37.553912,2026-09-13T12:21:24.229744,2026-09-13T12:21:58.354599,lunch,counter,2,false,
ORD-02135,2026-09-13T13:26:33,2026-09-13T13:27:38.893143,2026-09-13T13:39:03.516211,2026-09-13T13:42:04.336675,lunch,app,3,false,
ORD-02136,2026-09-13T12:45:27,2026-09-13T12:46:13.821873,2026-09-13T12:53:01.368133,2026-09-13T12:55:31.734023,lunch,app,3,false,
ORD-02137,2026-09-13T14:18:21,2026-09-13T14:18:50.212024,2026-09-13T14:31:56.221488,2026-09-13T14:32:40.383155,lunch,app,1,false,
ORD-02138,2026-09-13T14:05:56,2026-09-13T14:06:08,2026-09-13T14:13:13.957132,2026-09-13T14:14:13.606554,lunch,counter,4,false,
ORD-02139,2026-09-13T12:24:17,2026-09-13T12:25:19.267433,2026-09-13T12:29:34.665070,2026-09-13T12:32:05.192994,lunch,counter,4,false,
ORD-02140,2026-09-13T13:08:58,2026-09-13T13:10:16.963472,2026-09-13T13:21:41.518894,2026-09-13T13:23:20.991864,lunch,app,1,false,
ORD-02141,2026-09-13T13:24:35,2026-09-13T13:25:39.100606,2026-09-13T13:45:23.873213,2026-09-13T13:47:43.463281,lunch,app,4,false,kitchen_rework
ORD-02142,2026-09-13T13:35:30,2026-09-13T13:36:41.266344,2026-09-13T13:41:57.028112,2026-09-13T13:43:38.704486,lunch,app,2,false,
ORD-02143,2026-09-13T12:31:47,2026-09-13T12:33:20.360159,2026-09-13T12:43:31.197664,2026-09-13T12:46:00.752477,lunch,counter,3,false,
ORD-02144,2026-09-13T12:04:08,2026-09-13T12:04:52.771537,2026-09-13T12:10:08.594531,2026-09-13T12:11:17.017159,lunch,app,3,false,
ORD-02145,2026-09-13T13:14:52,2026-09-13T13:16:23.654241,2026-09-13T13:33:01.488590,2026-09-13T13:36:38.797982,lunch,app,2,false,
ORD-02146,2026-09-13T13:05:51,2026-09-13T13:07:17.461373,2026-09-13T13:16:40.357394,2026-09-13T13:18:51.202159,lunch,app,3,false,
ORD-02147,2026-09-13T13:25:04,2026-09-13T13:26:31.374336,2026-09-13T13:44:01.127260,2026-09-13T13:46:04.228073,lunch,app,4,false,
ORD-02148,2026-09-13T14:14:22,2026-09-13T14:14:55.649933,2026-09-13T14:17:56.725963,2026-09-13T14:19:05.647806,lunch,app,2,false,
ORD-02149,2026-09-13T13:06:47,2026-09-13T13:07:31.882020,2026-09-13T13:16:14.935759,2026-09-13T13:18:41.585535,lunch,counter,1,false,
ORD-02150,2026-09-13T12:23:53,2026-09-13T12:24:33.645068,2026-09-13T12:34:50.835913,2026-09-13T12:35:08.835913,lunch,counter,3,false,
ORD-02151,2026-09-13T14:06:28,2026-09-13T14:07:14.784380,2026-09-13T14:12:10.932988,2026-09-13T14:13:38.831306,lunch,app,1,false,
ORD-02152,2026-09-13T13:05:13,2026-09-13T13:07:10.556391,2026-09-13T13:18:11.272233,2026-09-13T13:20:58.501655,lunch,counter,3,false,
ORD-02153,2026-09-13T12:48:52,2026-09-13T12:49:45.875956,2026-09-13T12:58:04.856244,2026-09-13T12:59:08.917651,lunch,counter,1,false,
ORD-02154,2026-09-13T12:10:22,2026-09-13T12:11:33.919570,2026-09-13T12:19:28.884038,2026-09-13T12:20:20.330657,lunch,counter,4,false,
ORD-02155,2026-09-13T12:41:39,2026-09-13T12:42:31.772213,2026-09-13T12:53:19.389443,2026-09-13T12:54:48.623225,lunch,app,4,false,
ORD-02156,2026-09-13T13:06:00,2026-09-13T13:07:15.661326,2026-09-13T13:18:46.362632,,lunch,app,1,true,
ORD-02157,2026-09-13T12:29:05,2026-09-13T12:30:33.375194,2026-09-13T12:35:28.203249,2026-09-13T12:36:23.381272,lunch,app,3,false,
ORD-02158,2026-09-13T13:23:57,2026-09-13T13:25:15.297035,2026-09-13T13:32:40.411238,,lunch,counter,1,true,
ORD-02159,2026-09-13T13:50:16,2026-09-13T13:50:51.530201,2026-09-13T13:53:45.283954,,lunch,counter,3,true,
ORD-02160,2026-09-13T12:24:32,2026-09-13T12:25:32.492799,2026-09-13T12:34:16.960030,2026-09-13T12:35:01.635371,lunch,app,4,false,
ORD-02161,2026-09-13T21:14:54,2026-09-13T21:15:55.281940,2026-09-13T21:18:13.281940,2026-09-13T21:19:21.837518,dinner,app,1,false,
ORD-02162,2026-09-13T19:25:07,2026-09-13T19:26:03.238737,2026-09-13T19:34:36.122939,2026-09-13T19:35:49.478652,dinner,app,1,false,
ORD-02163,2026-09-13T19:48:00,2026-09-13T19:49:53.469220,2026-09-13T19:59:10.888097,2026-09-13T20:01:18.076366,dinner,app,2,false,
ORD-02164,2026-09-13T21:20:25,2026-09-13T21:21:09.698818,2026-09-13T21:35:29.519116,2026-09-13T21:37:12.614328,dinner,app,1,false,
ORD-02165,2026-09-13T21:22:14,2026-09-13T21:23:07.100751,2026-09-13T21:33:53.975072,2026-09-13T21:35:41.617261,dinner,counter,3,false,
ORD-02166,2026-09-13T20:27:38,2026-09-13T20:28:47.720879,2026-09-13T20:40:19.722326,2026-09-13T20:41:29.471702,dinner,app,1,false,
ORD-02167,2026-09-13T19:50:46,2026-09-13T19:52:20.181480,2026-09-13T19:59:01.568988,2026-09-13T20:01:10.901745,dinner,counter,4,false,
ORD-02168,2026-09-13T19:40:44,2026-09-13T19:42:18.555948,2026-09-13T19:56:49.634294,2026-09-13T19:58:25.486499,dinner,app,4,false,
ORD-02169,2026-09-13T19:29:26,2026-09-13T19:30:45.376742,2026-09-13T19:38:15.991037,2026-09-13T19:39:02.426700,dinner,counter,1,false,
ORD-02170,2026-09-13T20:52:18,2026-09-13T20:53:23.793490,2026-09-13T20:58:57.712049,2026-09-13T21:00:20.063852,dinner,app,1,false,
ORD-02171,2026-09-13T21:21:02,2026-09-13T21:22:00.976229,2026-09-13T21:27:08.566152,2026-09-13T21:28:42.011830,dinner,counter,2,false,
ORD-02172,2026-09-13T20:18:09,2026-09-13T20:19:22.346888,2026-09-13T20:29:52.842876,2026-09-13T20:30:57.231607,dinner,counter,2,false,
ORD-02173,2026-09-13T20:45:18,2026-09-13T20:46:00.432350,2026-09-13T20:51:55.861418,2026-09-13T20:52:36.250794,dinner,counter,3,false,
ORD-02174,2026-09-13T19:30:01,2026-09-13T19:31:23.391562,2026-09-13T19:45:21.052248,2026-09-13T19:47:14.946495,dinner,counter,1,false,
ORD-02175,2026-09-13T20:39:43,2026-09-13T20:40:08.581683,2026-09-13T20:47:50.198566,2026-09-13T20:50:01.047750,dinner,app,2,false,
ORD-02176,2026-09-13T19:19:35,2026-09-13T19:20:56.091236,2026-09-13T19:25:44.479425,2026-09-13T19:27:00.946625,dinner,counter,3,false,
ORD-02177,2026-09-13T19:06:29,2026-09-13T19:07:17.038688,2026-09-13T19:14:52.816936,2026-09-13T19:15:43.233063,dinner,counter,2,false,
ORD-02178,2026-09-13T20:20:20,2026-09-13T20:21:17.073417,2026-09-13T20:28:28.714089,2026-09-13T20:30:29.931688,dinner,counter,4,false,
ORD-02179,2026-09-13T20:42:44,2026-09-13T20:42:56,2026-09-13T20:53:42.403196,2026-09-13T20:54:52.177088,dinner,app,1,false,
ORD-02180,2026-09-13T21:08:50,2026-09-13T21:09:17.916622,2026-09-13T21:11:57.068893,2026-09-13T21:13:53.153185,dinner,counter,3,false,
ORD-02181,2026-09-13T21:04:49,2026-09-13T21:05:39.104026,2026-09-13T21:13:00.988028,2026-09-13T21:14:16.270695,dinner,app,4,false,
ORD-02182,2026-09-13T21:13:54,2026-09-13T21:15:03.762480,2026-09-13T21:19:51.016739,2026-09-13T21:22:35.952314,dinner,app,1,false,
ORD-02183,2026-09-13T20:04:47,2026-09-13T20:06:21.960847,2026-09-13T20:21:11.711174,2026-09-13T20:23:38.160414,dinner,counter,4,false,
ORD-02184,2026-09-13T19:53:22,2026-09-13T19:54:53.092567,2026-09-13T20:14:26.670540,2026-09-13T20:16:13.188828,dinner,app,4,false,
ORD-02185,2026-09-13T19:12:41,2026-09-13T19:14:16.684299,2026-09-13T19:24:18.914010,2026-09-13T19:25:41.361106,dinner,app,2,false,
ORD-02186,2026-09-13T19:57:42,2026-09-13T19:58:57.088798,2026-09-13T20:07:03.216244,2026-09-13T20:10:26.180201,dinner,app,2,false,
ORD-02187,2026-09-13T20:14:15,2026-09-13T20:15:54.940190,2026-09-13T20:26:57.205234,2026-09-13T20:30:30.741438,dinner,counter,1,false,
ORD-02188,2026-09-13T19:55:21,2026-09-13T19:57:20.082861,2026-09-13T20:06:21.883223,2026-09-13T20:10:26.467354,dinner,counter,2,false,
ORD-02189,2026-09-13T21:29:33,2026-09-13T21:30:38.852199,2026-09-13T21:41:46.003571,2026-09-13T21:43:39.036369,dinner,app,2,false,
ORD-02190,2026-09-13T20:55:56,2026-09-13T20:56:35.202046,2026-09-13T21:02:20.030912,2026-09-13T21:03:12.003934,dinner,app,1,false,
ORD-02191,2026-09-13T20:49:06,2026-09-13T20:49:22.598674,2026-09-13T20:51:43.885090,2026-09-13T20:53:04.742394,dinner,app,4,false,
ORD-02192,2026-09-13T21:12:41,2026-09-13T21:14:21.106757,2026-09-13T21:24:32.573491,2026-09-13T21:24:58.671598,dinner,counter,1,false,
ORD-02193,2026-09-13T20:37:41,2026-09-13T20:39:14.293123,2026-09-13T20:44:25.242028,2026-09-13T20:45:22.183773,dinner,counter,4,false,
ORD-02194,2026-09-13T20:27:13,2026-09-13T20:28:02.543130,2026-09-13T20:36:25.755459,2026-09-13T20:38:33.740371,dinner,counter,3,false,
ORD-02195,2026-09-13T20:24:48,2026-09-13T20:26:32.569498,2026-09-13T20:41:13.597738,2026-09-13T20:42:26.948812,dinner,counter,1,false,
ORD-02196,2026-09-13T20:45:24,2026-09-13T20:45:36,2026-09-13T20:53:50.394500,2026-09-13T20:55:09.590879,dinner,app,4,false,
ORD-02197,2026-09-13T19:22:14,2026-09-13T19:22:45.918328,2026-09-13T19:35:18.471982,2026-09-13T19:36:39.539417,dinner,app,3,false,
ORD-02198,2026-09-13T19:08:43,2026-09-13T19:09:19.283943,2026-09-13T19:13:19.340746,2026-09-13T19:14:55.788808,dinner,counter,4,false,
ORD-02199,2026-09-13T20:17:26,2026-09-13T20:18:44.063796,2026-09-13T20:41:01.339266,,dinner,counter,2,true,kitchen_rework
ORD-02200,2026-09-13T20:56:47,2026-09-13T20:57:55.396005,2026-09-13T21:06:53.351550,2026-09-13T21:07:40.780173,dinner,counter,1,false,
ORD-02201,2026-09-13T21:11:46,2026-09-13T21:12:27.768542,2026-09-13T21:14:45.768542,2026-09-13T21:15:31.176264,dinner,app,2,false,
ORD-02202,2026-09-13T19:09:40,2026-09-13T19:10:17.471300,2026-09-13T19:17:19.495184,2026-09-13T19:19:09.401455,dinner,counter,4,false,
ORD-02203,2026-09-13T20:01:59,2026-09-13T20:02:48.896280,2026-09-13T20:12:52.787011,2026-09-13T20:14:28.725750,dinner,counter,2,false,
ORD-02204,2026-09-13T20:17:45,2026-09-13T20:19:28.799389,2026-09-13T20:30:49.465961,2026-09-13T20:32:50.846542,dinner,app,1,false,
ORD-02205,2026-09-13T20:43:19,2026-09-13T20:44:14.262223,2026-09-13T21:03:18.091830,2026-09-13T21:04:42.774504,dinner,counter,2,false,
ORD-02206,2026-09-13T19:18:23,2026-09-13T19:19:37.269970,2026-09-13T19:25:57.672452,2026-09-13T19:27:56.658681,dinner,app,1,false,
ORD-02207,2026-09-13T21:17:44,2026-09-13T21:18:38.916326,2026-09-13T21:24:02.464256,2026-09-13T21:26:19.068194,dinner,app,1,false,
ORD-02208,2026-09-13T20:07:50,2026-09-13T20:09:11.545183,2026-09-13T20:16:43.630940,2026-09-13T20:20:28.856804,dinner,app,4,false,
ORD-02209,2026-09-13T19:23:18,2026-09-13T19:23:45.642662,2026-09-13T19:37:42.250500,,dinner,app,4,true,
ORD-02210,2026-09-13T20:10:27,2026-09-13T20:11:31.242482,2026-09-13T20:26:27.326341,2026-09-13T20:29:19.949371,dinner,app,4,false,
ORD-02211,2026-09-13T21:05:33,2026-09-13T21:05:45,2026-09-13T21:08:20.522952,2026-09-13T21:10:49.819677,dinner,app,3,false,
ORD-02212,2026-09-13T19:53:17,2026-09-13T19:54:45.251850,2026-09-13T20:01:53.400151,2026-09-13T20:03:55.851066,dinner,counter,1,false,
ORD-02213,2026-09-13T19:13:08,2026-09-13T19:13:21.191307,2026-09-13T19:15:39.191307,2026-09-13T19:16:40.184890,dinner,counter,3,false,
ORD-02214,2026-09-13T19:35:02,2026-09-13T19:36:35.321737,2026-09-13T19:50:22.613245,2026-09-13T19:53:35.497473,dinner,app,1,false,
ORD-02215,2026-09-13T19:46:34,2026-09-13T19:48:20.288381,2026-09-13T20:00:40.304650,2026-09-13T20:02:38.626833,dinner,app,2,false,stockout
ORD-02216,2026-09-13T19:01:20,2026-09-13T19:02:34.970654,2026-09-13T19:11:34.539699,2026-09-13T19:12:22.666594,dinner,app,3,false,
ORD-02217,2026-09-13T19:16:26,2026-09-13T19:17:20.226324,2026-09-13T19:22:47.755004,2026-09-13T19:24:00.185999,dinner,app,1,false,
ORD-02218,2026-09-13T20:55:46,2026-09-13T20:56:35.636298,2026-09-13T21:00:59.415278,2026-09-13T21:01:46.143299,dinner,counter,2,false,
ORD-02219,2026-09-13T19:02:16,2026-09-13T19:03:08.921452,2026-09-13T19:10:38.657105,2026-09-13T19:12:00.801869,dinner,app,4,false,
ORD-02220,2026-09-13T19:04:47,2026-09-13T19:05:51.998141,2026-09-13T19:16:13.369353,,dinner,app,1,true,
ORD-02221,2026-09-13T21:26:16,2026-09-13T21:27:51.437520,2026-09-13T21:38:24.397476,2026-09-13T21:40:00.919367,dinner,counter,2,false,
ORD-02222,2026-09-13T20:11:47,2026-09-13T20:13:00.979966,2026-09-13T20:24:54.531094,2026-09-13T20:26:57.080363,dinner,app,3,false,
ORD-02223,2026-09-13T20:35:11,2026-09-13T20:35:23,2026-09-13T20:39:55.398573,2026-09-13T20:40:13.398573,dinner,counter,4,false,
ORD-02224,2026-09-13T20:53:38,2026-09-13T20:55:05.252562,2026-09-13T20:59:23.305874,,dinner,counter,4,true,
ORD-02225,2026-09-13T20:12:52,2026-09-13T20:14:21.876319,2026-09-13T20:30:27.673126,2026-09-13T20:32:26.811327,dinner,counter,4,false,
ORD-02226,2026-09-13T19:16:15,2026-09-13T19:17:11.482323,2026-09-13T19:21:54.806949,2026-09-13T19:22:41.247839,dinner,app,3,false,
ORD-02227,2026-09-13T19:07:42,2026-09-13T19:08:33.263145,2026-09-13T19:10:51.263145,2026-09-13T19:11:09.263145,dinner,app,1,false,
ORD-02228,2026-09-13T21:15:09,2026-09-13T21:15:45.629861,2026-09-13T21:19:14.570992,2026-09-13T21:21:13.612560,dinner,counter,4,false,
ORD-02229,2026-09-13T21:24:51,2026-09-13T21:25:45.222615,2026-09-13T21:33:42.611736,2026-09-13T21:34:59.942849,dinner,counter,3,false,
ORD-02230,2026-09-13T19:42:55,2026-09-13T19:44:04.773027,2026-09-13T19:53:48.817780,2026-09-13T19:55:59.963541,dinner,counter,1,false,
ORD-02231,2026-09-13T20:37:35,2026-09-13T20:37:55.578360,2026-09-13T20:58:23.075159,2026-09-13T21:00:04.683234,dinner,app,1,false,kitchen_rework
ORD-02232,2026-09-13T20:44:17,2026-09-13T20:44:37.502592,2026-09-13T20:51:57.939149,2026-09-13T20:52:33.015388,dinner,counter,4,false,
ORD-02233,2026-09-13T21:12:09,2026-09-13T21:13:01.929760,2026-09-13T21:20:57.356694,2026-09-13T21:23:12.236501,dinner,app,3,false,
ORD-02234,2026-09-13T21:24:27,2026-09-13T21:25:02.893492,2026-09-13T21:27:20.893492,2026-09-13T21:28:51.484600,dinner,app,3,false,
ORD-02235,2026-09-13T19:19:31,2026-09-13T19:21:04.643659,2026-09-13T19:28:45.684646,2026-09-13T19:29:09.345181,dinner,app,4,false,
ORD-02236,2026-09-13T20:58:10,2026-09-13T20:59:19.145252,2026-09-13T21:14:00.930028,2026-09-13T21:14:57.006838,dinner,counter,1,false,
ORD-02237,2026-09-13T20:07:42,2026-09-13T20:09:03.343916,2026-09-13T20:21:36.355612,2026-09-13T20:24:29.786251,dinner,app,3,false,
ORD-02238,2026-09-13T19:00:08,2026-09-13T19:00:40.547086,2026-09-13T19:09:27.874873,2026-09-13T19:11:14.704061,dinner,app,3,false,
ORD-02239,2026-09-13T20:04:20,2026-09-13T20:06:00.823795,2026-09-13T20:15:40.238761,2026-09-13T20:16:54.823586,dinner,app,2,false,
ORD-02240,2026-09-13T21:12:36,2026-09-13T21:13:40.961734,2026-09-13T21:15:58.961734,2026-09-13T21:19:07.274197,dinner,counter,1,false,payment
ORD-02241,2026-09-13T20:23:43,2026-09-13T20:25:19.292878,2026-09-13T20:35:13.661790,2026-09-13T20:37:07.912517,dinner,counter,4,false,
ORD-02242,2026-09-13T21:00:19,2026-09-13T21:01:02.415600,2026-09-13T21:04:35.761270,2026-09-13T21:07:58.475781,dinner,counter,4,false,
ORD-02243,2026-09-13T21:03:42,2026-09-13T21:04:09.650886,2026-09-13T21:09:11.665614,2026-09-13T21:09:29.665614,dinner,app,3,false,
ORD-02244,2026-09-13T20:58:12,2026-09-13T20:59:55.429164,2026-09-13T21:11:16.825031,2026-09-13T21:12:16.659609,dinner,app,3,false,
ORD-02245,2026-09-13T19:10:48,2026-09-13T19:12:18.927085,2026-09-13T19:23:53.178296,2026-09-13T19:24:11.178296,dinner,counter,3,false,payment
ORD-02246,2026-09-13T19:32:13,2026-09-13T19:33:47.329977,2026-09-13T19:42:07.601155,2026-09-13T19:46:01.563451,dinner,counter,3,false,
ORD-02247,2026-09-13T20:54:55,2026-09-13T20:55:44.981073,2026-09-13T21:04:46.784166,2026-09-13T21:05:31.116452,dinner,counter,3,false,stockout
ORD-02248,2026-09-13T19:36:44,2026-09-13T19:37:57.940412,2026-09-13T19:50:54.042205,2026-09-13T19:54:22.534468,dinner,counter,4,false,
ORD-02249,2026-09-13T20:51:31,2026-09-13T20:52:02.688674,2026-09-13T20:55:39.356747,2026-09-13T20:55:57.356747,dinner,app,1,false,
ORD-02250,2026-09-13T21:18:55,2026-09-13T21:19:21.934048,2026-09-13T21:35:51.053301,2026-09-13T21:36:09.053301,dinner,counter,1,false,
ORD-02251,2026-09-13T21:21:19,2026-09-13T21:21:46.065713,2026-09-13T21:32:53.298210,2026-09-13T21:34:04.808586,dinner,app,4,false,
ORD-02252,2026-09-13T20:22:13,2026-09-13T20:23:38.038697,2026-09-13T20:30:43.482381,2026-09-13T20:31:46.247071,dinner,counter,2,false,
ORD-02253,2026-09-13T21:03:40,2026-09-13T21:05:19.615577,2026-09-13T21:14:09.012439,2026-09-13T21:15:18.772626,dinner,counter,3,false,
ORD-02254,2026-09-13T19:18:15,2026-09-13T19:18:51.558633,2026-09-13T19:26:52.371725,2026-09-13T19:29:29.993430,dinner,app,4,false,
ORD-02255,2026-09-13T20:24:31,2026-09-13T20:26:07.958704,2026-09-13T20:37:05.093294,2026-09-13T20:37:54.612756,dinner,app,4,false,
ORD-02256,2026-09-13T19:46:55,2026-09-13T19:47:47.799113,2026-09-13T19:56:50.284930,2026-09-13T20:00:47.733074,dinner,app,2,false,
ORD-02257,2026-09-13T19:07:30,2026-09-13T19:07:53.358058,2026-09-13T19:15:36.142354,2026-09-13T19:17:22.180918,dinner,counter,2,false,
ORD-02258,2026-09-13T20:22:20,2026-09-13T20:23:14.815890,2026-09-13T20:35:07.394351,,dinner,counter,2,true,
ORD-02259,2026-09-13T19:03:07,2026-09-13T19:04:07.427769,2026-09-13T19:12:04.447351,2026-09-13T19:12:46.236616,dinner,app,2,false,stockout
ORD-02260,2026-09-13T20:54:57,2026-09-13T20:55:17.609396,2026-09-13T21:02:21.846191,2026-09-13T21:04:05.018917,dinner,app,4,false,
ORD-02261,2026-09-13T20:36:34,2026-09-13T20:36:53.324750,2026-09-13T20:40:56.089403,2026-09-13T20:42:45.228704,dinner,counter,4,false,
ORD-02262,2026-09-13T21:15:16,2026-09-13T21:16:40.158962,2026-09-13T21:24:13.290017,2026-09-13T21:25:50.719289,dinner,counter,3,false,
ORD-02263,2026-09-13T20:00:03,2026-09-13T20:01:21.621971,2026-09-13T20:10:08.984025,2026-09-13T20:12:47.957563,dinner,app,4,false,
ORD-02264,2026-09-13T20:30:58,2026-09-13T20:32:14.120734,2026-09-13T20:41:40.517361,2026-09-13T20:43:47.513480,dinner,app,3,false,
ORD-02265,2026-09-13T20:21:44,2026-09-13T20:22:54.377182,2026-09-13T20:31:03.057107,2026-09-13T20:33:50.487276,dinner,counter,4,false,
ORD-02266,2026-09-13T19:01:46,2026-09-13T19:02:29.196410,2026-09-13T19:14:28.324312,2026-09-13T19:15:31.047717,dinner,counter,2,false,
ORD-02267,2026-09-13T19:23:58,2026-09-13T19:24:47.811244,2026-09-13T19:32:09.701379,2026-09-13T19:33:53.503726,dinner,app,1,false,
ORD-02268,2026-09-13T21:26:08,2026-09-13T21:27:13.072685,2026-09-13T21:34:11.520912,2026-09-13T21:34:41.928493,dinner,counter,2,false,
ORD-02269,2026-09-13T20:43:10,2026-09-13T20:43:38.911039,2026-09-13T20:53:36.388660,2026-09-13T20:55:08.216423,dinner,counter,2,false,
ORD-02270,2026-09-13T19:00:38,2026-09-13T19:01:29.844388,2026-09-13T19:10:43.392848,2026-09-13T19:12:22.537537,dinner,counter,4,false,
ORD-02271,2026-09-13T19:31:55,2026-09-13T19:33:47.766879,2026-09-13T19:44:38.961169,2026-09-13T19:47:49.860799,dinner,app,3,false,
ORD-02272,2026-09-13T19:45:52,2026-09-13T19:47:22.105777,2026-09-13T19:49:40.105777,2026-09-13T19:52:00.989454,dinner,app,4,false,
ORD-02273,2026-09-13T20:34:21,2026-09-13T20:35:21.713497,2026-09-13T20:45:31.715797,2026-09-13T20:47:28.221068,dinner,app,4,false,
ORD-02274,2026-09-13T21:00:50,2026-09-13T21:02:17.214243,2026-09-13T21:08:00.366336,2026-09-13T21:09:37.213725,dinner,app,4,false,
ORD-02275,2026-09-13T20:25:44,2026-09-13T20:26:38.254271,2026-09-13T20:43:07.365538,2026-09-13T20:46:43.478864,dinner,counter,2,false,
ORD-00001,2026-09-07T09:48:17,2026-09-07T09:48:54.684407,2026-09-07T09:55:13.479391,2026-09-07T09:57:24.033276,breakfast,counter,4,false,
BAD-MISSING,,,,,breakfast,app,4,false,
BAD-NO-HANDOVER,2026-09-07T09:40:20,2026-09-07T09:40:51.470172,2026-09-07T09:54:20.732690,,breakfast,app,4,false,
BAD-SEQUENCE,2026-09-07T09:40:20,2026-09-07T09:40:51.470172,2026-09-07T09:40:20,2026-09-07T09:56:06.421305,breakfast,app,4,false,
BAD-SHIFT,2026-09-07T09:40:20,2026-09-07T09:40:51.470172,2026-09-07T09:54:20.732690,2026-09-07T09:56:06.421305,brunch,app,4,false,
BAD-SHIFT-WINDOW,2026-09-07T09:40:20,2026-09-07T09:40:51.470172,2026-09-07T09:54:20.732690,2026-09-07T09:56:06.421305,dinner,app,4,false,
BAD-FLAG,2026-09-07T09:40:20,2026-09-07T09:40:51.470172,2026-09-07T09:54:20.732690,2026-09-07T09:56:06.421305,breakfast,app,4,yes,
BAD-TIMESTAMP,2026-09-07T09:40:20,07/09/2026 09:41,2026-09-07T09:54:20.732690,2026-09-07T09:56:06.421305,breakfast,app,4,false,
